gc_id,timestamp,pause_type,heap_before,heap_after,heap_total,pause_ms,user_time,sys_time,real_time
0,2025-07-30T10:23:18Z,Young,136,112,494,153.812,0.07,0.08,0.15
1,2025-07-30T10:23:20Z,Young,248,246,494,257.779,0.12,0.13,0.25
2,2025-07-30T10:23:21Z,Full,352,4,494,31.754,0.03,0.0,0.03
3,2025-07-30T10:23:21Z,Young,140,140,494,69.16,0.06,0.01,0.06
4,2025-07-30T10:23:22Z,Young,277,277,494,105.072,0.08,0.02,0.11
5,2025-07-30T10:23:22Z,Full,353,4,494,26.491,0.03,0.0,0.03
6,2025-07-30T10:23:22Z,Young,140,140,494,56.032,0.06,0.0,0.06
7,2025-07-30T10:23:22Z,Young,277,277,494,80.924,0.08,0.0,0.08
8,2025-07-30T10:23:23Z,Full,353,4,494,17.145,0.02,0.0,0.02
9,2025-07-30T10:23:23Z,Young,140,140,494,26.728,0.03,0.0,0.02
10,2025-07-30T10:23:23Z,Young,277,277,494,33.994,0.03,0.0,0.03
11,2025-07-30T10:23:24Z,Full,353,4,494,36.947,0.04,0.0,0.04
12,2025-07-30T10:23:24Z,Young,140,140,494,23.119,0.03,0.0,0.03
13,2025-07-30T10:23:24Z,Young,277,277,494,77.029,0.08,0.0,0.08
14,2025-07-30T10:23:25Z,Full,353,4,494,12.862,0.01,0.0,0.01
15,2025-07-30T10:23:25Z,Young,140,140,494,62.803,0.06,0.0,0.07
16,2025-07-30T10:23:25Z,Young,277,277,494,25.047,0.02,0.0,0.02
17,2025-07-30T10:23:25Z,Full,353,4,494,35.376,0.02,0.0,0.03
18,2025-07-30T10:23:26Z,Young,140,140,494,44.167,0.05,0.0,0.04
19,2025-07-30T10:23:26Z,Young,277,277,494,35.173,0.03,0.0,0.04
20,2025-07-30T10:23:26Z,Full,353,4,494,13.144,0.02,0.0,0.01
21,2025-07-30T10:23:27Z,Young,140,140,494,66.928,0.06,0.0,0.07
22,2025-07-30T10:23:27Z,Young,277,277,494,28.106,0.03,0.0,0.02
23,2025-07-30T10:23:27Z,Full,353,4,494,11.834,0.01,0.0,0.02
24,2025-07-30T10:23:28Z,Young,140,140,494,68.075,0.06,0.0,0.07
25,2025-07-30T10:23:28Z,Young,277,277,494,23.848,0.02,0.0,0.02
26,2025-07-30T10:23:28Z,Full,353,4,494,14.633,0.02,0.0,0.01
27,2025-07-30T10:23:28Z,Young,140,140,494,77.009,0.07,0.0,0.08
28,2025-07-30T10:23:29Z,Young,277,277,494,66.361,0.07,0.0,0.07
29,2025-07-30T10:23:29Z,Full,353,4,494,30.785,0.03,0.0,0.03
30,2025-07-30T10:23:29Z,Young,140,140,494,68.701,0.06,0.01,0.07
31,2025-07-30T10:23:30Z,Young,277,277,494,34.906,0.04,0.0,0.03
32,2025-07-30T10:23:30Z,Full,353,4,494,12.686,0.02,0.0,0.01
33,2025-07-30T10:23:30Z,Young,140,140,494,23.314,0.02,0.0,0.02
34,2025-07-30T10:23:31Z,Young,277,277,494,77.175,0.08,0.01,0.07
35,2025-07-30T10:23:31Z,Full,353,4,494,11.738,0.01,0.0,0.01
36,2025-07-30T10:23:31Z,Young,140,140,494,54.101,0.05,0.0,0.06
37,2025-07-30T10:23:32Z,Young,277,277,494,71.19,0.07,0.0,0.07
38,2025-07-30T10:23:32Z,Full,353,4,494,29.8,0.03,0.01,0.03
39,2025-07-30T10:23:32Z,Young,140,140,494,29.435,0.03,0.0,0.03
40,2025-07-30T10:23:33Z,Young,277,277,494,83.205,0.07,0.01,0.09
41,2025-07-30T10:23:33Z,Full,353,4,494,31.086,0.03,0.01,0.03
42,2025-07-30T10:23:33Z,Young,140,140,494,30.572,0.03,0.0,0.03
43,2025-07-30T10:23:34Z,Young,277,277,494,42.821,0.04,0.0,0.04
44,2025-07-30T10:23:34Z,Full,353,4,494,34.67,0.03,0.0,0.03
45,2025-07-30T10:23:34Z,Young,140,140,494,27.457,0.03,0.0,0.02
46,2025-07-30T10:23:34Z,Young,277,277,494,46.241,0.05,0.0,0.05
47,2025-07-30T10:23:35Z,Full,353,4,494,23.263,0.03,0.0,0.02
48,2025-07-30T10:23:35Z,Young,140,140,494,52.901,0.06,0.0,0.06
49,2025-07-30T10:23:35Z,Young,277,277,494,73.45,0.07,0.0,0.07
50,2025-07-30T10:23:36Z,Full,353,4,494,36.723,0.04,0.0,0.04
51,2025-07-30T10:23:36Z,Young,140,140,494,36.45,0.04,0.0,0.04
52,2025-07-30T10:23:36Z,Young,277,277,494,72.124,0.07,0.0,0.07
53,2025-07-30T10:23:37Z,Full,353,4,494,35.048,0.04,0.0,0.03
54,2025-07-30T10:23:37Z,Young,140,140,494,71.869,0.07,0.0,0.07
55,2025-07-30T10:23:37Z,Young,277,277,494,73.54,0.07,0.0,0.07
56,2025-07-30T10:23:38Z,Full,353,4,494,29.846,0.03,0.0,0.03
57,2025-07-30T10:23:38Z,Young,140,140,494,57.338,0.05,0.0,0.06
58,2025-07-30T10:23:38Z,Young,277,277,494,33.541,0.03,0.0,0.03
59,2025-07-30T10:23:38Z,Full,353,4,494,37.549,0.04,0.0,0.03
60,2025-07-30T10:23:39Z,Young,140,140,494,66.345,0.06,0.01,0.07
61,2025-07-30T10:23:39Z,Young,277,277,494,68.797,0.07,0.0,0.07
62,2025-07-30T10:23:39Z,Full,353,4,494,30.858,0.03,0.0,0.03
63,2025-07-30T10:23:40Z,Young,140,140,494,62.566,0.06,0.0,0.06
64,2025-07-30T10:23:40Z,Young,277,277,494,70.981,0.07,0.0,0.07
65,2025-07-30T10:23:40Z,Full,353,4,494,30.967,0.03,0.0,0.03
66,2025-07-30T10:23:41Z,Young,140,140,494,64.727,0.06,0.0,0.06
67,2025-07-30T10:23:41Z,Young,277,277,494,27.544,0.03,0.0,0.03
68,2025-07-30T10:23:41Z,Full,353,4,494,29.675,0.03,0.0,0.03
69,2025-07-30T10:23:42Z,Young,140,140,494,28.963,0.03,0.0,0.03
70,2025-07-30T10:23:42Z,Young,277,277,494,34.64,0.03,0.0,0.04
71,2025-07-30T10:23:42Z,Full,353,4,494,28.675,0.03,0.0,0.03
72,2025-07-30T10:23:43Z,Young,140,140,494,63.375,0.05,0.0,0.06
73,2025-07-30T10:23:43Z,Young,277,277,494,48.421,0.04,0.0,0.05
74,2025-07-30T10:23:43Z,Full,353,4,494,30.017,0.03,0.0,0.03
75,2025-07-30T10:23:44Z,Young,140,140,494,58.505,0.06,0.01,0.05
76,2025-07-30T10:23:44Z,Young,277,277,494,68.011,0.07,0.01,0.06
77,2025-07-30T10:23:44Z,Full,353,4,494,28.555,0.03,0.0,0.03
78,2025-07-30T10:23:44Z,Young,140,140,494,28.671,0.02,0.0,0.03
79,2025-07-30T10:23:45Z,Young,277,277,494,34.368,0.03,0.0,0.03
80,2025-07-30T10:23:45Z,Full,353,4,494,26.573,0.03,0.0,0.02
81,2025-07-30T10:23:45Z,Young,140,140,494,32.496,0.03,0.0,0.03
82,2025-07-30T10:23:46Z,Young,277,277,494,63.596,0.06,0.0,0.07
83,2025-07-30T10:23:46Z,Full,353,4,494,27.813,0.03,0.0,0.02
84,2025-07-30T10:23:46Z,Young,140,140,494,36.017,0.03,0.01,0.04
85,2025-07-30T10:23:47Z,Young,277,277,494,41.245,0.04,0.0,0.04
86,2025-07-30T10:23:47Z,Full,353,4,494,29.575,0.03,0.01,0.03
87,2025-07-30T10:23:47Z,Young,140,140,494,74.521,0.07,0.0,0.08
88,2025-07-30T10:23:48Z,Young,277,277,494,69.335,0.07,0.01,0.07
89,2025-07-30T10:23:48Z,Full,353,4,494,29.336,0.03,0.0,0.03
90,2025-07-30T10:23:48Z,Young,140,140,494,40.548,0.04,0.0,0.04
91,2025-07-30T10:23:49Z,Young,277,277,494,37.186,0.04,0.0,0.04
92,2025-07-30T10:23:49Z,Full,353,4,494,18.401,0.01,0.01,0.01
93,2025-07-30T10:23:49Z,Young,140,140,494,63.264,0.06,0.0,0.06
94,2025-07-30T10:23:49Z,Young,277,277,494,72.213,0.07,0.0,0.07
95,2025-07-30T10:23:50Z,Full,353,4,494,27.5,0.02,0.0,0.03
96,2025-07-30T10:23:50Z,Young,140,140,494,29.098,0.03,0.0,0.03
97,2025-07-30T10:23:50Z,Young,277,277,494,38.363,0.04,0.0,0.04
98,2025-07-30T10:23:51Z,Full,353,4,494,32.788,0.04,0.01,0.03
99,2025-07-30T10:23:51Z,Young,140,140,494,32.376,0.03,0.0,0.03
100,2025-07-30T10:23:51Z,Young,277,277,494,48.463,0.05,0.0,0.05
101,2025-07-30T10:23:52Z,Full,353,4,494,29.551,0.03,0.0,0.03
102,2025-07-30T10:23:52Z,Young,140,140,494,32.929,0.03,0.0,0.03
103,2025-07-30T10:23:52Z,Young,277,277,494,86.741,0.08,0.0,0.09
104,2025-07-30T10:23:52Z,Full,353,4,494,30.376,0.03,0.0,0.03
105,2025-07-30T10:23:53Z,Young,140,140,494,64.37,0.06,0.0,0.07
106,2025-07-30T10:23:53Z,Young,277,277,494,40.709,0.04,0.0,0.04
107,2025-07-30T10:23:53Z,Full,353,4,494,44.465,0.04,0.0,0.04
108,2025-07-30T10:23:54Z,Young,140,140,494,66.166,0.06,0.0,0.06
109,2025-07-30T10:23:54Z,Young,277,277,494,35.727,0.04,0.0,0.03
110,2025-07-30T10:23:54Z,Full,353,4,494,32.226,0.03,0.0,0.03
111,2025-07-30T10:23:55Z,Young,140,140,494,33.315,0.04,0.0,0.03
112,2025-07-30T10:23:55Z,Young,277,277,494,39.236,0.04,0.0,0.04
113,2025-07-30T10:23:55Z,Full,353,4,494,31.052,0.03,0.0,0.03
114,2025-07-30T10:23:56Z,Young,140,140,494,32.765,0.03,0.0,0.03
115,2025-07-30T10:23:56Z,Young,277,277,494,64.758,0.07,0.0,0.06
116,2025-07-30T10:23:56Z,Full,353,4,494,26.61,0.03,0.0,0.03
117,2025-07-30T10:23:57Z,Young,140,140,494,33.349,0.03,0.0,0.03
118,2025-07-30T10:23:57Z,Young,277,277,494,62.86,0.07,0.0,0.06
119,2025-07-30T10:23:57Z,Full,353,4,494,32.717,0.03,0.0,0.04
120,2025-07-30T10:23:58Z,Young,140,140,494,62.641,0.06,0.0,0.06
121,2025-07-30T10:23:58Z,Young,277,277,494,68.065,0.06,0.0,0.06
122,2025-07-30T10:23:58Z,Full,353,4,494,28.295,0.03,0.0,0.02
123,2025-07-30T10:23:59Z,Young,140,140,494,60.858,0.05,0.01,0.06
124,2025-07-30T10:23:59Z,Young,277,277,494,32.644,0.04,0.0,0.03
125,2025-07-30T10:23:59Z,Full,353,4,494,32.6,0.03,0.0,0.03
126,2025-07-30T10:23:59Z,Young,140,140,494,122.599,0.12,0.01,0.12
127,2025-07-30T10:24:00Z,Young,277,277,494,37.044,0.04,0.0,0.04
128,2025-07-30T10:24:00Z,Full,353,4,494,27.937,0.02,0.0,0.03
129,2025-07-30T10:24:00Z,Young,140,140,494,31.728,0.04,0.0,0.03
130,2025-07-30T10:24:01Z,Young,277,277,494,67.607,0.07,0.0,0.07
131,2025-07-30T10:24:01Z,Full,353,4,494,33.485,0.04,0.0,0.04
132,2025-07-30T10:24:01Z,Young,140,140,494,33.082,0.03,0.0,0.03
133,2025-07-30T10:24:02Z,Young,277,277,494,71.483,0.07,0.0,0.07
134,2025-07-30T10:24:02Z,Full,353,4,494,22.102,0.02,0.0,0.03
135,2025-07-30T10:24:02Z,Young,140,140,494,30.744,0.03,0.0,0.03
136,2025-07-30T10:24:03Z,Young,277,277,494,90.288,0.09,0.0,0.09
137,2025-07-30T10:24:03Z,Full,353,4,494,21.325,0.02,0.0,0.02
138,2025-07-30T10:24:03Z,Young,140,140,494,29.088,0.03,0.0,0.03
139,2025-07-30T10:24:04Z,Young,277,277,494,79.409,0.08,0.01,0.08
140,2025-07-30T10:24:04Z,Full,353,4,494,30.418,0.03,0.0,0.03
141,2025-07-30T10:24:04Z,Young,140,140,494,67.109,0.06,0.0,0.06
142,2025-07-30T10:24:05Z,Young,277,277,494,58.332,0.06,0.0,0.06
143,2025-07-30T10:24:05Z,Full,353,4,494,38.924,0.04,0.0,0.03
144,2025-07-30T10:24:05Z,Young,140,140,494,62.504,0.06,0.0,0.06
145,2025-07-30T10:24:06Z,Young,277,277,494,67.634,0.07,0.0,0.06
146,2025-07-30T10:24:06Z,Full,353,4,494,30.457,0.03,0.0,0.03
147,2025-07-30T10:24:06Z,Young,140,140,494,63.042,0.06,0.0,0.06
148,2025-07-30T10:24:07Z,Young,277,277,494,65.714,0.07,0.0,0.06
149,2025-07-30T10:24:07Z,Full,353,4,494,27.523,0.02,0.0,0.03
150,2025-07-30T10:24:07Z,Young,140,140,494,61.053,0.06,0.0,0.06
151,2025-07-30T10:24:07Z,Young,277,277,494,67.079,0.07,0.0,0.07
152,2025-07-30T10:24:08Z,Full,353,4,494,45.516,0.05,0.0,0.04
153,2025-07-30T10:24:08Z,Young,140,140,494,70.218,0.07,0.0,0.07
154,2025-07-30T10:24:08Z,Young,277,277,494,38.734,0.04,0.0,0.03
155,2025-07-30T10:24:09Z,Full,353,4,494,21.082,0.02,0.0,0.02
156,2025-07-30T10:24:09Z,Young,140,140,494,29.013,0.03,0.0,0.03
157,2025-07-30T10:24:09Z,Young,277,277,494,67.974,0.07,0.0,0.07
158,2025-07-30T10:24:10Z,Full,353,4,494,31.054,0.03,0.0,0.03
159,2025-07-30T10:24:10Z,Young,140,140,494,66.816,0.06,0.0,0.07
160,2025-07-30T10:24:10Z,Young,277,277,494,76.944,0.08,0.01,0.08
161,2025-07-30T10:24:11Z,Full,353,4,494,36.717,0.04,0.0,0.03
162,2025-07-30T10:24:11Z,Young,140,140,494,28.845,0.03,0.0,0.03
163,2025-07-30T10:24:11Z,Young,277,277,494,73.197,0.07,0.0,0.08
164,2025-07-30T10:24:12Z,Full,353,4,494,28.405,0.03,0.0,0.03
165,2025-07-30T10:24:12Z,Young,140,140,494,84.84,0.08,0.01,0.08
166,2025-07-30T10:24:12Z,Young,277,277,494,67.433,0.07,0.0,0.06
167,2025-07-30T10:24:13Z,Full,353,4,494,12.974,0.02,0.0,0.01
168,2025-07-30T10:24:13Z,Young,140,140,494,27.134,0.03,0.0,0.03
169,2025-07-30T10:24:13Z,Young,277,277,494,72.467,0.07,0.0,0.07
170,2025-07-30T10:24:13Z,Full,353,4,494,27.338,0.03,0.0,0.03
171,2025-07-30T10:24:14Z,Young,140,140,494,34.567,0.04,0.01,0.03
172,2025-07-30T10:24:14Z,Young,277,277,494,85.708,0.08,0.0,0.09
173,2025-07-30T10:24:14Z,Full,353,4,494,27.967,0.03,0.0,0.03
174,2025-07-30T10:24:15Z,Young,140,140,494,66.564,0.07,0.0,0.06
175,2025-07-30T10:24:15Z,Young,277,277,494,86.396,0.09,0.0,0.08
176,2025-07-30T10:24:15Z,Full,353,4,494,26.408,0.03,0.0,0.03
177,2025-07-30T10:24:16Z,Young,140,140,494,72.295,0.07,0.0,0.07
178,2025-07-30T10:24:16Z,Young,277,277,494,74.768,0.08,0.0,0.08
179,2025-07-30T10:24:16Z,Full,353,4,494,26.537,0.02,0.0,0.02
180,2025-07-30T10:24:17Z,Young,140,140,494,69.791,0.08,0.0,0.07
181,2025-07-30T10:24:17Z,Young,277,277,494,37.078,0.04,0.0,0.04
182,2025-07-30T10:24:17Z,Full,353,4,494,18.135,0.02,0.0,0.02
183,2025-07-30T10:24:18Z,Young,140,140,494,66.68,0.07,0.0,0.07
184,2025-07-30T10:24:18Z,Young,277,277,494,70.3,0.07,0.0,0.07
185,2025-07-30T10:24:18Z,Full,353,4,494,20.146,0.02,0.0,0.02
186,2025-07-30T10:24:19Z,Young,140,140,494,33.476,0.03,0.0,0.03
187,2025-07-30T10:24:19Z,Young,277,277,494,30.096,0.03,0.0,0.03
188,2025-07-30T10:24:19Z,Full,353,4,494,36.494,0.04,0.0,0.03
189,2025-07-30T10:24:20Z,Young,140,140,494,58.551,0.06,0.0,0.06
190,2025-07-30T10:24:20Z,Young,277,277,494,39.425,0.04,0.0,0.04
191,2025-07-30T10:24:20Z,Full,353,4,494,21.455,0.03,0.0,0.02
192,2025-07-30T10:24:21Z,Young,140,140,494,30.971,0.03,0.0,0.03
193,2025-07-30T10:24:21Z,Young,277,277,494,78.358,0.08,0.0,0.08
194,2025-07-30T10:24:21Z,Full,353,4,494,20.753,0.02,0.0,0.02
195,2025-07-30T10:24:22Z,Young,140,140,494,24.964,0.02,0.0,0.03
196,2025-07-30T10:24:22Z,Young,277,277,494,72.851,0.07,0.0,0.08
197,2025-07-30T10:24:22Z,Full,353,4,494,19.402,0.02,0.0,0.02
198,2025-07-30T10:24:22Z,Young,140,140,494,65.871,0.06,0.0,0.07
199,2025-07-30T10:24:23Z,Young,277,277,494,40.432,0.04,0.0,0.04
200,2025-07-30T10:24:23Z,Full,353,4,494,12.287,0.01,0.0,0.01
201,2025-07-30T10:24:23Z,Young,140,140,494,55.535,0.06,0.0,0.06
202,2025-07-30T10:24:24Z,Young,277,277,494,73.667,0.07,0.0,0.07
203,2025-07-30T10:24:24Z,Full,353,4,494,21.905,0.03,0.0,0.02
204,2025-07-30T10:24:24Z,Young,140,140,494,42.59,0.05,0.0,0.05
205,2025-07-30T10:24:25Z,Young,277,277,494,72.435,0.07,0.0,0.08
206,2025-07-30T10:24:25Z,Full,353,4,494,41.386,0.04,0.0,0.04
207,2025-07-30T10:24:25Z,Young,140,140,494,29.303,0.03,0.0,0.03
208,2025-07-30T10:24:26Z,Young,277,277,494,68.783,0.07,0.0,0.07
209,2025-07-30T10:24:26Z,Full,353,4,494,27.751,0.02,0.0,0.03
210,2025-07-30T10:24:26Z,Young,140,140,494,76.044,0.07,0.0,0.08
211,2025-07-30T10:24:27Z,Young,277,277,494,33.139,0.03,0.0,0.03
212,2025-07-30T10:24:27Z,Full,353,4,494,29.451,0.03,0.0,0.03
213,2025-07-30T10:24:27Z,Young,140,140,494,27.261,0.02,0.0,0.03
214,2025-07-30T10:24:28Z,Young,277,277,494,72.006,0.07,0.0,0.07
215,2025-07-30T10:24:28Z,Full,353,4,494,22.759,0.02,0.0,0.02
216,2025-07-30T10:24:28Z,Young,140,140,494,27.441,0.03,0.0,0.03
217,2025-07-30T10:24:28Z,Young,277,277,494,30.72,0.03,0.0,0.03
218,2025-07-30T10:24:29Z,Full,353,4,494,38.644,0.04,0.0,0.04
219,2025-07-30T10:24:29Z,Young,140,140,494,32.129,0.03,0.0,0.03
220,2025-07-30T10:24:29Z,Young,277,277,494,33.574,0.03,0.0,0.03
221,2025-07-30T10:24:29Z,Full,353,4,494,15.596,0.02,0.0,0.01
222,2025-07-30T10:24:30Z,Young,140,140,494,29.641,0.03,0.0,0.03
223,2025-07-30T10:24:30Z,Young,277,277,494,74.057,0.07,0.0,0.08
224,2025-07-30T10:24:30Z,Full,353,4,494,29.368,0.02,0.0,0.02
225,2025-07-30T10:24:31Z,Young,140,140,494,66.917,0.07,0.0,0.07
226,2025-07-30T10:24:31Z,Young,277,277,494,27.374,0.03,0.0,0.03
227,2025-07-30T10:24:31Z,Full,353,4,494,17.477,0.01,0.0,0.01
228,2025-07-30T10:24:32Z,Young,140,140,494,53.853,0.05,0.0,0.05
229,2025-07-30T10:24:32Z,Young,277,277,494,38.681,0.04,0.0,0.04
230,2025-07-30T10:24:32Z,Full,353,4,494,29.352,0.03,0.0,0.03
231,2025-07-30T10:24:33Z,Young,140,140,494,33.132,0.03,0.0,0.03
232,2025-07-30T10:24:33Z,Young,277,277,494,75.462,0.08,0.0,0.07
233,2025-07-30T10:24:33Z,Full,353,4,494,35.08,0.04,0.0,0.04
234,2025-07-30T10:24:34Z,Young,140,140,494,31.138,0.03,0.0,0.04
235,2025-07-30T10:24:34Z,Young,277,277,494,36.582,0.04,0.0,0.04
236,2025-07-30T10:24:34Z,Full,353,4,494,28.924,0.03,0.0,0.03
237,2025-07-30T10:24:34Z,Young,140,140,494,65.159,0.06,0.0,0.07
238,2025-07-30T10:24:35Z,Young,277,277,494,78.741,0.08,0.0,0.08
239,2025-07-30T10:24:35Z,Full,353,4,494,33.529,0.03,0.0,0.03
240,2025-07-30T10:24:35Z,Young,140,140,494,30.627,0.03,0.0,0.03
241,2025-07-30T10:24:36Z,Young,277,277,494,74.667,0.07,0.0,0.08
242,2025-07-30T10:24:36Z,Full,353,4,494,36.19,0.03,0.0,0.03
243,2025-07-30T10:24:36Z,Young,140,140,494,30.043,0.03,0.0,0.03
244,2025-07-30T10:24:37Z,Young,277,277,494,76.368,0.07,0.0,0.08
245,2025-07-30T10:24:37Z,Full,353,4,494,36.294,0.04,0.0,0.04
246,2025-07-30T10:24:37Z,Young,140,140,494,29.266,0.03,0.0,0.03
247,2025-07-30T10:24:38Z,Young,277,277,494,58.401,0.06,0.0,0.06
248,2025-07-30T10:24:38Z,Full,353,4,494,35.565,0.04,0.0,0.04
249,2025-07-30T10:24:38Z,Young,140,140,494,46.024,0.05,0.0,0.05
250,2025-07-30T10:24:39Z,Young,277,277,494,51.988,0.05,0.0,0.05
251,2025-07-30T10:24:39Z,Full,353,4,494,47.168,0.04,0.0,0.05
252,2025-07-30T10:24:39Z,Young,140,139,494,29.49,0.03,0.0,0.03
253,2025-07-30T10:24:40Z,Young,275,275,494,32.705,0.03,0.0,0.03
254,2025-07-30T10:24:40Z,Full,351,4,494,34.19,0.04,0.0,0.04
255,2025-07-30T10:24:40Z,Young,140,140,494,34.213,0.03,0.0,0.03
256,2025-07-30T10:24:41Z,Young,277,277,494,35.16,0.04,0.0,0.03
257,2025-07-30T10:24:41Z,Full,352,4,494,37.726,0.03,0.0,0.04
258,2025-07-30T10:24:41Z,Young,140,140,494,57.627,0.06,0.0,0.06
259,2025-07-30T10:24:42Z,Young,277,277,494,35.154,0.03,0.0,0.04
260,2025-07-30T10:24:42Z,Full,353,4,494,32.971,0.03,0.0,0.03
261,2025-07-30T10:24:42Z,Young,140,140,494,33.324,0.03,0.0,0.04
262,2025-07-30T10:24:43Z,Young,277,277,494,81.103,0.09,0.01,0.08
263,2025-07-30T10:24:43Z,Full,353,4,494,33.98,0.03,0.0,0.03
264,2025-07-30T10:24:43Z,Young,140,140,494,42.284,0.04,0.0,0.05
265,2025-07-30T10:24:43Z,Young,277,277,494,34.321,0.04,0.0,0.03
266,2025-07-30T10:24:44Z,Full,353,4,494,32.705,0.03,0.0,0.03
267,2025-07-30T10:24:44Z,Young,140,140,494,73.327,0.07,0.0,0.08
268,2025-07-30T10:24:44Z,Young,277,277,494,34.418,0.03,0.0,0.03
269,2025-07-30T10:24:45Z,Full,353,4,494,27.869,0.02,0.0,0.03
270,2025-07-30T10:24:45Z,Young,140,140,494,32.845,0.03,0.0,0.03
271,2025-07-30T10:24:45Z,Young,277,277,494,74.801,0.08,0.0,0.07
272,2025-07-30T10:24:46Z,Full,353,4,494,34.098,0.03,0.0,0.04
273,2025-07-30T10:24:46Z,Young,140,140,494,65.443,0.07,0.0,0.06
274,2025-07-30T10:24:46Z,Young,277,277,494,74.33,0.07,0.01,0.07
275,2025-07-30T10:24:47Z,Full,353,4,494,31.553,0.03,0.0,0.03
276,2025-07-30T10:24:47Z,Young,140,140,494,29.926,0.02,0.0,0.03
277,2025-07-30T10:24:47Z,Young,277,277,494,60.511,0.06,0.0,0.06
278,2025-07-30T10:24:47Z,Full,353,4,494,33.506,0.04,0.0,0.03
279,2025-07-30T10:24:48Z,Young,140,140,494,71.069,0.07,0.0,0.07
280,2025-07-30T10:24:48Z,Young,277,277,494,78.422,0.08,0.01,0.07
281,2025-07-30T10:24:48Z,Full,353,4,494,37.109,0.04,0.0,0.03
282,2025-07-30T10:24:49Z,Young,140,140,494,70.371,0.07,0.0,0.07
283,2025-07-30T10:24:49Z,Young,277,277,494,68.221,0.07,0.0,0.07
284,2025-07-30T10:24:49Z,Full,353,4,494,36.569,0.04,0.0,0.04
285,2025-07-30T10:24:50Z,Young,140,140,494,69.064,0.07,0.0,0.07
286,2025-07-30T10:24:50Z,Young,277,277,494,70.987,0.07,0.0,0.07
287,2025-07-30T10:24:50Z,Full,353,4,494,37.145,0.04,0.0,0.03
288,2025-07-30T10:24:51Z,Young,140,140,494,59.847,0.06,0.0,0.06
289,2025-07-30T10:24:51Z,Young,277,277,494,96.715,0.09,0.0,0.1
290,2025-07-30T10:24:52Z,Full,353,4,494,33.845,0.03,0.0,0.03
291,2025-07-30T10:24:52Z,Young,140,140,494,61.682,0.06,0.0,0.06
292,2025-07-30T10:24:52Z,Young,277,277,494,76.557,0.07,0.0,0.08
293,2025-07-30T10:24:53Z,Full,353,4,494,29.205,0.03,0.0,0.03
294,2025-07-30T10:24:53Z,Young,140,140,494,29.58,0.03,0.01,0.03
295,2025-07-30T10:24:53Z,Young,277,277,494,49.082,0.04,0.0,0.05
296,2025-07-30T10:24:54Z,Full,353,4,494,30.329,0.03,0.0,0.03
297,2025-07-30T10:24:54Z,Young,140,140,494,33.545,0.03,0.0,0.04
298,2025-07-30T10:24:54Z,Young,277,277,494,70.677,0.07,0.0,0.07
299,2025-07-30T10:24:54Z,Full,353,4,494,40.222,0.04,0.0,0.04
300,2025-07-30T10:24:55Z,Young,140,140,494,83.183,0.08,0.01,0.08
301,2025-07-30T10:24:55Z,Young,277,277,494,38.579,0.04,0.0,0.04
302,2025-07-30T10:24:55Z,Full,353,4,494,39.239,0.03,0.0,0.04
303,2025-07-30T10:24:56Z,Young,140,140,494,33.426,0.03,0.0,0.03
304,2025-07-30T10:24:56Z,Young,277,277,494,70.261,0.07,0.0,0.07
305,2025-07-30T10:24:56Z,Full,353,4,494,29.731,0.02,0.0,0.02
306,2025-07-30T10:24:57Z,Young,140,140,494,64.467,0.07,0.0,0.06
307,2025-07-30T10:24:57Z,Young,277,277,494,69.727,0.07,0.0,0.07
308,2025-07-30T10:24:57Z,Full,353,4,494,28.61,0.03,0.0,0.03
309,2025-07-30T10:24:58Z,Young,140,140,494,58.391,0.05,0.01,0.06
310,2025-07-30T10:24:58Z,Young,277,277,494,65.524,0.07,0.0,0.06
311,2025-07-30T10:24:58Z,Full,353,4,494,28.163,0.03,0.0,0.02
312,2025-07-30T10:24:59Z,Young,140,140,494,66.415,0.06,0.0,0.07
313,2025-07-30T10:24:59Z,Young,277,277,494,39.916,0.04,0.0,0.04
314,2025-07-30T10:24:59Z,Full,353,4,494,30.064,0.03,0.0,0.03
315,2025-07-30T10:25:00Z,Young,140,140,494,69.949,0.07,0.0,0.07
316,2025-07-30T10:25:00Z,Young,277,277,494,39.432,0.04,0.0,0.04
317,2025-07-30T10:25:00Z,Full,353,4,494,30.768,0.03,0.0,0.03
318,2025-07-30T10:25:01Z,Young,140,140,494,32.794,0.03,0.0,0.03
319,2025-07-30T10:25:01Z,Young,277,277,494,62.296,0.06,0.0,0.07
320,2025-07-30T10:25:01Z,Full,353,4,494,33.63,0.03,0.0,0.03
321,2025-07-30T10:25:02Z,Young,140,140,494,31.021,0.03,0.0,0.03
322,2025-07-30T10:25:02Z,Young,277,277,494,26.701,0.02,0.0,0.03
323,2025-07-30T10:25:02Z,Full,353,4,494,12.567,0.02,0.0,0.01
324,2025-07-30T10:25:02Z,Young,140,140,494,23.716,0.02,0.0,0.03
325,2025-07-30T10:25:03Z,Young,277,277,494,70.574,0.07,0.01,0.07
326,2025-07-30T10:25:03Z,Full,353,4,494,31.112,0.03,0.0,0.03
327,2025-07-30T10:25:03Z,Young,140,140,494,57.694,0.06,0.0,0.06
328,2025-07-30T10:25:04Z,Young,277,277,494,31.633,0.04,0.0,0.04
329,2025-07-30T10:25:04Z,Full,353,4,494,26.704,0.03,0.0,0.02
330,2025-07-30T10:25:04Z,Young,140,140,494,62.426,0.06,0.0,0.06
331,2025-07-30T10:25:05Z,Young,277,277,494,73.891,0.07,0.01,0.08
332,2025-07-30T10:25:05Z,Full,353,4,494,36.59,0.03,0.0,0.04
333,2025-07-30T10:25:05Z,Young,140,140,494,65.672,0.06,0.0,0.07
334,2025-07-30T10:25:06Z,Young,277,277,494,72.19,0.07,0.01,0.08
335,2025-07-30T10:25:06Z,Full,353,4,494,36.619,0.03,0.0,0.04
336,2025-07-30T10:25:06Z,Young,140,140,494,22.821,0.03,0.0,0.02
337,2025-07-30T10:25:07Z,Young,277,277,494,53.403,0.05,0.0,0.06
338,2025-07-30T10:25:07Z,Full,353,4,494,31.352,0.03,0.0,0.03
339,2025-07-30T10:25:07Z,Young,140,140,494,70.895,0.06,0.0,0.07
340,2025-07-30T10:25:08Z,Young,277,277,494,30.037,0.03,0.0,0.03
341,2025-07-30T10:25:08Z,Full,353,4,494,26.065,0.03,0.0,0.02
342,2025-07-30T10:25:08Z,Young,140,140,494,28.011,0.02,0.0,0.03
343,2025-07-30T10:25:09Z,Young,277,277,494,63.413,0.07,0.0,0.07
344,2025-07-30T10:25:09Z,Full,353,4,494,36.102,0.03,0.0,0.04
345,2025-07-30T10:25:09Z,Young,140,140,494,64.754,0.07,0.0,0.06
346,2025-07-30T10:25:10Z,Young,277,277,494,76.979,0.07,0.0,0.08
347,2025-07-30T10:25:10Z,Full,353,4,494,30.971,0.03,0.0,0.03
348,2025-07-30T10:25:10Z,Young,140,140,494,58.134,0.06,0.0,0.05
349,2025-07-30T10:25:11Z,Young,277,277,494,74.214,0.08,0.0,0.08
350,2025-07-30T10:25:11Z,Full,353,4,494,32.707,0.03,0.0,0.03
351,2025-07-30T10:25:11Z,Young,140,140,494,69.504,0.06,0.0,0.07
352,2025-07-30T10:25:11Z,Young,277,277,494,72.497,0.07,0.0,0.07
353,2025-07-30T10:25:12Z,Full,353,4,494,14.019,0.02,0.0,0.02
354,2025-07-30T10:25:12Z,Young,140,140,494,43.679,0.04,0.0,0.04
355,2025-07-30T10:25:12Z,Young,277,277,494,50.783,0.05,0.0,0.06
356,2025-07-30T10:25:13Z,Full,353,4,494,27.406,0.02,0.0,0.02
357,2025-07-30T10:25:13Z,Young,140,140,494,68.665,0.07,0.0,0.07
358,2025-07-30T10:25:13Z,Young,277,277,494,70.817,0.07,0.0,0.07
359,2025-07-30T10:25:14Z,Full,353,4,494,26.499,0.03,0.0,0.03
360,2025-07-30T10:25:14Z,Young,140,140,494,60.173,0.06,0.0,0.06
361,2025-07-30T10:25:14Z,Young,277,277,494,33.807,0.04,0.0,0.03
362,2025-07-30T10:25:14Z,Full,353,4,494,25.116,0.02,0.0,0.03
363,2025-07-30T10:25:15Z,Young,140,140,494,60.982,0.06,0.0,0.06
364,2025-07-30T10:25:15Z,Young,277,277,494,62.762,0.06,0.01,0.07
365,2025-07-30T10:25:15Z,Full,353,4,494,26.638,0.03,0.0,0.03
366,2025-07-30T10:25:16Z,Young,140,140,494,60.721,0.06,0.0,0.06
367,2025-07-30T10:25:16Z,Young,277,277,494,68.439,0.07,0.0,0.07
368,2025-07-30T10:25:16Z,Full,353,4,494,34.926,0.03,0.0,0.04
369,2025-07-30T10:25:17Z,Young,140,140,494,70.813,0.07,0.01,0.08
370,2025-07-30T10:25:17Z,Young,277,277,494,85.026,0.08,0.01,0.08
371,2025-07-30T10:25:18Z,Full,353,4,494,31.9,0.04,0.0,0.03
372,2025-07-30T10:25:18Z,Young,140,140,494,58.836,0.05,0.01,0.06
373,2025-07-30T10:25:18Z,Young,277,277,494,29.118,0.03,0.0,0.03
374,2025-07-30T10:25:18Z,Full,353,4,494,26.946,0.03,0.01,0.03
375,2025-07-30T10:25:19Z,Young,140,140,494,59.309,0.06,0.0,0.06
376,2025-07-30T10:25:19Z,Young,277,277,494,37.024,0.04,0.0,0.04
377,2025-07-30T10:25:19Z,Full,353,4,494,33.301,0.03,0.0,0.03
378,2025-07-30T10:25:20Z,Young,140,140,494,63.161,0.06,0.01,0.07
379,2025-07-30T10:25:20Z,Young,277,277,494,70.384,0.07,0.0,0.07
380,2025-07-30T10:25:20Z,Full,353,4,494,34.896,0.03,0.01,0.04
381,2025-07-30T10:25:21Z,Young,140,140,494,28.705,0.03,0.0,0.03
382,2025-07-30T10:25:21Z,Young,277,277,494,68.721,0.07,0.0,0.07
383,2025-07-30T10:25:21Z,Full,353,4,494,30.148,0.03,0.0,0.03
384,2025-07-30T10:25:22Z,Young,140,140,494,61.344,0.06,0.01,0.06
385,2025-07-30T10:25:22Z,Young,277,277,494,68.819,0.07,0.0,0.06
386,2025-07-30T10:25:22Z,Full,353,4,494,30.204,0.03,0.01,0.03
387,2025-07-30T10:25:23Z,Young,140,140,494,27.729,0.03,0.0,0.03
388,2025-07-30T10:25:23Z,Young,277,277,494,25.611,0.03,0.0,0.03
389,2025-07-30T10:25:23Z,Full,353,4,494,14.764,0.01,0.0,0.02
390,2025-07-30T10:25:23Z,Young,140,140,494,64.884,0.06,0.0,0.06
391,2025-07-30T10:25:24Z,Young,277,277,494,36.586,0.03,0.0,0.03
392,2025-07-30T10:25:24Z,Full,353,4,494,32.291,0.03,0.0,0.04
393,2025-07-30T10:25:24Z,Young,140,140,494,67.247,0.06,0.0,0.06
394,2025-07-30T10:25:25Z,Young,277,277,494,24.474,0.03,0.0,0.02
395,2025-07-30T10:25:25Z,Full,353,4,494,13.168,0.01,0.0,0.01
396,2025-07-30T10:25:25Z,Young,140,140,494,38.409,0.04,0.0,0.03
397,2025-07-30T10:25:26Z,Young,277,277,494,66.194,0.07,0.0,0.06
398,2025-07-30T10:25:26Z,Full,353,4,494,27.647,0.03,0.0,0.02
399,2025-07-30T10:25:26Z,Young,140,140,494,26.332,0.02,0.0,0.03
400,2025-07-30T10:25:27Z,Young,277,277,494,27.267,0.03,0.0,0.03
401,2025-07-30T10:25:27Z,Full,353,4,494,18.303,0.01,0.0,0.02
402,2025-07-30T10:25:27Z,Young,140,140,494,59.21,0.06,0.0,0.06
403,2025-07-30T10:25:28Z,Young,277,277,494,76.034,0.07,0.01,0.08
404,2025-07-30T10:25:28Z,Full,353,4,494,29.364,0.03,0.0,0.03
405,2025-07-30T10:25:28Z,Young,140,140,494,30.838,0.03,0.0,0.03
406,2025-07-30T10:25:29Z,Young,277,277,494,66.438,0.07,0.0,0.06
407,2025-07-30T10:25:29Z,Full,353,4,494,28.339,0.03,0.0,0.03
408,2025-07-30T10:25:29Z,Young,140,140,494,66.662,0.06,0.0,0.06
409,2025-07-30T10:25:30Z,Young,277,277,494,78.94,0.08,0.01,0.08
410,2025-07-30T10:25:30Z,Full,353,4,494,30.237,0.03,0.0,0.03
411,2025-07-30T10:25:30Z,Young,140,140,494,67.539,0.07,0.0,0.07
412,2025-07-30T10:25:31Z,Young,277,277,494,74.255,0.08,0.01,0.08
413,2025-07-30T10:25:31Z,Full,353,4,494,27.968,0.03,0.0,0.03
414,2025-07-30T10:25:31Z,Young,140,140,494,33.075,0.04,0.0,0.03
415,2025-07-30T10:25:31Z,Young,277,277,494,68.443,0.07,0.0,0.07
416,2025-07-30T10:25:32Z,Full,353,4,494,28.33,0.02,0.0,0.03
417,2025-07-30T10:25:32Z,Young,140,140,494,61.896,0.06,0.0,0.06
418,2025-07-30T10:25:32Z,Young,277,277,494,59.31,0.06,0.0,0.06
419,2025-07-30T10:25:33Z,Full,353,4,494,30.737,0.03,0.0,0.03
420,2025-07-30T10:25:33Z,Young,140,140,494,63.594,0.06,0.0,0.07
421,2025-07-30T10:25:33Z,Young,277,277,494,68.695,0.07,0.0,0.07
422,2025-07-30T10:25:34Z,Full,353,4,494,34.495,0.03,0.0,0.04
423,2025-07-30T10:25:34Z,Young,140,140,494,55.412,0.06,0.0,0.05
424,2025-07-30T10:25:34Z,Young,277,277,494,60.524,0.06,0.0,0.06
425,2025-07-30T10:25:35Z,Full,353,4,494,28.174,0.03,0.0,0.02
426,2025-07-30T10:25:35Z,Young,140,140,494,54.872,0.06,0.0,0.05
427,2025-07-30T10:25:35Z,Young,277,277,494,69.826,0.07,0.0,0.07
428,2025-07-30T10:25:36Z,Full,353,4,494,31.038,0.03,0.0,0.03
429,2025-07-30T10:25:36Z,Young,140,140,494,64.001,0.06,0.0,0.07
430,2025-07-30T10:25:36Z,Young,277,277,494,41.298,0.04,0.0,0.04
431,2025-07-30T10:25:36Z,Full,353,4,494,31.986,0.04,0.0,0.03
432,2025-07-30T10:25:37Z,Young,140,140,494,78.454,0.08,0.0,0.07
433,2025-07-30T10:25:37Z,Young,277,277,494,84.581,0.08,0.01,0.09
434,2025-07-30T10:25:38Z,Full,353,4,494,27.994,0.03,0.0,0.03
435,2025-07-30T10:25:38Z,Young,140,140,494,65.106,0.07,0.0,0.06
436,2025-07-30T10:25:38Z,Young,277,277,494,68.531,0.07,0.0,0.07
437,2025-07-30T10:25:39Z,Full,353,4,494,31.228,0.03,0.0,0.03
438,2025-07-30T10:25:39Z,Young,140,140,494,67.383,0.07,0.0,0.06
439,2025-07-30T10:25:39Z,Young,277,277,494,105.796,0.1,0.0,0.1
440,2025-07-30T10:25:40Z,Full,353,4,494,42.552,0.04,0.0,0.04
441,2025-07-30T10:25:40Z,Young,140,140,494,62.971,0.06,0.0,0.06
442,2025-07-30T10:25:40Z,Young,277,277,494,78.868,0.08,0.0,0.08
443,2025-07-30T10:25:41Z,Full,353,4,494,36.299,0.04,0.0,0.03
444,2025-07-30T10:25:41Z,Young,140,140,494,58.154,0.06,0.0,0.06
445,2025-07-30T10:25:41Z,Young,277,277,494,73.977,0.07,0.0,0.08
446,2025-07-30T10:25:42Z,Full,353,4,494,30.237,0.03,0.0,0.03
447,2025-07-30T10:25:42Z,Young,140,140,494,61.319,0.06,0.01,0.06
448,2025-07-30T10:25:42Z,Young,277,277,494,83.264,0.08,0.0,0.08
449,2025-07-30T10:25:43Z,Full,353,4,494,37.479,0.03,0.0,0.04
450,2025-07-30T10:25:43Z,Young,140,140,494,53.218,0.06,0.0,0.06
451,2025-07-30T10:25:43Z,Young,277,277,494,63.308,0.06,0.01,0.06
452,2025-07-30T10:25:43Z,Full,353,4,494,31.182,0.03,0.0,0.03
453,2025-07-30T10:25:44Z,Young,140,140,494,60.984,0.06,0.0,0.06
454,2025-07-30T10:25:44Z,Young,277,277,494,83.684,0.09,0.0,0.09
455,2025-07-30T10:25:44Z,Full,353,4,494,35.305,0.04,0.0,0.04
456,2025-07-30T10:25:45Z,Young,140,140,494,91.07,0.09,0.0,0.09
457,2025-07-30T10:25:45Z,Young,277,277,494,85.914,0.09,0.01,0.08
458,2025-07-30T10:25:45Z,Full,353,4,494,31.281,0.03,0.0,0.03
459,2025-07-30T10:25:46Z,Young,140,140,494,53.747,0.05,0.0,0.06
460,2025-07-30T10:25:46Z,Young,277,277,494,97.051,0.09,0.01,0.1
461,2025-07-30T10:25:47Z,Full,353,4,494,41.228,0.03,0.0,0.04
462,2025-07-30T10:25:47Z,Young,140,140,494,63.307,0.06,0.01,0.06
463,2025-07-30T10:25:47Z,Young,277,277,494,71.236,0.07,0.0,0.08
464,2025-07-30T10:25:48Z,Full,353,4,494,30.369,0.03,0.0,0.03
465,2025-07-30T10:25:48Z,Young,140,140,494,62.265,0.06,0.0,0.06
466,2025-07-30T10:25:48Z,Young,277,277,494,89.694,0.08,0.0,0.08
467,2025-07-30T10:25:49Z,Full,353,4,494,43.434,0.05,0.0,0.04
468,2025-07-30T10:25:49Z,Young,140,140,494,58.012,0.06,0.0,0.06
469,2025-07-30T10:25:49Z,Young,277,277,494,67.632,0.07,0.0,0.07
470,2025-07-30T10:25:50Z,Full,353,4,494,43.141,0.05,0.0,0.04
471,2025-07-30T10:25:50Z,Young,140,140,494,61.507,0.06,0.0,0.06
472,2025-07-30T10:25:50Z,Young,277,277,494,78.517,0.08,0.01,0.08
473,2025-07-30T10:25:51Z,Full,353,4,494,38.798,0.04,0.0,0.03
474,2025-07-30T10:25:51Z,Young,140,140,494,58.355,0.06,0.0,0.05
475,2025-07-30T10:25:51Z,Young,277,277,494,95.748,0.09,0.0,0.1
476,2025-07-30T10:25:52Z,Full,353,4,494,35.144,0.04,0.0,0.03
477,2025-07-30T10:25:52Z,Young,140,140,494,108.714,0.11,0.0,0.11
478,2025-07-30T10:25:52Z,Young,277,277,494,85.431,0.08,0.0,0.09
479,2025-07-30T10:25:53Z,Full,353,4,494,29.416,0.03,0.0,0.03
480,2025-07-30T10:25:53Z,Young,140,140,494,73.089,0.07,0.0,0.07
481,2025-07-30T10:25:53Z,Young,277,277,494,88.17,0.09,0.0,0.09
482,2025-07-30T10:25:54Z,Full,353,4,494,43.575,0.04,0.0,0.04
483,2025-07-30T10:25:54Z,Young,140,140,494,78.131,0.08,0.0,0.08
484,2025-07-30T10:25:55Z,Young,277,277,494,82.346,0.08,0.0,0.08
485,2025-07-30T10:25:55Z,Full,353,4,494,36.887,0.04,0.0,0.03
486,2025-07-30T10:25:55Z,Young,140,140,494,65.64,0.07,0.0,0.06
487,2025-07-30T10:25:56Z,Young,277,277,494,79.174,0.08,0.0,0.08
488,2025-07-30T10:25:56Z,Full,353,4,494,30.408,0.03,0.0,0.03
489,2025-07-30T10:25:56Z,Young,140,140,494,68.089,0.07,0.0,0.06
490,2025-07-30T10:25:57Z,Young,277,277,494,67.587,0.06,0.0,0.07
491,2025-07-30T10:25:57Z,Full,353,4,494,31.688,0.03,0.0,0.04
492,2025-07-30T10:25:57Z,Young,140,140,494,61.699,0.06,0.0,0.06
493,2025-07-30T10:25:58Z,Young,277,277,494,91.198,0.09,0.01,0.09
494,2025-07-30T10:25:58Z,Full,353,4,494,40.24,0.04,0.0,0.04
495,2025-07-30T10:25:58Z,Young,140,140,494,74.949,0.08,0.0,0.08
496,2025-07-30T10:25:59Z,Young,277,277,494,85.102,0.08,0.0,0.09
497,2025-07-30T10:25:59Z,Full,353,4,494,28.723,0.03,0.0,0.03
498,2025-07-30T10:25:59Z,Young,140,140,494,63.473,0.07,0.0,0.06
499,2025-07-30T10:25:59Z,Young,277,277,494,66.43,0.07,0.0,0.06
500,2025-07-30T10:26:00Z,Full,353,4,494,32.63,0.04,0.0,0.03
501,2025-07-30T10:26:00Z,Young,140,140,494,62.694,0.06,0.0,0.06
502,2025-07-30T10:26:00Z,Young,277,277,494,68.454,0.07,0.0,0.07
503,2025-07-30T10:26:01Z,Full,353,4,494,35.904,0.03,0.0,0.03
504,2025-07-30T10:26:01Z,Young,140,140,494,77.7,0.08,0.0,0.07
505,2025-07-30T10:26:01Z,Young,277,277,494,83.614,0.09,0.0,0.08
506,2025-07-30T10:26:02Z,Full,353,4,494,48.139,0.05,0.0,0.05
507,2025-07-30T10:26:02Z,Young,140,140,494,70.126,0.07,0.0,0.07
508,2025-07-30T10:26:02Z,Young,277,277,494,84.882,0.08,0.0,0.09
509,2025-07-30T10:26:03Z,Full,353,4,494,32.624,0.03,0.0,0.03
510,2025-07-30T10:26:03Z,Young,140,140,494,69.194,0.06,0.0,0.07
511,2025-07-30T10:26:04Z,Young,277,277,494,74.834,0.07,0.0,0.08
512,2025-07-30T10:26:04Z,Full,353,4,494,32.78,0.03,0.0,0.03
513,2025-07-30T10:26:04Z,Young,140,140,494,65.23,0.07,0.0,0.07
514,2025-07-30T10:26:05Z,Young,277,277,494,87.424,0.09,0.0,0.09
515,2025-07-30T10:26:05Z,Full,353,4,494,39.075,0.03,0.0,0.04
516,2025-07-30T10:26:05Z,Young,140,140,494,66.052,0.07,0.0,0.06
517,2025-07-30T10:26:06Z,Young,277,277,494,77.217,0.08,0.0,0.08
518,2025-07-30T10:26:06Z,Full,353,4,494,35.779,0.04,0.0,0.04
519,2025-07-30T10:26:06Z,Young,140,140,494,98.713,0.1,0.0,0.1
520,2025-07-30T10:26:07Z,Young,277,277,494,74.982,0.07,0.0,0.08
521,2025-07-30T10:26:07Z,Full,353,4,494,29.008,0.03,0.0,0.03
522,2025-07-30T10:26:07Z,Young,140,140,494,62.316,0.06,0.0,0.06
523,2025-07-30T10:26:08Z,Young,277,277,494,108.18,0.11,0.0,0.1
524,2025-07-30T10:26:08Z,Full,353,4,494,30.513,0.03,0.0,0.03
525,2025-07-30T10:26:08Z,Young,140,140,494,72.144,0.07,0.0,0.07
526,2025-07-30T10:26:09Z,Young,277,277,494,72.277,0.07,0.0,0.07
527,2025-07-30T10:26:09Z,Full,353,4,494,41.026,0.04,0.0,0.04
528,2025-07-30T10:26:09Z,Young,140,140,494,71.442,0.08,0.0,0.07
529,2025-07-30T10:26:10Z,Young,277,277,494,79.828,0.08,0.0,0.08
530,2025-07-30T10:26:10Z,Full,353,4,494,41.913,0.04,0.0,0.04
531,2025-07-30T10:26:10Z,Young,140,140,494,67.853,0.07,0.0,0.07
532,2025-07-30T10:26:11Z,Young,277,277,494,71.067,0.07,0.0,0.07
533,2025-07-30T10:26:11Z,Full,353,4,494,37.086,0.04,0.0,0.03
534,2025-07-30T10:26:11Z,Young,140,140,494,63.279,0.06,0.0,0.07
535,2025-07-30T10:26:12Z,Young,277,277,494,79.259,0.08,0.01,0.08
536,2025-07-30T10:26:12Z,Full,353,4,494,24.402,0.03,0.0,0.03
537,2025-07-30T10:26:13Z,Young,140,140,494,63.866,0.06,0.0,0.06
538,2025-07-30T10:26:13Z,Young,277,277,494,89.079,0.09,0.0,0.09
539,2025-07-30T10:26:13Z,Full,353,4,494,30.245,0.03,0.0,0.03
540,2025-07-30T10:26:13Z,Young,140,140,494,61.117,0.06,0.0,0.06
541,2025-07-30T10:26:14Z,Young,277,277,494,71.8,0.07,0.0,0.07
542,2025-07-30T10:26:14Z,Full,353,4,494,31.153,0.03,0.0,0.03
543,2025-07-30T10:26:14Z,Young,140,140,494,64.058,0.06,0.0,0.06
544,2025-07-30T10:26:15Z,Young,277,277,494,77.383,0.08,0.0,0.08
545,2025-07-30T10:26:15Z,Full,353,4,494,36.285,0.04,0.0,0.03
546,2025-07-30T10:26:15Z,Young,140,140,494,66.161,0.07,0.0,0.06
547,2025-07-30T10:26:16Z,Young,277,277,494,77.827,0.08,0.0,0.08
548,2025-07-30T10:26:16Z,Full,353,4,494,39.175,0.04,0.0,0.03
549,2025-07-30T10:26:17Z,Young,140,140,494,71.543,0.07,0.0,0.08
550,2025-07-30T10:26:17Z,Young,277,277,494,78.877,0.08,0.0,0.08
551,2025-07-30T10:26:17Z,Full,353,4,494,31.892,0.04,0.01,0.03
552,2025-07-30T10:26:18Z,Young,140,140,494,80.411,0.08,0.0,0.08
553,2025-07-30T10:26:18Z,Young,277,277,494,79.982,0.08,0.0,0.08
554,2025-07-30T10:26:18Z,Full,353,4,494,34.051,0.03,0.01,0.03
555,2025-07-30T10:26:19Z,Young,140,140,494,63.449,0.06,0.0,0.07
556,2025-07-30T10:26:19Z,Young,277,277,494,72.208,0.08,0.0,0.08
557,2025-07-30T10:26:19Z,Full,353,4,494,36.231,0.04,0.0,0.04
558,2025-07-30T10:26:20Z,Young,140,140,494,66.176,0.07,0.0,0.06
559,2025-07-30T10:26:20Z,Young,277,277,494,77.395,0.07,0.0,0.08
560,2025-07-30T10:26:20Z,Full,353,4,494,38.167,0.04,0.0,0.04
561,2025-07-30T10:26:21Z,Young,140,140,494,63.001,0.06,0.0,0.07
562,2025-07-30T10:26:21Z,Young,277,277,494,73.522,0.07,0.0,0.07
563,2025-07-30T10:26:21Z,Full,353,4,494,28.822,0.03,0.0,0.03
564,2025-07-30T10:26:22Z,Young,140,140,494,79.732,0.08,0.01,0.08
565,2025-07-30T10:26:22Z,Young,277,277,494,74.612,0.07,0.0,0.07
566,2025-07-30T10:26:22Z,Full,353,4,494,36.649,0.04,0.0,0.04
567,2025-07-30T10:26:23Z,Young,140,140,494,80.913,0.08,0.0,0.08
568,2025-07-30T10:26:23Z,Young,277,277,494,114.603,0.11,0.01,0.11
569,2025-07-30T10:26:23Z,Full,353,4,494,36.639,0.03,0.0,0.04
570,2025-07-30T10:26:24Z,Young,140,140,494,84.534,0.08,0.0,0.08
571,2025-07-30T10:26:24Z,Young,277,277,494,80.444,0.08,0.0,0.08
572,2025-07-30T10:26:24Z,Full,353,4,494,47.391,0.05,0.0,0.05
573,2025-07-30T10:26:25Z,Young,140,140,494,114.099,0.11,0.0,0.12
574,2025-07-30T10:26:25Z,Young,277,277,494,84.914,0.09,0.0,0.08
575,2025-07-30T10:26:26Z,Full,353,4,494,35.828,0.03,0.0,0.04
576,2025-07-30T10:26:26Z,Young,140,140,494,86.877,0.08,0.0,0.09
577,2025-07-30T10:26:26Z,Young,277,277,494,100.888,0.1,0.01,0.1
578,2025-07-30T10:26:27Z,Full,353,4,494,33.32,0.03,0.0,0.03
579,2025-07-30T10:26:27Z,Young,140,140,494,63.699,0.07,0.0,0.07
580,2025-07-30T10:26:27Z,Young,277,277,494,66.544,0.07,0.0,0.06
581,2025-07-30T10:26:28Z,Full,353,4,494,32.959,0.03,0.0,0.03
582,2025-07-30T10:26:28Z,Young,140,140,494,63.871,0.06,0.0,0.07
583,2025-07-30T10:26:28Z,Young,277,277,494,79.233,0.08,0.0,0.07
584,2025-07-30T10:26:29Z,Full,353,4,494,40.978,0.04,0.0,0.04
585,2025-07-30T10:26:29Z,Young,140,140,494,60.732,0.06,0.0,0.06
586,2025-07-30T10:26:29Z,Young,277,277,494,70.56,0.07,0.0,0.07
587,2025-07-30T10:26:30Z,Full,353,4,494,32.748,0.03,0.0,0.03
588,2025-07-30T10:26:30Z,Young,140,140,494,62.76,0.06,0.0,0.06
589,2025-07-30T10:26:31Z,Young,277,277,494,73.795,0.08,0.0,0.07
590,2025-07-30T10:26:31Z,Full,353,4,494,33.656,0.03,0.0,0.04
591,2025-07-30T10:26:31Z,Young,140,140,494,78.619,0.08,0.0,0.07
592,2025-07-30T10:26:32Z,Young,277,277,494,111.063,0.12,0.0,0.11
593,2025-07-30T10:26:32Z,Full,353,4,494,48.187,0.05,0.0,0.05
594,2025-07-30T10:26:32Z,Young,140,140,494,75.243,0.08,0.0,0.07
595,2025-07-30T10:26:33Z,Young,277,277,494,102.563,0.1,0.0,0.11
596,2025-07-30T10:26:33Z,Full,353,4,494,42.552,0.04,0.0,0.04
597,2025-07-30T10:26:33Z,Young,140,140,494,77.265,0.08,0.01,0.08
598,2025-07-30T10:26:34Z,Young,277,277,494,92.444,0.09,0.0,0.09
599,2025-07-30T10:26:34Z,Full,353,4,494,41.447,0.05,0.0,0.04
600,2025-07-30T10:26:34Z,Young,140,140,494,73.809,0.07,0.01,0.07
601,2025-07-30T10:26:35Z,Young,277,277,494,99.503,0.1,0.0,0.1
602,2025-07-30T10:26:35Z,Full,353,4,494,43.419,0.04,0.0,0.04
603,2025-07-30T10:26:35Z,Young,140,140,494,66.891,0.06,0.0,0.06
604,2025-07-30T10:26:36Z,Young,277,277,494,70.581,0.07,0.0,0.08
605,2025-07-30T10:26:36Z,Full,353,4,494,28.057,0.03,0.0,0.02
606,2025-07-30T10:26:36Z,Young,140,140,494,58.589,0.06,0.0,0.06
607,2025-07-30T10:26:37Z,Young,277,277,494,61.863,0.06,0.0,0.06
608,2025-07-30T10:26:37Z,Full,353,4,494,26.21,0.02,0.0,0.03
609,2025-07-30T10:26:37Z,Young,140,140,494,54.893,0.06,0.0,0.06
610,2025-07-30T10:26:38Z,Young,277,277,494,62.681,0.06,0.0,0.06
611,2025-07-30T10:26:38Z,Full,353,4,494,30.623,0.03,0.01,0.02
612,2025-07-30T10:26:38Z,Young,140,140,494,75.358,0.07,0.0,0.08
613,2025-07-30T10:26:39Z,Young,277,277,494,72.901,0.07,0.0,0.07
614,2025-07-30T10:26:39Z,Full,353,4,494,36.977,0.03,0.0,0.04
615,2025-07-30T10:26:39Z,Young,140,140,494,64.797,0.06,0.0,0.06
616,2025-07-30T10:26:40Z,Young,277,277,494,78.911,0.08,0.0,0.08
617,2025-07-30T10:26:40Z,Full,353,4,494,29.188,0.03,0.0,0.03
618,2025-07-30T10:26:40Z,Young,140,140,494,59.731,0.06,0.0,0.06
619,2025-07-30T10:26:41Z,Young,277,277,494,71.984,0.07,0.0,0.07
620,2025-07-30T10:26:41Z,Full,353,4,494,33.92,0.04,0.0,0.03
621,2025-07-30T10:26:41Z,Young,140,140,494,32.993,0.03,0.0,0.04
622,2025-07-30T10:26:42Z,Young,277,277,494,75.572,0.07,0.0,0.07
623,2025-07-30T10:26:42Z,Full,353,4,494,27.907,0.03,0.0,0.02
624,2025-07-30T10:26:42Z,Young,140,140,494,32.476,0.03,0.0,0.04
625,2025-07-30T10:26:43Z,Young,277,277,494,85.332,0.08,0.01,0.08
626,2025-07-30T10:26:43Z,Full,353,4,494,29.384,0.03,0.0,0.02
627,2025-07-30T10:26:43Z,Young,140,140,494,68.924,0.07,0.0,0.07
628,2025-07-30T10:26:44Z,Young,277,277,494,74.384,0.08,0.0,0.07
629,2025-07-30T10:26:44Z,Full,353,4,494,37.572,0.04,0.0,0.03
630,2025-07-30T10:26:44Z,Young,140,140,494,58.477,0.06,0.0,0.05
631,2025-07-30T10:26:45Z,Young,277,277,494,75.759,0.07,0.0,0.08
632,2025-07-30T10:26:45Z,Full,353,4,494,45.626,0.05,0.01,0.05
633,2025-07-30T10:26:45Z,Young,140,140,494,33.224,0.03,0.0,0.03
634,2025-07-30T10:26:46Z,Young,277,277,494,51.538,0.05,0.0,0.05
635,2025-07-30T10:26:46Z,Full,353,4,494,40.988,0.04,0.0,0.04
636,2025-07-30T10:26:46Z,Young,140,140,494,46.783,0.04,0.0,0.05
637,2025-07-30T10:26:47Z,Young,277,277,494,84.474,0.09,0.0,0.08
638,2025-07-30T10:26:47Z,Full,353,4,494,29.911,0.03,0.0,0.03
639,2025-07-30T10:26:47Z,Young,140,140,494,52.632,0.06,0.0,0.05
640,2025-07-30T10:26:48Z,Young,277,277,494,72.572,0.08,0.0,0.08
641,2025-07-30T10:26:48Z,Full,353,4,494,37.606,0.04,0.0,0.03
642,2025-07-30T10:26:48Z,Young,140,140,494,67.946,0.07,0.0,0.07
643,2025-07-30T10:26:49Z,Young,277,277,494,74.86,0.08,0.0,0.07
644,2025-07-30T10:26:49Z,Full,353,4,494,36.255,0.04,0.0,0.03
645,2025-07-30T10:26:49Z,Young,140,140,494,65.49,0.07,0.0,0.07
646,2025-07-30T10:26:50Z,Young,277,277,494,57.44,0.06,0.01,0.06
647,2025-07-30T10:26:50Z,Full,353,4,494,39.0,0.04,0.0,0.04
648,2025-07-30T10:26:50Z,Young,140,140,494,44.899,0.05,0.0,0.04
649,2025-07-30T10:26:50Z,Young,277,277,494,37.322,0.03,0.0,0.04
650,2025-07-30T10:26:51Z,Full,353,4,494,32.193,0.03,0.0,0.03
651,2025-07-30T10:26:51Z,Young,140,140,494,67.157,0.06,0.01,0.07
652,2025-07-30T10:26:51Z,Young,277,277,494,77.639,0.08,0.0,0.08
653,2025-07-30T10:26:52Z,Full,353,4,494,27.165,0.03,0.0,0.03
654,2025-07-30T10:26:52Z,Young,140,140,494,83.376,0.07,0.01,0.08
655,2025-07-30T10:26:52Z,Young,277,277,494,40.633,0.04,0.0,0.04
656,2025-07-30T10:26:53Z,Full,353,4,494,37.123,0.04,0.0,0.04
657,2025-07-30T10:26:53Z,Young,140,140,494,70.549,0.07,0.0,0.08
658,2025-07-30T10:26:53Z,Young,277,277,494,78.278,0.07,0.0,0.08
659,2025-07-30T10:26:54Z,Full,353,4,494,37.972,0.03,0.0,0.03
660,2025-07-30T10:26:54Z,Young,140,140,494,35.425,0.04,0.0,0.04
661,2025-07-30T10:26:54Z,Young,277,277,494,27.34,0.03,0.0,0.03
662,2025-07-30T10:26:55Z,Full,353,4,494,30.539,0.03,0.0,0.03
663,2025-07-30T10:26:55Z,Young,140,140,494,23.035,0.03,0.0,0.02
664,2025-07-30T10:26:55Z,Young,277,277,494,67.813,0.07,0.01,0.07
665,2025-07-30T10:26:55Z,Full,353,4,494,32.183,0.03,0.0,0.03
666,2025-07-30T10:26:56Z,Young,140,140,494,66.415,0.07,0.0,0.07
667,2025-07-30T10:26:56Z,Young,277,277,494,70.062,0.07,0.0,0.07
668,2025-07-30T10:26:56Z,Full,353,4,494,30.461,0.03,0.0,0.03
669,2025-07-30T10:26:57Z,Young,140,140,494,68.692,0.06,0.0,0.07
670,2025-07-30T10:26:57Z,Young,277,277,494,73.671,0.08,0.0,0.07
671,2025-07-30T10:26:57Z,Full,353,4,494,32.141,0.03,0.0,0.03
672,2025-07-30T10:26:58Z,Young,140,140,494,53.268,0.05,0.0,0.05
673,2025-07-30T10:26:58Z,Young,277,277,494,35.864,0.03,0.0,0.04
674,2025-07-30T10:26:58Z,Full,353,4,494,34.326,0.03,0.0,0.04
675,2025-07-30T10:26:59Z,Young,140,140,494,64.091,0.07,0.0,0.06
676,2025-07-30T10:26:59Z,Young,277,277,494,72.893,0.07,0.0,0.07
677,2025-07-30T10:26:59Z,Full,353,4,494,40.731,0.04,0.0,0.04
678,2025-07-30T10:27:00Z,Young,140,140,494,60.522,0.06,0.0,0.06
679,2025-07-30T10:27:00Z,Young,277,277,494,70.133,0.07,0.0,0.07
680,2025-07-30T10:27:00Z,Full,353,4,494,34.426,0.03,0.0,0.03
681,2025-07-30T10:27:01Z,Young,140,140,494,58.122,0.06,0.0,0.05
682,2025-07-30T10:27:01Z,Young,277,277,494,72.127,0.07,0.0,0.07
683,2025-07-30T10:27:01Z,Full,353,4,494,30.284,0.03,0.0,0.03
684,2025-07-30T10:27:02Z,Young,140,140,494,59.69,0.06,0.0,0.06
685,2025-07-30T10:27:02Z,Young,277,277,494,64.239,0.06,0.0,0.06
686,2025-07-30T10:27:02Z,Full,353,4,494,39.389,0.04,0.01,0.04
687,2025-07-30T10:27:03Z,Young,140,140,494,71.483,0.07,0.0,0.07
688,2025-07-30T10:27:03Z,Young,277,277,494,74.908,0.08,0.0,0.08
689,2025-07-30T10:27:03Z,Full,353,4,494,23.789,0.03,0.0,0.02
690,2025-07-30T10:27:04Z,Young,140,140,494,59.259,0.06,0.0,0.06
691,2025-07-30T10:27:04Z,Young,277,277,494,77.32,0.07,0.0,0.07
692,2025-07-30T10:27:04Z,Full,353,4,494,33.749,0.03,0.0,0.04
693,2025-07-30T10:27:05Z,Young,140,140,494,30.897,0.03,0.01,0.03
694,2025-07-30T10:27:05Z,Young,277,277,494,61.796,0.06,0.0,0.06
695,2025-07-30T10:27:05Z,Full,353,4,494,18.8,0.02,0.0,0.02
696,2025-07-30T10:27:06Z,Young,140,140,494,72.828,0.07,0.0,0.07
697,2025-07-30T10:27:06Z,Young,277,277,494,73.598,0.08,0.0,0.08
698,2025-07-30T10:27:06Z,Full,353,4,494,36.431,0.04,0.0,0.04
699,2025-07-30T10:27:07Z,Young,140,140,494,75.403,0.08,0.0,0.08
700,2025-07-30T10:27:07Z,Young,277,277,494,72.045,0.08,0.0,0.08
701,2025-07-30T10:27:07Z,Full,353,4,494,28.249,0.03,0.0,0.02
702,2025-07-30T10:27:08Z,Young,140,140,494,81.514,0.08,0.01,0.08
703,2025-07-30T10:27:08Z,Young,277,277,494,58.912,0.05,0.0,0.06
704,2025-07-30T10:27:08Z,Full,353,4,494,31.404,0.03,0.0,0.03
705,2025-07-30T10:27:09Z,Young,140,140,494,30.795,0.03,0.0,0.03
706,2025-07-30T10:27:09Z,Young,277,277,494,53.321,0.05,0.0,0.06
707,2025-07-30T10:27:09Z,Full,353,4,494,30.276,0.03,0.0,0.03
708,2025-07-30T10:27:10Z,Young,140,140,494,41.131,0.04,0.0,0.04
709,2025-07-30T10:27:10Z,Young,277,277,494,69.348,0.07,0.0,0.07
710,2025-07-30T10:27:10Z,Full,353,4,494,22.935,0.02,0.0,0.03
711,2025-07-30T10:27:11Z,Young,140,140,494,60.95,0.06,0.01,0.06
712,2025-07-30T10:27:11Z,Young,277,277,494,74.16,0.08,0.0,0.08
713,2025-07-30T10:27:11Z,Full,353,4,494,33.119,0.03,0.0,0.03
714,2025-07-30T10:27:12Z,Young,140,140,494,62.175,0.06,0.0,0.06
715,2025-07-30T10:27:12Z,Young,277,277,494,60.94,0.06,0.0,0.06
716,2025-07-30T10:27:12Z,Full,353,4,494,29.642,0.03,0.0,0.03
717,2025-07-30T10:27:12Z,Young,140,140,494,79.064,0.08,0.01,0.08
718,2025-07-30T10:27:13Z,Young,277,277,494,74.195,0.07,0.0,0.07
719,2025-07-30T10:27:13Z,Full,353,4,494,29.145,0.03,0.0,0.03
720,2025-07-30T10:27:13Z,Young,140,140,494,64.381,0.06,0.0,0.07
721,2025-07-30T10:27:14Z,Young,277,277,494,66.983,0.07,0.0,0.07
722,2025-07-30T10:27:14Z,Full,353,4,494,38.353,0.03,0.0,0.04
723,2025-07-30T10:27:14Z,Young,140,140,494,78.783,0.08,0.01,0.08
724,2025-07-30T10:27:15Z,Young,277,277,494,71.038,0.07,0.0,0.07
725,2025-07-30T10:27:15Z,Full,353,4,494,45.253,0.05,0.0,0.05
726,2025-07-30T10:27:15Z,Young,140,140,494,61.286,0.06,0.0,0.06
727,2025-07-30T10:27:16Z,Young,277,277,494,76.989,0.07,0.0,0.08
728,2025-07-30T10:27:16Z,Full,353,4,494,36.842,0.04,0.0,0.04
729,2025-07-30T10:27:16Z,Young,140,140,494,57.593,0.06,0.0,0.05
730,2025-07-30T10:27:17Z,Young,277,277,494,77.559,0.08,0.0,0.07
731,2025-07-30T10:27:17Z,Full,353,4,494,28.902,0.03,0.0,0.03
732,2025-07-30T10:27:17Z,Young,140,140,494,63.68,0.06,0.0,0.06
733,2025-07-30T10:27:18Z,Young,277,277,494,70.846,0.07,0.0,0.07
734,2025-07-30T10:27:18Z,Full,353,4,494,31.79,0.03,0.0,0.03
735,2025-07-30T10:27:18Z,Young,140,140,494,65.882,0.06,0.01,0.07
736,2025-07-30T10:27:19Z,Young,277,277,494,28.236,0.03,0.0,0.02
737,2025-07-30T10:27:19Z,Full,353,4,494,30.959,0.03,0.01,0.04
738,2025-07-30T10:27:19Z,Young,140,140,494,25.202,0.03,0.0,0.02
739,2025-07-30T10:27:20Z,Young,277,277,494,78.288,0.08,0.0,0.08
740,2025-07-30T10:27:20Z,Full,353,4,494,27.844,0.03,0.0,0.03
741,2025-07-30T10:27:20Z,Young,140,140,494,64.895,0.06,0.0,0.06
742,2025-07-30T10:27:21Z,Young,277,277,494,75.062,0.08,0.0,0.07
743,2025-07-30T10:27:21Z,Full,353,4,494,31.568,0.03,0.0,0.04
744,2025-07-30T10:27:21Z,Young,140,140,494,65.361,0.07,0.0,0.07
745,2025-07-30T10:27:22Z,Young,277,277,494,88.923,0.08,0.0,0.09
746,2025-07-30T10:27:22Z,Full,353,4,494,33.57,0.03,0.0,0.03
747,2025-07-30T10:27:22Z,Young,140,140,494,73.844,0.07,0.01,0.07
748,2025-07-30T10:27:23Z,Young,277,277,494,65.888,0.07,0.0,0.07
749,2025-07-30T10:27:23Z,Full,353,4,494,35.382,0.03,0.0,0.04
750,2025-07-30T10:27:23Z,Young,140,140,494,61.096,0.06,0.0,0.06
751,2025-07-30T10:27:24Z,Young,277,277,494,70.728,0.07,0.0,0.07
752,2025-07-30T10:27:24Z,Full,353,4,494,33.329,0.03,0.0,0.03
753,2025-07-30T10:27:24Z,Young,140,140,494,26.245,0.02,0.0,0.03
754,2025-07-30T10:27:25Z,Young,277,277,494,75.101,0.07,0.0,0.07
755,2025-07-30T10:27:25Z,Full,353,4,494,17.851,0.02,0.0,0.02
756,2025-07-30T10:27:25Z,Young,140,140,494,74.912,0.07,0.01,0.07
757,2025-07-30T10:27:26Z,Young,277,277,494,87.835,0.09,0.0,0.09
758,2025-07-30T10:27:26Z,Full,353,4,494,32.048,0.03,0.01,0.03
759,2025-07-30T10:27:26Z,Young,140,140,494,75.859,0.06,0.01,0.07
760,2025-07-30T10:27:27Z,Young,277,277,494,25.464,0.02,0.0,0.03
761,2025-07-30T10:27:27Z,Full,353,4,494,16.622,0.02,0.0,0.01
762,2025-07-30T10:27:27Z,Young,140,140,494,23.246,0.02,0.0,0.02
763,2025-07-30T10:27:28Z,Young,277,277,494,46.699,0.04,0.0,0.04
764,2025-07-30T10:27:28Z,Full,353,4,494,45.1,0.04,0.01,0.04
765,2025-07-30T10:27:28Z,Young,140,140,494,66.918,0.07,0.0,0.07
766,2025-07-30T10:27:29Z,Young,277,277,494,29.714,0.03,0.0,0.03
767,2025-07-30T10:27:29Z,Full,353,4,494,32.143,0.03,0.0,0.03
768,2025-07-30T10:27:29Z,Young,140,140,494,22.468,0.02,0.0,0.02
769,2025-07-30T10:27:29Z,Young,277,277,494,87.807,0.08,0.0,0.08
770,2025-07-30T10:27:30Z,Full,353,4,494,14.363,0.01,0.0,0.02
771,2025-07-30T10:27:30Z,Young,140,140,494,23.191,0.02,0.0,0.03
772,2025-07-30T10:27:30Z,Young,277,277,494,26.285,0.02,0.0,0.02
773,2025-07-30T10:27:30Z,Full,353,4,494,44.482,0.04,0.0,0.05
774,2025-07-30T10:27:31Z,Young,140,140,494,59.951,0.06,0.0,0.06
775,2025-07-30T10:27:31Z,Young,277,277,494,25.672,0.02,0.0,0.02
776,2025-07-30T10:27:31Z,Full,353,4,494,18.281,0.01,0.0,0.02
777,2025-07-30T10:27:32Z,Young,140,140,494,65.946,0.07,0.0,0.07
778,2025-07-30T10:27:32Z,Young,277,277,494,72.718,0.07,0.0,0.07
779,2025-07-30T10:27:32Z,Full,353,4,494,37.391,0.04,0.0,0.04
780,2025-07-30T10:27:33Z,Young,140,140,494,29.869,0.03,0.0,0.03
781,2025-07-30T10:27:33Z,Young,277,277,494,37.525,0.03,0.0,0.04
782,2025-07-30T10:27:33Z,Full,353,4,494,35.875,0.03,0.0,0.03
783,2025-07-30T10:27:34Z,Young,140,140,494,43.074,0.04,0.0,0.04
784,2025-07-30T10:27:34Z,Young,277,277,494,73.565,0.08,0.0,0.07
785,2025-07-30T10:27:34Z,Full,353,4,494,30.776,0.03,0.0,0.03
786,2025-07-30T10:27:35Z,Young,140,140,494,63.137,0.06,0.0,0.06
787,2025-07-30T10:27:35Z,Young,277,277,494,67.66,0.07,0.0,0.07
788,2025-07-30T10:27:35Z,Full,353,4,494,34.707,0.04,0.0,0.03
789,2025-07-30T10:27:36Z,Young,140,140,494,60.056,0.06,0.0,0.06
790,2025-07-30T10:27:36Z,Young,277,277,494,78.586,0.07,0.0,0.08
791,2025-07-30T10:27:36Z,Full,353,4,494,45.372,0.05,0.0,0.05
792,2025-07-30T10:27:37Z,Young,140,140,494,72.47,0.08,0.0,0.07
793,2025-07-30T10:27:37Z,Young,277,277,494,83.472,0.08,0.0,0.08
794,2025-07-30T10:27:37Z,Full,353,4,494,34.917,0.03,0.0,0.04
795,2025-07-30T10:27:38Z,Young,140,140,494,70.96,0.07,0.0,0.07
796,2025-07-30T10:27:38Z,Young,277,277,494,76.488,0.07,0.0,0.08
797,2025-07-30T10:27:38Z,Full,353,4,494,40.912,0.04,0.0,0.04
798,2025-07-30T10:27:39Z,Young,140,140,494,80.192,0.08,0.0,0.08
799,2025-07-30T10:27:39Z,Young,277,277,494,34.82,0.04,0.0,0.03
800,2025-07-30T10:27:39Z,Full,353,4,494,34.03,0.04,0.0,0.03
801,2025-07-30T10:27:40Z,Young,140,140,494,37.842,0.04,0.0,0.04
802,2025-07-30T10:27:40Z,Young,277,277,494,80.932,0.08,0.0,0.08
803,2025-07-30T10:27:40Z,Full,353,4,494,35.01,0.04,0.01,0.04
804,2025-07-30T10:27:41Z,Young,140,140,494,69.712,0.07,0.0,0.07
805,2025-07-30T10:27:41Z,Young,277,277,494,73.354,0.08,0.0,0.07
806,2025-07-30T10:27:41Z,Full,353,4,494,35.469,0.04,0.0,0.03
807,2025-07-30T10:27:42Z,Young,140,140,494,65.018,0.06,0.0,0.06
808,2025-07-30T10:27:42Z,Young,277,277,494,40.777,0.04,0.0,0.04
809,2025-07-30T10:27:42Z,Full,353,4,494,31.043,0.03,0.0,0.03
810,2025-07-30T10:27:43Z,Young,140,140,494,71.622,0.07,0.01,0.07
811,2025-07-30T10:27:43Z,Young,277,277,494,43.821,0.04,0.0,0.04
812,2025-07-30T10:27:43Z,Full,353,4,494,30.744,0.04,0.0,0.03
813,2025-07-30T10:27:44Z,Young,140,140,494,54.988,0.06,0.0,0.05
814,2025-07-30T10:27:44Z,Young,277,277,494,76.541,0.07,0.0,0.07
815,2025-07-30T10:27:44Z,Full,353,4,494,40.097,0.04,0.0,0.04
816,2025-07-30T10:27:45Z,Young,140,140,494,32.221,0.03,0.0,0.03
817,2025-07-30T10:27:45Z,Young,277,277,494,95.661,0.09,0.01,0.1
818,2025-07-30T10:27:45Z,Full,353,4,494,32.537,0.03,0.0,0.04
819,2025-07-30T10:27:46Z,Young,140,140,494,45.226,0.04,0.0,0.04
820,2025-07-30T10:27:46Z,Young,277,277,494,75.27,0.07,0.0,0.07
821,2025-07-30T10:27:46Z,Full,353,4,494,29.487,0.03,0.0,0.03
822,2025-07-30T10:27:47Z,Young,140,140,494,73.758,0.06,0.01,0.07
823,2025-07-30T10:27:47Z,Young,277,277,494,61.934,0.06,0.0,0.06
824,2025-07-30T10:27:47Z,Full,353,4,494,42.249,0.04,0.0,0.05
825,2025-07-30T10:27:48Z,Young,140,140,494,61.552,0.06,0.0,0.06
826,2025-07-30T10:27:48Z,Young,277,277,494,78.47,0.08,0.01,0.08
827,2025-07-30T10:27:48Z,Full,353,4,494,33.79,0.04,0.0,0.04
828,2025-07-30T10:27:49Z,Young,140,140,494,65.865,0.07,0.0,0.06
829,2025-07-30T10:27:49Z,Young,277,277,494,62.898,0.06,0.0,0.07
830,2025-07-30T10:27:49Z,Full,353,4,494,45.835,0.05,0.0,0.05
831,2025-07-30T10:27:50Z,Young,140,140,494,46.654,0.05,0.0,0.05
832,2025-07-30T10:27:50Z,Young,277,277,494,73.971,0.07,0.0,0.07
833,2025-07-30T10:27:50Z,Full,353,4,494,35.714,0.04,0.0,0.03
834,2025-07-30T10:27:51Z,Young,140,140,494,61.713,0.06,0.0,0.06
835,2025-07-30T10:27:51Z,Young,277,277,494,66.32,0.07,0.0,0.06
836,2025-07-30T10:27:51Z,Full,353,4,494,39.934,0.04,0.0,0.04
837,2025-07-30T10:27:52Z,Young,140,140,494,63.062,0.07,0.0,0.06
838,2025-07-30T10:27:52Z,Young,277,277,494,45.318,0.04,0.0,0.05
839,2025-07-30T10:27:52Z,Full,353,4,494,31.4,0.03,0.0,0.03
840,2025-07-30T10:27:53Z,Young,140,140,494,69.147,0.06,0.0,0.07
841,2025-07-30T10:27:53Z,Young,277,277,494,74.734,0.07,0.0,0.07
842,2025-07-30T10:27:53Z,Full,353,4,494,36.929,0.04,0.0,0.04
843,2025-07-30T10:27:54Z,Young,140,140,494,63.703,0.06,0.0,0.06
844,2025-07-30T10:27:54Z,Young,277,277,494,70.178,0.07,0.0,0.07
845,2025-07-30T10:27:54Z,Full,353,4,494,32.531,0.03,0.0,0.03
846,2025-07-30T10:27:54Z,Young,140,140,494,66.268,0.06,0.0,0.06
847,2025-07-30T10:27:55Z,Young,277,277,494,78.724,0.08,0.0,0.08
848,2025-07-30T10:27:55Z,Full,353,4,494,40.277,0.04,0.0,0.04
849,2025-07-30T10:27:55Z,Young,140,140,494,71.174,0.07,0.0,0.07
850,2025-07-30T10:27:56Z,Young,277,277,494,87.775,0.08,0.01,0.09
851,2025-07-30T10:27:56Z,Full,353,4,494,35.618,0.03,0.0,0.04
852,2025-07-30T10:27:56Z,Young,140,140,494,61.36,0.06,0.0,0.06
853,2025-07-30T10:27:57Z,Young,277,277,494,75.009,0.07,0.0,0.08
854,2025-07-30T10:27:57Z,Full,353,4,494,27.861,0.03,0.0,0.03
855,2025-07-30T10:27:57Z,Young,140,140,494,68.615,0.07,0.0,0.06
856,2025-07-30T10:27:58Z,Young,277,277,494,81.193,0.09,0.01,0.08
857,2025-07-30T10:27:58Z,Full,353,4,494,34.399,0.04,0.0,0.03
858,2025-07-30T10:27:58Z,Young,140,140,494,63.379,0.06,0.0,0.06
859,2025-07-30T10:27:59Z,Young,277,277,494,76.084,0.07,0.0,0.07
860,2025-07-30T10:27:59Z,Full,353,4,494,31.384,0.03,0.0,0.03
861,2025-07-30T10:27:59Z,Young,140,140,494,66.012,0.07,0.01,0.06
862,2025-07-30T10:28:00Z,Young,277,277,494,85.23,0.09,0.0,0.09
863,2025-07-30T10:28:00Z,Full,353,4,494,34.654,0.04,0.0,0.03
864,2025-07-30T10:28:01Z,Young,140,140,494,63.631,0.07,0.01,0.07
865,2025-07-30T10:28:01Z,Young,277,277,494,72.564,0.07,0.0,0.07
866,2025-07-30T10:28:01Z,Full,353,4,494,32.816,0.04,0.0,0.04
867,2025-07-30T10:28:01Z,Young,140,140,494,66.518,0.06,0.01,0.06
868,2025-07-30T10:28:02Z,Young,277,277,494,78.399,0.08,0.0,0.08
869,2025-07-30T10:28:02Z,Full,353,4,494,35.463,0.03,0.0,0.04
870,2025-07-30T10:28:02Z,Young,140,140,494,81.244,0.08,0.0,0.08
871,2025-07-30T10:28:03Z,Young,277,277,494,69.831,0.07,0.0,0.07
872,2025-07-30T10:28:03Z,Full,353,4,494,35.624,0.03,0.0,0.04
873,2025-07-30T10:28:04Z,Young,140,140,494,78.777,0.08,0.0,0.08
874,2025-07-30T10:28:04Z,Young,277,277,494,75.713,0.07,0.0,0.08
875,2025-07-30T10:28:04Z,Full,353,4,494,30.304,0.03,0.0,0.03
876,2025-07-30T10:28:04Z,Young,140,140,494,65.424,0.06,0.0,0.07
877,2025-07-30T10:28:05Z,Young,277,277,494,77.992,0.07,0.01,0.08
878,2025-07-30T10:28:05Z,Full,353,4,494,31.463,0.03,0.0,0.03
879,2025-07-30T10:28:05Z,Young,140,140,494,29.466,0.03,0.0,0.03
880,2025-07-30T10:28:06Z,Young,277,277,494,70.645,0.07,0.0,0.08
881,2025-07-30T10:28:06Z,Full,353,4,494,30.774,0.03,0.0,0.03
882,2025-07-30T10:28:06Z,Young,140,140,494,24.264,0.02,0.0,0.02
883,2025-07-30T10:28:07Z,Young,277,277,494,76.663,0.07,0.01,0.07
884,2025-07-30T10:28:07Z,Full,353,4,494,29.507,0.02,0.0,0.02
885,2025-07-30T10:28:07Z,Young,140,140,494,69.535,0.06,0.01,0.07
886,2025-07-30T10:28:08Z,Young,277,277,494,74.938,0.07,0.0,0.08
887,2025-07-30T10:28:08Z,Full,353,4,494,27.873,0.02,0.0,0.03
888,2025-07-30T10:28:08Z,Young,140,140,494,78.822,0.08,0.0,0.08
889,2025-07-30T10:28:09Z,Young,277,277,494,35.928,0.03,0.0,0.04
890,2025-07-30T10:28:09Z,Full,353,4,494,30.57,0.03,0.0,0.03
891,2025-07-30T10:28:09Z,Young,140,140,494,63.9,0.07,0.0,0.06
892,2025-07-30T10:28:10Z,Young,277,277,494,71.318,0.07,0.0,0.07
893,2025-07-30T10:28:10Z,Full,353,4,494,18.734,0.02,0.0,0.02
894,2025-07-30T10:28:10Z,Young,140,140,494,62.169,0.06,0.0,0.06
895,2025-07-30T10:28:11Z,Young,277,277,494,77.758,0.07,0.01,0.08
896,2025-07-30T10:28:11Z,Full,353,4,494,30.264,0.03,0.0,0.03
897,2025-07-30T10:28:11Z,Young,140,140,494,75.476,0.08,0.0,0.08
898,2025-07-30T10:28:12Z,Young,277,277,494,76.942,0.07,0.0,0.07
899,2025-07-30T10:28:12Z,Full,353,4,494,29.476,0.03,0.0,0.03
900,2025-07-30T10:28:12Z,Young,140,140,494,60.972,0.06,0.0,0.06
901,2025-07-30T10:28:13Z,Young,277,277,494,74.756,0.07,0.0,0.08
902,2025-07-30T10:28:13Z,Full,353,4,494,37.499,0.03,0.0,0.04
903,2025-07-30T10:28:13Z,Young,140,140,494,62.899,0.06,0.0,0.06
904,2025-07-30T10:28:14Z,Young,277,277,494,65.424,0.07,0.0,0.07
905,2025-07-30T10:28:14Z,Full,353,4,494,17.661,0.02,0.0,0.02
906,2025-07-30T10:28:14Z,Young,140,140,494,62.554,0.06,0.0,0.06
907,2025-07-30T10:28:15Z,Young,277,277,494,67.8,0.07,0.0,0.07
908,2025-07-30T10:28:15Z,Full,353,4,494,34.521,0.04,0.0,0.03
909,2025-07-30T10:28:15Z,Young,140,140,494,28.482,0.03,0.0,0.03
910,2025-07-30T10:28:16Z,Young,277,277,494,80.239,0.08,0.0,0.08
911,2025-07-30T10:28:16Z,Full,353,4,494,31.347,0.03,0.0,0.03
912,2025-07-30T10:28:16Z,Young,140,140,494,69.442,0.07,0.0,0.07
913,2025-07-30T10:28:17Z,Young,277,277,494,27.685,0.02,0.0,0.03
914,2025-07-30T10:28:17Z,Full,353,4,494,29.664,0.03,0.0,0.03
915,2025-07-30T10:28:17Z,Young,140,140,494,68.134,0.06,0.0,0.07
916,2025-07-30T10:28:18Z,Young,277,277,494,81.735,0.09,0.0,0.08
917,2025-07-30T10:28:18Z,Full,353,4,494,33.561,0.04,0.0,0.03
918,2025-07-30T10:28:18Z,Young,140,140,494,64.45,0.06,0.0,0.06
919,2025-07-30T10:28:19Z,Young,277,277,494,62.879,0.06,0.0,0.07
920,2025-07-30T10:28:19Z,Full,353,4,494,41.15,0.04,0.0,0.04
921,2025-07-30T10:28:19Z,Young,140,140,494,53.914,0.06,0.0,0.06
