gc_id,timestamp,pause_type,heap_before,heap_after,heap_total,pause_ms,user_time,sys_time,real_time,cms_initial_mark_ms,cms_remark_ms
0,2025-08-01T02:21:01Z,Young,0.0,404.0,3430.0,1250.572,1.54,1.7,1.25,,
1,2025-08-01T02:21:01Z,Young,404.0,917.0,3430.0,329.081,1.2,1.22,0.33,,
2,2025-08-01T02:21:02Z,Young,917.0,1437.0,3430.0,329.27,1.31,1.26,0.32,,
3,2025-08-01T02:21:02Z,Young,1437.0,1585.0,3430.0,66.9,0.36,0.17,0.06,,
4,2025-08-01T02:21:02Z,Young,1585.0,2111.0,3430.0,308.178,1.12,1.21,0.31,,
5,2025-08-01T02:21:04Z,Initial Mark,,,,5.264,3.31,4.32,1.18,,
6,2025-08-01T02:21:03Z,Young,2111.0,2638.0,3430.0,501.653,1.3,2.64,0.5,,
7,2025-08-01T02:21:03Z,Young,2638.0,2895.0,3430.0,297.431,0.96,1.38,0.29,,
8,2025-08-01T02:21:04Z,Young,2895.0,521.0,3430.0,943.003,1.0,0.02,0.94,,
9,2025-08-01T02:21:04Z,Full,,,,942.785,,,,,
10,2025-08-01T02:21:05Z,Young,521.0,985.0,3430.0,196.16,1.45,0.07,0.19,,
11,2025-08-01T02:21:05Z,Young,985.0,1515.0,3430.0,180.807,1.31,0.09,0.18,,
12,2025-08-01T02:21:05Z,Young,1515.0,1746.0,3430.0,93.783,0.67,0.06,0.09,,
13,2025-08-01T02:21:06Z,Initial Mark,,,,3.705,4.46,0.3,0.96,,
14,2025-08-01T02:21:05Z,Young,1746.0,2277.0,3430.0,160.143,1.24,0.0,0.16,,
15,2025-08-01T02:21:06Z,Young,2277.0,2806.0,3430.0,189.638,1.41,0.04,0.19,,
16,2025-08-01T02:21:06Z,Young,2806.0,2967.0,3430.0,138.66,0.75,0.26,0.14,,
17,2025-08-01T02:21:07Z,Young,2967.0,618.0,3430.0,1095.286,1.09,0.0,1.1,,
18,2025-08-01T02:21:07Z,Full,,,,1095.016,,,,,
19,2025-08-01T02:21:07Z,Young,618.0,1083.0,3430.0,152.178,1.14,0.0,0.16,,
20,2025-08-01T02:21:08Z,Young,1083.0,1482.0,3430.0,164.974,1.11,0.13,0.16,,
21,2025-08-01T02:21:08Z,Young,1482.0,1809.0,3430.0,166.202,1.21,0.08,0.16,,
22,2025-08-01T02:21:08Z,Initial Mark,,,,3.709,3.06,0.04,0.54,,
23,2025-08-01T02:21:08Z,Young,1809.0,2341.0,3430.0,183.78,1.38,0.04,0.19,,
24,2025-08-01T02:21:08Z,Young,2341.0,2873.0,3430.0,148.759,1.17,0.0,0.15,,
25,2025-08-01T02:21:09Z,Young,2873.0,186.0,3430.0,612.409,0.61,0.0,0.62,,
26,2025-08-01T02:21:09Z,Full,,,,612.151,,,,,
27,2025-08-01T02:21:09Z,Young,186.0,654.0,3430.0,190.876,1.5,0.0,0.19,,
28,2025-08-01T02:21:10Z,Young,654.0,1186.0,3430.0,224.059,1.47,0.11,0.23,,
29,2025-08-01T02:21:10Z,Young,1186.0,1502.0,3430.0,177.048,1.25,0.1,0.17,,
30,2025-08-01T02:21:10Z,Young,1502.0,1857.0,3430.0,141.709,1.11,0.0,0.14,,
31,2025-08-01T02:21:11Z,Initial Mark,,,,3.399,4.87,0.18,0.91,,
32,2025-08-01T02:21:11Z,Young,1857.0,2387.0,3430.0,219.587,1.68,0.04,0.22,,
33,2025-08-01T02:21:11Z,Young,2387.0,2795.0,3430.0,172.869,1.27,0.06,0.18,,
34,2025-08-01T02:21:11Z,Young,2795.0,2993.0,3430.0,143.286,1.04,0.08,0.15,,
35,2025-08-01T02:21:12Z,Young,2993.0,823.0,3430.0,1060.069,1.06,0.0,1.06,,
36,2025-08-01T02:21:12Z,Full,,,,1059.828,,,,,
37,2025-08-01T02:21:13Z,Young,823.0,1155.0,3430.0,147.976,1.08,0.04,0.15,,
38,2025-08-01T02:21:13Z,Young,1155.0,1574.0,3430.0,134.044,0.98,0.01,0.13,,
39,2025-08-01T02:21:13Z,Young,1574.0,1962.0,3430.0,151.124,1.14,0.04,0.15,,
40,2025-08-01T02:21:14Z,Initial Mark,,,,3.782,0.35,0.0,0.33,,
41,2025-08-01T02:21:13Z,Young,1962.0,2493.0,3430.0,164.148,1.27,0.0,0.16,,
42,2025-08-01T02:21:14Z,Young,2493.0,2985.0,3430.0,149.2,1.17,0.0,0.15,,
43,2025-08-01T02:21:15Z,Young,2985.0,390.0,3430.0,1126.299,1.13,0.0,1.12,,
44,2025-08-01T02:21:15Z,Full,,,,1126.028,,,,,
45,2025-08-01T02:21:15Z,Young,390.0,855.0,3430.0,224.937,1.68,0.07,0.23,,
46,2025-08-01T02:21:15Z,Young,855.0,1268.0,3430.0,199.048,1.48,0.07,0.2,,
47,2025-08-01T02:21:16Z,Young,1268.0,1545.0,3430.0,112.209,0.84,0.03,0.11,,
48,2025-08-01T02:21:16Z,Young,1545.0,1957.0,3430.0,127.752,0.99,0.0,0.12,,
49,2025-08-01T02:21:17Z,Initial Mark,,,,2.923,2.42,0.0,0.59,,
50,2025-08-01T02:21:16Z,Young,1957.0,2335.0,3430.0,123.83,0.97,0.0,0.12,,
51,2025-08-01T02:21:16Z,Young,2335.0,2727.0,3430.0,122.965,0.96,0.0,0.12,,
52,2025-08-01T02:21:16Z,Young,2727.0,3016.0,3430.0,102.044,0.79,0.0,0.1,,
53,2025-08-01T02:21:18Z,Young,3016.0,1014.0,3430.0,1464.07,1.46,0.0,1.47,,
54,2025-08-01T02:21:18Z,Full,,,,1463.82,,,,,
55,2025-08-01T02:21:18Z,Young,1014.0,1441.0,3430.0,161.348,1.25,0.0,0.16,,
56,2025-08-01T02:21:18Z,Young,1441.0,1760.0,3430.0,109.506,0.84,0.0,0.11,,
57,2025-08-01T02:21:20Z,Initial Mark,,,,3.504,3.12,0.13,0.77,,
58,2025-08-01T02:21:19Z,Young,1760.0,2215.0,3430.0,140.346,1.1,0.0,0.14,,
59,2025-08-01T02:21:19Z,Young,2215.0,2633.0,3430.0,135.098,1.02,0.0,0.14,,
60,2025-08-01T02:21:19Z,Young,2633.0,3061.0,3430.0,183.795,1.31,0.12,0.19,,
61,2025-08-01T02:21:21Z,Young,3061.0,586.0,3430.0,1154.055,1.15,0.01,1.16,,
62,2025-08-01T02:21:21Z,Full,,,,1153.799,,,,,
63,2025-08-01T02:21:21Z,Young,586.0,1049.0,3430.0,237.321,1.75,0.11,0.23,,
64,2025-08-01T02:21:21Z,Young,1049.0,1394.0,3430.0,140.37,1.03,0.04,0.14,,
65,2025-08-01T02:21:21Z,Young,1394.0,1807.0,3430.0,125.703,0.96,0.01,0.12,,
66,2025-08-01T02:21:23Z,Initial Mark,,,,2.162,0.45,0.0,0.43,,
67,2025-08-01T02:21:22Z,Young,1807.0,2276.0,3430.0,158.032,1.22,0.02,0.16,,
68,2025-08-01T02:21:22Z,Young,2276.0,2701.0,3430.0,142.488,1.09,0.01,0.14,,
69,2025-08-01T02:21:22Z,Young,2701.0,3130.0,3430.0,151.255,1.06,0.13,0.15,,
70,2025-08-01T02:21:24Z,Young,3130.0,682.0,3430.0,1420.363,1.42,0.0,1.42,,
71,2025-08-01T02:21:24Z,Full,,,,1420.117,,,,,
72,2025-08-01T02:21:24Z,Young,682.0,1032.0,3430.0,131.509,1.01,0.01,0.14,,
73,2025-08-01T02:21:24Z,Young,1032.0,1424.0,3430.0,140.174,1.05,0.02,0.14,,
74,2025-08-01T02:21:24Z,Young,1424.0,1700.0,3430.0,123.608,0.94,0.03,0.12,,
75,2025-08-01T02:21:25Z,Young,1700.0,2230.0,3430.0,178.218,1.33,0.03,0.18,,
76,2025-08-01T02:21:25Z,Initial Mark,,,,3.329,3.21,0.13,0.71,,
77,2025-08-01T02:21:25Z,Young,2230.0,2708.0,3430.0,180.252,1.32,0.05,0.18,,
78,2025-08-01T02:21:25Z,Young,2708.0,3142.0,3430.0,166.358,1.16,0.08,0.17,,
79,2025-08-01T02:21:27Z,Young,3142.0,788.0,3430.0,1232.79,1.22,0.01,1.24,,
80,2025-08-01T02:21:27Z,Full,,,,1232.464,,,,,
81,2025-08-01T02:21:27Z,Young,788.0,1202.0,3430.0,155.48,1.16,0.04,0.15,,
82,2025-08-01T02:21:27Z,Young,1202.0,1741.0,3430.0,175.801,1.35,0.02,0.17,,
83,2025-08-01T02:21:28Z,Initial Mark,,,,3.317,3.08,0.01,0.73,,
84,2025-08-01T02:21:27Z,Young,1741.0,2041.0,3430.0,99.552,0.74,0.01,0.1,,
85,2025-08-01T02:21:28Z,Young,2041.0,2487.0,3430.0,140.757,1.09,0.0,0.14,,
86,2025-08-01T02:21:28Z,Young,2487.0,3013.0,3430.0,158.354,1.23,0.01,0.16,,
87,2025-08-01T02:21:29Z,Young,3013.0,808.0,3430.0,1345.498,1.35,0.0,1.34,,
88,2025-08-01T02:21:29Z,Full,,,,1345.173,,,,,
89,2025-08-01T02:21:30Z,Young,808.0,1113.0,3430.0,189.297,1.42,0.04,0.19,,
90,2025-08-01T02:21:30Z,Young,1113.0,1643.0,3430.0,215.409,1.56,0.06,0.22,,
91,2025-08-01T02:21:30Z,Young,1643.0,2060.0,3430.0,193.414,1.46,0.04,0.19,,
92,2025-08-01T02:21:31Z,Initial Mark,,,,4.177,1.62,0.0,0.43,,
93,2025-08-01T02:21:30Z,Young,2060.0,2423.0,3430.0,114.443,0.88,0.0,0.12,,
94,2025-08-01T02:21:31Z,Young,2423.0,2908.0,3430.0,146.239,1.13,0.0,0.15,,
95,2025-08-01T02:21:32Z,Young,2908.0,1279.0,3430.0,1421.996,1.42,0.0,1.42,,
96,2025-08-01T02:21:32Z,Full,,,,1421.725,,,,,
97,2025-08-01T02:21:32Z,Young,1279.0,1608.0,3430.0,173.059,1.26,0.03,0.17,,
98,2025-08-01T02:21:33Z,Young,1608.0,1958.0,3430.0,125.838,0.96,0.02,0.12,,
99,2025-08-01T02:21:34Z,Initial Mark,,,,3.543,2.29,0.02,0.58,,
100,2025-08-01T02:21:33Z,Young,1958.0,2488.0,3430.0,170.034,1.32,0.0,0.17,,
101,2025-08-01T02:21:33Z,Young,2488.0,2784.0,3430.0,109.008,0.83,0.01,0.11,,
102,2025-08-01T02:21:33Z,Young,2784.0,3039.0,3430.0,93.08,0.72,0.01,0.09,,
103,2025-08-01T02:21:35Z,Young,3039.0,846.0,3430.0,1330.303,1.33,0.0,1.33,,
104,2025-08-01T02:21:35Z,Full,,,,1330.033,,,,,
105,2025-08-01T02:21:35Z,Young,846.0,1311.0,3430.0,180.61,1.39,0.03,0.18,,
106,2025-08-01T02:21:35Z,Young,1311.0,1734.0,3430.0,183.42,1.4,0.02,0.18,,
107,2025-08-01T02:21:37Z,Initial Mark,,,,2.207,0.45,0.0,0.42,,
108,2025-08-01T02:21:36Z,Young,1734.0,2135.0,3430.0,139.426,1.03,0.01,0.14,,
109,2025-08-01T02:21:36Z,Young,2135.0,2663.0,3430.0,168.741,1.3,0.02,0.17,,
110,2025-08-01T02:21:36Z,Young,2663.0,2990.0,3430.0,113.566,0.87,0.01,0.11,,
111,2025-08-01T02:21:37Z,Young,2990.0,416.0,3430.0,1200.586,1.21,0.0,1.2,,
112,2025-08-01T02:21:37Z,Full,,,,1200.31,,,,,
113,2025-08-01T02:21:38Z,Young,416.0,884.0,3430.0,229.939,1.59,0.12,0.23,,
114,2025-08-01T02:21:38Z,Young,884.0,1415.0,3430.0,222.541,1.68,0.04,0.22,,
115,2025-08-01T02:21:38Z,Young,1415.0,1548.0,3430.0,100.079,0.76,0.02,0.1,,
116,2025-08-01T02:21:39Z,Young,1548.0,2079.0,3430.0,178.433,1.37,0.02,0.18,,
117,2025-08-01T02:21:39Z,Initial Mark,,,,5.621,0.38,0.0,0.28,,
118,2025-08-01T02:21:39Z,Young,2079.0,2606.0,3430.0,169.405,1.25,0.01,0.17,,
119,2025-08-01T02:21:39Z,Young,2606.0,2934.0,3430.0,116.351,0.91,0.0,0.12,,
120,2025-08-01T02:21:40Z,Young,2934.0,520.0,3430.0,1198.452,1.21,0.0,1.2,,
121,2025-08-01T02:21:40Z,Full,,,,1198.17,,,,,
122,2025-08-01T02:21:41Z,Young,520.0,983.0,3430.0,209.45,1.6,0.04,0.21,,
123,2025-08-01T02:21:41Z,Young,983.0,1390.0,3430.0,233.066,1.71,0.08,0.23,,
124,2025-08-01T02:21:41Z,Young,1390.0,1616.0,3430.0,88.738,0.69,0.0,0.09,,
125,2025-08-01T02:21:42Z,Young,1616.0,2145.0,3430.0,188.183,1.46,0.01,0.19,,
126,2025-08-01T02:21:42Z,Initial Mark,,,,5.863,0.28,0.0,0.24,,
127,2025-08-01T02:21:42Z,Young,2145.0,2677.0,3430.0,162.217,1.25,0.0,0.16,,
128,2025-08-01T02:21:42Z,Young,2677.0,2896.0,3430.0,87.01,0.67,0.01,0.09,,
129,2025-08-01T02:21:43Z,Young,2896.0,617.0,3430.0,1151.594,1.1,0.05,1.15,,
130,2025-08-01T02:21:43Z,Full,,,,1151.251,,,,,
131,2025-08-01T02:21:43Z,Young,617.0,1082.0,3430.0,173.879,1.3,0.01,0.18,,
132,2025-08-01T02:21:44Z,Young,1082.0,1390.0,3430.0,200.945,1.51,0.05,0.2,,
133,2025-08-01T02:21:44Z,Young,1390.0,1871.0,3430.0,148.684,1.09,0.03,0.15,,
134,2025-08-01T02:21:45Z,Initial Mark,,,,3.173,1.52,0.03,0.52,,
135,2025-08-01T02:21:44Z,Young,1871.0,2352.0,3430.0,177.227,1.3,0.05,0.18,,
136,2025-08-01T02:21:45Z,Young,2352.0,2737.0,3430.0,137.586,1.05,0.03,0.14,,
137,2025-08-01T02:21:45Z,Young,2737.0,3094.0,3430.0,126.825,0.96,0.02,0.13,,
138,2025-08-01T02:21:46Z,Young,3094.0,715.0,3430.0,1364.842,1.36,0.01,1.36,,
139,2025-08-01T02:21:46Z,Full,,,,1364.603,,,,,
140,2025-08-01T02:21:46Z,Young,715.0,1181.0,3430.0,150.491,1.15,0.01,0.15,,
141,2025-08-01T02:21:47Z,Young,1181.0,1398.0,3430.0,134.579,1.0,0.03,0.14,,
142,2025-08-01T02:21:47Z,Young,1398.0,1930.0,3430.0,257.704,1.92,0.07,0.26,,
143,2025-08-01T02:21:48Z,Initial Mark,,,,4.389,2.9,0.05,0.7,,
144,2025-08-01T02:21:47Z,Young,1930.0,2411.0,3430.0,154.597,1.21,0.0,0.16,,
145,2025-08-01T02:21:48Z,Young,2411.0,2661.0,3430.0,99.647,0.75,0.02,0.1,,
146,2025-08-01T02:21:48Z,Young,2661.0,3140.0,3430.0,175.299,1.35,0.03,0.17,,
147,2025-08-01T02:21:49Z,Young,3140.0,820.0,3430.0,1333.26,1.34,0.0,1.33,,
148,2025-08-01T02:21:49Z,Full,,,,1333.008,,,,,
149,2025-08-01T02:21:49Z,Young,820.0,1285.0,3430.0,147.117,1.12,0.01,0.15,,
150,2025-08-01T02:21:50Z,Young,1285.0,1581.0,3430.0,107.988,0.8,0.01,0.11,,
151,2025-08-01T02:21:50Z,Young,1581.0,1956.0,3430.0,128.732,0.99,0.01,0.12,,
152,2025-08-01T02:21:51Z,Initial Mark,,,,3.121,2.08,0.38,0.68,,
153,2025-08-01T02:21:50Z,Young,1956.0,2484.0,3430.0,176.209,1.32,0.04,0.17,,
154,2025-08-01T02:21:50Z,Young,2484.0,2786.0,3430.0,100.854,0.78,0.0,0.1,,
155,2025-08-01T02:21:51Z,Young,2786.0,3258.0,3430.0,219.481,1.34,0.38,0.22,,
156,2025-08-01T02:21:52Z,Young,3258.0,916.0,3430.0,1495.727,1.5,0.0,1.5,,
157,2025-08-01T02:21:52Z,Full,,,,1495.478,,,,,
158,2025-08-01T02:21:53Z,Young,916.0,1291.0,3430.0,162.715,1.21,0.05,0.16,,
159,2025-08-01T02:21:53Z,Young,1291.0,1759.0,3430.0,194.666,1.48,0.04,0.2,,
160,2025-08-01T02:21:56Z,Remark,1759.0,280.0,3430.0,30.459,4.7,0.07,1.09,,
161,2025-08-01T02:21:53Z,Young,1759.0,2157.0,3430.0,147.85,1.12,0.02,0.15,,
162,2025-08-01T02:21:53Z,Young,2157.0,2689.0,3430.0,139.459,1.1,0.0,0.14,,
163,2025-08-01T02:21:54Z,Young,2689.0,3054.0,3430.0,208.027,1.55,0.05,0.21,,
164,2025-08-01T02:21:54Z,Young,2595.0,2911.0,3430.0,117.445,0.85,0.02,0.12,,
165,2025-08-01T02:21:54Z,Young,2547.0,3076.0,3430.0,258.097,1.31,0.02,0.26,,
166,2025-08-01T02:21:55Z,Young,2798.0,3251.0,3430.0,173.311,1.24,0.03,0.17,,
167,2025-08-01T02:21:56Z,Young,3170.0,280.0,3430.0,838.959,0.84,0.0,0.84,,
168,2025-08-01T02:21:56Z,Full,,,,836.98,,,,,
169,2025-08-01T02:21:56Z,Young,280.0,748.0,3430.0,182.206,1.34,0.02,0.18,,
170,2025-08-01T02:21:56Z,Young,748.0,1278.0,3430.0,238.091,1.83,0.04,0.24,,
171,2025-08-01T02:21:57Z,Young,1278.0,1691.0,3430.0,249.117,1.87,0.04,0.25,,
172,2025-08-01T02:21:57Z,Young,1691.0,2079.0,3430.0,221.452,1.67,0.05,0.22,,
173,2025-08-01T02:21:58Z,Initial Mark,,,,2.257,3.27,0.06,0.62,,
174,2025-08-01T02:21:57Z,Young,2079.0,2612.0,3430.0,171.635,1.32,0.01,0.17,,
175,2025-08-01T02:21:58Z,Young,2612.0,3055.0,3430.0,170.646,1.26,0.05,0.17,,
176,2025-08-01T02:21:59Z,Young,3055.0,390.0,3430.0,816.318,0.82,0.0,0.82,,
177,2025-08-01T02:21:59Z,Full,,,,816.04,,,,,
178,2025-08-01T02:21:59Z,Young,390.0,855.0,3430.0,185.405,1.39,0.03,0.19,,
179,2025-08-01T02:21:59Z,Young,855.0,1384.0,3430.0,254.426,1.9,0.07,0.25,,
180,2025-08-01T02:21:59Z,Young,1384.0,1686.0,3430.0,115.187,0.85,0.01,0.11,,
181,2025-08-01T02:22:00Z,Young,1686.0,2191.0,3430.0,168.773,1.28,0.0,0.16,,
182,2025-08-01T02:22:00Z,Initial Mark,,,,5.451,0.33,0.0,0.27,,
183,2025-08-01T02:22:00Z,Young,2191.0,2721.0,3430.0,166.111,1.29,0.0,0.17,,
184,2025-08-01T02:22:00Z,Young,2721.0,3023.0,3430.0,101.606,0.78,0.0,0.1,,
185,2025-08-01T02:22:01Z,Young,3023.0,485.0,3430.0,950.566,0.95,0.0,0.95,,
186,2025-08-01T02:22:01Z,Full,,,,950.272,,,,,
187,2025-08-01T02:22:02Z,Young,485.0,950.0,3430.0,228.618,1.73,0.02,0.23,,
188,2025-08-01T02:22:02Z,Young,950.0,1332.0,3430.0,125.278,0.97,0.0,0.13,,
189,2025-08-01T02:22:02Z,Young,1332.0,1530.0,3430.0,162.2,1.22,0.03,0.16,,
190,2025-08-01T02:22:02Z,Young,1530.0,2060.0,3430.0,175.757,1.34,0.02,0.18,,
191,2025-08-01T02:22:03Z,Initial Mark,,,,4.645,1.86,0.03,0.56,,
192,2025-08-01T02:22:03Z,Young,2060.0,2591.0,3430.0,154.82,1.17,0.0,0.15,,
193,2025-08-01T02:22:03Z,Young,2591.0,2958.0,3430.0,141.828,1.08,0.03,0.14,,
194,2025-08-01T02:22:04Z,Young,2958.0,585.0,3430.0,1141.602,1.15,0.0,1.15,,
195,2025-08-01T02:22:04Z,Full,,,,1141.332,,,,,
196,2025-08-01T02:22:04Z,Young,585.0,1048.0,3430.0,188.194,1.47,0.01,0.19,,
197,2025-08-01T02:22:05Z,Young,1048.0,1373.0,3430.0,194.376,1.39,0.06,0.19,,
198,2025-08-01T02:22:05Z,Young,1373.0,1599.0,3430.0,100.888,0.76,0.03,0.1,,
199,2025-08-01T02:22:05Z,Young,1599.0,2130.0,3430.0,171.921,1.31,0.02,0.17,,
200,2025-08-01T02:22:06Z,Initial Mark,,,,3.333,3.22,0.0,0.58,,
201,2025-08-01T02:22:05Z,Young,2130.0,2527.0,3430.0,109.531,0.86,0.0,0.11,,
202,2025-08-01T02:22:06Z,Young,2527.0,3021.0,3430.0,155.486,1.22,0.0,0.16,,
203,2025-08-01T02:22:07Z,Young,3021.0,682.0,3430.0,1034.373,1.05,0.0,1.03,,
204,2025-08-01T02:22:07Z,Full,,,,1034.022,,,,,
205,2025-08-01T02:22:07Z,Young,682.0,1149.0,3430.0,158.402,1.21,0.02,0.16,,
206,2025-08-01T02:22:07Z,Young,1149.0,1494.0,3430.0,206.663,1.57,0.05,0.21,,
207,2025-08-01T02:22:08Z,Young,1494.0,1812.0,3430.0,198.338,1.5,0.05,0.2,,
208,2025-08-01T02:22:10Z,Remark,1812.0,485.0,3430.0,20.317,6.16,0.13,1.27,,
209,2025-08-01T02:22:08Z,Young,1812.0,2340.0,3430.0,147.662,1.16,0.0,0.15,,
210,2025-08-01T02:22:08Z,Young,1967.0,2495.0,3430.0,192.617,1.25,0.01,0.2,,
211,2025-08-01T02:22:09Z,Young,2209.0,2594.0,3430.0,171.285,1.01,0.01,0.17,,
212,2025-08-01T02:22:09Z,Young,1989.0,2489.0,3430.0,238.541,1.31,0.08,0.24,,
213,2025-08-01T02:22:09Z,Young,2349.0,2878.0,3430.0,182.323,1.32,0.02,0.18,,
214,2025-08-01T02:22:10Z,Young,2878.0,485.0,3430.0,860.368,0.86,0.0,0.87,,
215,2025-08-01T02:22:10Z,Full,,,,858.856,,,,,
216,2025-08-01T02:22:10Z,Young,485.0,858.0,3430.0,150.46,1.15,0.01,0.15,,
217,2025-08-01T02:22:11Z,Young,858.0,1391.0,3430.0,210.733,1.61,0.04,0.21,,
218,2025-08-01T02:22:11Z,Young,1391.0,1635.0,3430.0,202.238,1.45,0.06,0.21,,
219,2025-08-01T02:22:11Z,Young,1635.0,2092.0,3430.0,185.533,1.41,0.02,0.19,,
220,2025-08-01T02:22:12Z,Initial Mark,,,,4.41,3.56,0.07,0.75,,
221,2025-08-01T02:22:12Z,Young,2092.0,2593.0,3430.0,160.579,1.25,0.01,0.16,,
222,2025-08-01T02:22:12Z,Young,2593.0,3120.0,3430.0,209.31,1.56,0.06,0.21,,
223,2025-08-01T02:22:13Z,Young,3120.0,586.0,3430.0,1049.593,1.06,0.0,1.05,,
224,2025-08-01T02:22:13Z,Full,,,,1049.327,,,,,
225,2025-08-01T02:22:13Z,Young,586.0,961.0,3430.0,185.542,1.41,0.04,0.18,,
226,2025-08-01T02:22:14Z,Young,961.0,1490.0,3430.0,163.451,1.28,0.0,0.17,,
227,2025-08-01T02:22:14Z,Young,1490.0,1752.0,3430.0,114.741,0.87,0.03,0.11,,
228,2025-08-01T02:22:15Z,Initial Mark,,,,2.892,4.33,0.06,0.9,,
229,2025-08-01T02:22:14Z,Young,1752.0,2099.0,3430.0,147.507,1.09,0.03,0.14,,
230,2025-08-01T02:22:14Z,Young,2099.0,2631.0,3430.0,172.099,1.31,0.03,0.17,,
231,2025-08-01T02:22:14Z,Young,2631.0,3018.0,3430.0,123.292,0.96,0.0,0.13,,
232,2025-08-01T02:22:16Z,Young,3018.0,685.0,3430.0,1202.917,1.21,0.0,1.2,,
233,2025-08-01T02:22:16Z,Full,,,,1202.638,,,,,
234,2025-08-01T02:22:16Z,Young,685.0,1127.0,3430.0,190.923,1.45,0.03,0.19,,
235,2025-08-01T02:22:16Z,Young,1127.0,1658.0,3430.0,157.925,1.23,0.01,0.16,,
236,2025-08-01T02:22:17Z,Young,1658.0,2050.0,3430.0,175.211,1.3,0.04,0.18,,
237,2025-08-01T02:22:17Z,Initial Mark,,,,4.024,3.65,0.06,0.65,,
238,2025-08-01T02:22:17Z,Young,2050.0,2422.0,3430.0,145.747,1.12,0.01,0.14,,
239,2025-08-01T02:22:17Z,Young,2422.0,2951.0,3430.0,200.934,1.48,0.05,0.2,,
240,2025-08-01T02:22:18Z,Young,2951.0,713.0,3430.0,1071.304,1.08,0.0,1.07,,
241,2025-08-01T02:22:18Z,Full,,,,1071.009,,,,,
242,2025-08-01T02:22:19Z,Young,713.0,1056.0,3430.0,313.548,2.4,0.07,0.32,,
243,2025-08-01T02:22:19Z,Young,1056.0,1559.0,3430.0,231.062,1.76,0.04,0.24,,
244,2025-08-01T02:22:19Z,Young,1559.0,1961.0,3430.0,149.097,1.07,0.05,0.15,,
245,2025-08-01T02:22:21Z,Initial Mark,,,,3.661,0.45,0.0,0.43,,
246,2025-08-01T02:22:20Z,Young,1961.0,2433.0,3430.0,155.593,1.23,0.0,0.15,,
247,2025-08-01T02:22:20Z,Young,2433.0,2813.0,3430.0,129.563,0.99,0.01,0.13,,
248,2025-08-01T02:22:20Z,Young,2813.0,3345.0,3430.0,261.011,1.77,0.3,0.26,,
249,2025-08-01T02:22:22Z,Young,3345.0,815.0,3430.0,1523.612,1.53,0.0,1.52,,
250,2025-08-01T02:22:22Z,Full,,,,1523.344,,,,,
251,2025-08-01T02:22:22Z,Young,815.0,1192.0,3430.0,159.139,1.2,0.04,0.16,,
252,2025-08-01T02:22:22Z,Young,1192.0,1675.0,3430.0,155.914,1.19,0.02,0.16,,
253,2025-08-01T02:22:22Z,Young,1675.0,1967.0,3430.0,86.949,0.68,0.0,0.09,,
254,2025-08-01T02:22:23Z,Initial Mark,,,,2.443,2.85,0.03,0.67,,
255,2025-08-01T02:22:23Z,Young,1967.0,2363.0,3430.0,174.987,1.32,0.04,0.18,,
256,2025-08-01T02:22:23Z,Young,2363.0,2773.0,3430.0,117.813,0.93,0.0,0.12,,
257,2025-08-01T02:22:23Z,Young,2773.0,3162.0,3430.0,155.676,1.16,0.03,0.16,,
258,2025-08-01T02:22:25Z,Young,3162.0,916.0,3430.0,1394.59,1.4,0.0,1.39,,
259,2025-08-01T02:22:25Z,Full,,,,1394.343,,,,,
260,2025-08-01T02:22:25Z,Young,916.0,1347.0,3430.0,215.346,1.61,0.05,0.21,,
261,2025-08-01T02:22:25Z,Young,1347.0,1778.0,3430.0,145.5,1.11,0.02,0.14,,
262,2025-08-01T02:22:27Z,Initial Mark,,,,4.059,0.5,0.02,0.46,,
263,2025-08-01T02:22:25Z,Young,1778.0,2151.0,3430.0,109.815,0.81,0.02,0.11,,
264,2025-08-01T02:22:26Z,Young,2151.0,2579.0,3430.0,155.853,1.18,0.02,0.16,,
265,2025-08-01T02:22:26Z,Young,2579.0,2978.0,3430.0,143.016,1.09,0.02,0.14,,
266,2025-08-01T02:22:26Z,Young,2978.0,3262.0,3430.0,126.195,0.95,0.03,0.13,,
267,2025-08-01T02:22:28Z,Young,3262.0,1010.0,3430.0,1754.027,1.73,0.02,1.75,,
268,2025-08-01T02:22:28Z,Full,,,,1753.754,,,,,
269,2025-08-01T02:22:28Z,Young,1010.0,1429.0,3430.0,164.248,1.26,0.03,0.16,,
270,2025-08-01T02:22:29Z,Young,1429.0,1941.0,3430.0,185.993,1.4,0.01,0.19,,
271,2025-08-01T02:22:29Z,Initial Mark,,,,2.521,4.71,0.03,0.85,,
272,2025-08-01T02:22:29Z,Young,1941.0,2369.0,3430.0,133.72,1.05,0.0,0.14,,
273,2025-08-01T02:22:29Z,Young,2369.0,2802.0,3430.0,136.443,1.04,0.01,0.13,,
274,2025-08-01T02:22:29Z,Young,2802.0,3237.0,3430.0,145.16,1.12,0.02,0.15,,
275,2025-08-01T02:22:30Z,Young,3237.0,583.0,3430.0,992.113,1.01,0.0,0.99,,
276,2025-08-01T02:22:30Z,Full,,,,991.748,,,,,
277,2025-08-01T02:22:31Z,Young,583.0,1051.0,3430.0,143.89,1.1,0.0,0.14,,
278,2025-08-01T02:22:31Z,Young,1051.0,1408.0,3430.0,279.655,2.08,0.07,0.28,,
279,2025-08-01T02:22:31Z,Young,1408.0,1825.0,3430.0,181.965,1.41,0.02,0.18,,
280,2025-08-01T02:22:32Z,Initial Mark,,,,2.944,0.55,0.0,0.41,,
281,2025-08-01T02:22:31Z,Young,1825.0,2287.0,3430.0,133.763,1.05,0.0,0.13,,
282,2025-08-01T02:22:32Z,Young,2287.0,2718.0,3430.0,133.89,1.05,0.0,0.14,,
283,2025-08-01T02:22:32Z,Young,2718.0,3023.0,3430.0,103.124,0.79,0.0,0.1,,
284,2025-08-01T02:22:33Z,Young,3023.0,683.0,3430.0,1341.159,1.34,0.0,1.34,,
285,2025-08-01T02:22:33Z,Full,,,,1340.9,,,,,
286,2025-08-01T02:22:34Z,Young,683.0,1027.0,3430.0,209.714,1.56,0.05,0.21,,
287,2025-08-01T02:22:34Z,Young,1027.0,1413.0,3430.0,175.03,1.26,0.05,0.17,,
288,2025-08-01T02:22:34Z,Young,1413.0,1880.0,3430.0,179.996,1.34,0.04,0.18,,
289,2025-08-01T02:22:35Z,Initial Mark,,,,2.569,0.44,0.0,0.41,,
290,2025-08-01T02:22:34Z,Young,1880.0,2364.0,3430.0,161.328,1.24,0.02,0.16,,
291,2025-08-01T02:22:35Z,Young,2364.0,2829.0,3430.0,139.515,1.07,0.01,0.14,,
292,2025-08-01T02:22:35Z,Young,2829.0,3156.0,3430.0,112.641,0.87,0.01,0.12,,
293,2025-08-01T02:22:37Z,Young,3156.0,784.0,3430.0,1505.018,1.51,0.0,1.5,,
294,2025-08-01T02:22:37Z,Full,,,,1504.769,,,,,
295,2025-08-01T02:22:37Z,Young,784.0,1158.0,3430.0,190.577,1.38,0.06,0.19,,
296,2025-08-01T02:22:37Z,Young,1158.0,1543.0,3430.0,174.78,1.32,0.04,0.17,,
297,2025-08-01T02:22:37Z,Young,1543.0,1866.0,3430.0,117.435,0.89,0.01,0.12,,
298,2025-08-01T02:22:38Z,Initial Mark,,,,3.917,3.05,0.02,0.72,,
299,2025-08-01T02:22:37Z,Young,1866.0,2241.0,3430.0,112.936,0.89,0.0,0.11,,
300,2025-08-01T02:22:38Z,Young,2241.0,2771.0,3430.0,171.255,1.34,0.01,0.17,,
301,2025-08-01T02:22:38Z,Young,2771.0,3123.0,3430.0,114.468,0.88,0.01,0.12,,
302,2025-08-01T02:22:39Z,Young,3123.0,886.0,3430.0,1373.995,1.38,0.0,1.37,,
303,2025-08-01T02:22:39Z,Full,,,,1373.616,,,,,
304,2025-08-01T02:22:40Z,Young,886.0,1312.0,3430.0,218.35,1.62,0.05,0.22,,
305,2025-08-01T02:22:40Z,Young,1312.0,1725.0,3430.0,128.403,0.95,0.02,0.13,,
306,2025-08-01T02:22:41Z,Initial Mark,,,,5.885,4.42,0.03,0.8,,
307,2025-08-01T02:22:40Z,Young,1725.0,2048.0,3430.0,112.106,0.85,0.01,0.11,,
308,2025-08-01T02:22:40Z,Young,2048.0,2479.0,3430.0,125.834,0.96,0.01,0.13,,
309,2025-08-01T02:22:41Z,Young,2479.0,3008.0,3430.0,158.058,1.22,0.01,0.16,,
310,2025-08-01T02:22:42Z,Young,3008.0,450.0,3430.0,895.302,0.92,0.0,0.9,,
311,2025-08-01T02:22:42Z,Full,,,,894.989,,,,,
312,2025-08-01T02:22:42Z,Young,450.0,810.0,3430.0,180.922,1.37,0.03,0.18,,
313,2025-08-01T02:22:42Z,Young,810.0,1341.0,3430.0,192.425,1.45,0.05,0.2,,
314,2025-08-01T02:22:42Z,Young,1341.0,1745.0,3430.0,173.174,1.3,0.04,0.17,,
315,2025-08-01T02:22:43Z,Initial Mark,,,,3.091,5.14,0.05,0.87,,
316,2025-08-01T02:22:43Z,Young,1745.0,2174.0,3430.0,161.284,1.23,0.03,0.16,,
317,2025-08-01T02:22:43Z,Young,2174.0,2658.0,3430.0,159.403,1.2,0.02,0.16,,
318,2025-08-01T02:22:43Z,Young,2658.0,3190.0,3430.0,160.434,1.25,0.0,0.16,,
319,2025-08-01T02:22:44Z,Young,3190.0,548.0,3430.0,934.748,0.94,0.0,0.93,,
320,2025-08-01T02:22:44Z,Full,,,,934.439,,,,,
321,2025-08-01T02:22:45Z,Young,548.0,921.0,3430.0,180.652,1.34,0.04,0.18,,
322,2025-08-01T02:22:45Z,Young,921.0,1453.0,3430.0,158.909,1.24,0.01,0.16,,
323,2025-08-01T02:22:45Z,Young,1453.0,1547.0,3430.0,116.285,0.77,0.06,0.11,,
324,2025-08-01T02:22:45Z,Young,1547.0,2078.0,3430.0,173.224,1.3,0.04,0.17,,
325,2025-08-01T02:22:46Z,Initial Mark,,,,3.456,3.08,0.04,0.61,,
326,2025-08-01T02:22:46Z,Young,2078.0,2574.0,3430.0,155.052,1.18,0.01,0.16,,
327,2025-08-01T02:22:46Z,Young,2574.0,3105.0,3430.0,158.485,1.22,0.01,0.16,,
328,2025-08-01T02:22:47Z,Young,3105.0,654.0,3430.0,936.697,0.93,0.0,0.94,,
329,2025-08-01T02:22:47Z,Full,,,,936.458,,,,,
330,2025-08-01T02:22:47Z,Young,654.0,1028.0,3430.0,172.039,1.35,0.0,0.17,,
331,2025-08-01T02:22:48Z,Young,1028.0,1557.0,3430.0,172.219,1.32,0.01,0.17,,
332,2025-08-01T02:22:48Z,Young,1557.0,1750.0,3430.0,118.56,0.88,0.04,0.12,,
333,2025-08-01T02:22:49Z,Initial Mark,,,,4.425,4.59,0.05,0.93,,
334,2025-08-01T02:22:48Z,Young,1750.0,2156.0,3430.0,197.942,1.51,0.05,0.19,,
335,2025-08-01T02:22:48Z,Young,2156.0,2687.0,3430.0,143.675,1.12,0.0,0.14,,
336,2025-08-01T02:22:49Z,Young,2687.0,3087.0,3430.0,133.16,1.04,0.0,0.13,,
337,2025-08-01T02:22:50Z,Young,3087.0,751.0,3430.0,1249.764,1.25,0.0,1.25,,
338,2025-08-01T02:22:50Z,Full,,,,1249.493,,,,,
339,2025-08-01T02:22:50Z,Young,751.0,1185.0,3430.0,172.924,1.27,0.04,0.17,,
340,2025-08-01T02:22:51Z,Young,1185.0,1718.0,3430.0,198.832,1.51,0.03,0.2,,
341,2025-08-01T02:22:51Z,Initial Mark,,,,4.023,5.08,0.07,0.95,,
342,2025-08-01T02:22:51Z,Young,1718.0,2142.0,3430.0,144.055,1.1,0.0,0.14,,
343,2025-08-01T02:22:51Z,Young,2142.0,2527.0,3430.0,145.733,1.11,0.03,0.14,,
344,2025-08-01T02:22:51Z,Young,2527.0,3055.0,3430.0,178.061,1.32,0.04,0.18,,
345,2025-08-01T02:22:53Z,Young,3055.0,771.0,3430.0,1140.799,1.24,0.0,1.14,,
346,2025-08-01T02:22:53Z,Full,,,,1140.571,,,,,
347,2025-08-01T02:22:53Z,Young,771.0,1026.0,3430.0,189.869,1.43,0.06,0.19,,
348,2025-08-01T02:22:53Z,Young,1026.0,1557.0,3430.0,214.689,1.58,0.07,0.22,,
349,2025-08-01T02:22:53Z,Young,1557.0,1768.0,3430.0,93.238,0.7,0.01,0.09,,
350,2025-08-01T02:22:55Z,Remark,1768.0,2640.0,3430.0,16.25,0.01,0.0,0.01,,
351,2025-08-01T02:22:54Z,Young,1768.0,2301.0,3430.0,171.328,1.31,0.01,0.17,,
352,2025-08-01T02:22:54Z,Young,1802.0,2202.0,3430.0,154.475,1.05,0.02,0.16,,
353,2025-08-01T02:22:54Z,Young,1894.0,2423.0,3430.0,230.044,1.28,0.04,0.23,,
354,2025-08-01T02:22:54Z,Young,1953.0,2358.0,3430.0,136.004,0.8,0.02,0.13,,
355,2025-08-01T02:22:55Z,Young,2358.0,2640.0,3430.0,126.841,0.92,0.03,0.13,,
356,2025-08-01T02:22:55Z,Young,2640.0,3170.0,3430.0,180.697,1.39,0.02,0.18,,
357,2025-08-01T02:22:55Z,Initial Mark,,,,4.462,0.52,0.0,0.18,,
358,2025-08-01T02:22:56Z,Young,3170.0,658.0,3430.0,1064.767,1.16,0.0,1.06,,
359,2025-08-01T02:22:56Z,Full,,,,1064.367,,,,,
360,2025-08-01T02:22:56Z,Young,658.0,1124.0,3430.0,214.871,1.62,0.04,0.21,,
361,2025-08-01T02:22:57Z,Young,1124.0,1561.0,3430.0,161.708,1.21,0.02,0.16,,
362,2025-08-01T02:22:58Z,Initial Mark,,,,4.623,2.09,0.02,0.75,,
363,2025-08-01T02:22:57Z,Young,1561.0,1989.0,3430.0,135.923,1.05,0.01,0.14,,
364,2025-08-01T02:22:57Z,Young,1989.0,2467.0,3430.0,159.549,1.24,0.01,0.16,,
365,2025-08-01T02:22:57Z,Young,2467.0,2763.0,3430.0,120.847,0.91,0.03,0.12,,
366,2025-08-01T02:22:58Z,Young,2763.0,3291.0,3430.0,167.521,1.28,0.02,0.16,,
367,2025-08-01T02:22:59Z,Young,3291.0,754.0,3430.0,1339.095,1.34,0.0,1.33,,
368,2025-08-01T02:22:59Z,Full,,,,1338.869,,,,,
369,2025-08-01T02:22:59Z,Young,754.0,1089.0,3430.0,139.162,1.05,0.01,0.14,,
370,2025-08-01T02:23:00Z,Young,1089.0,1544.0,3430.0,176.931,1.29,0.03,0.17,,
371,2025-08-01T02:23:00Z,Initial Mark,,,,2.407,4.98,0.07,0.86,,
372,2025-08-01T02:23:00Z,Young,1544.0,1824.0,3430.0,131.501,1.0,0.04,0.13,,
373,2025-08-01T02:23:00Z,Young,1824.0,2356.0,3430.0,176.081,1.35,0.01,0.17,,
374,2025-08-01T02:23:00Z,Young,2356.0,2835.0,3430.0,154.01,1.18,0.02,0.16,,
375,2025-08-01T02:23:01Z,Young,2835.0,774.0,3430.0,972.608,0.98,0.0,0.97,,
376,2025-08-01T02:23:01Z,Full,,,,972.243,,,,,
377,2025-08-01T02:23:02Z,Young,774.0,1213.0,3430.0,234.631,1.65,0.09,0.23,,
378,2025-08-01T02:23:02Z,Young,1213.0,1647.0,3430.0,151.846,1.14,0.03,0.15,,
379,2025-08-01T02:23:04Z,Initial Mark,,,,2.255,1.77,0.02,0.69,,
380,2025-08-01T02:23:02Z,Young,1647.0,2071.0,3430.0,164.865,1.23,0.03,0.16,,
381,2025-08-01T02:23:03Z,Young,2071.0,2456.0,3430.0,147.935,1.11,0.03,0.15,,
382,2025-08-01T02:23:03Z,Young,2456.0,2865.0,3430.0,129.916,0.97,0.02,0.13,,
383,2025-08-01T02:23:03Z,Young,2865.0,3236.0,3430.0,140.717,1.07,0.02,0.14,,
384,2025-08-01T02:23:05Z,Young,3236.0,877.0,3430.0,1560.922,1.57,0.0,1.56,,
385,2025-08-01T02:23:05Z,Full,,,,1560.668,,,,,
386,2025-08-01T02:23:05Z,Young,877.0,1328.0,3430.0,255.34,1.84,0.09,0.26,,
387,2025-08-01T02:23:05Z,Young,1328.0,1815.0,3430.0,150.341,1.17,0.01,0.15,,
388,2025-08-01T02:23:06Z,Initial Mark,,,,3.282,0.44,0.0,0.42,,
389,2025-08-01T02:23:06Z,Young,1815.0,2283.0,3430.0,156.483,1.2,0.01,0.16,,
390,2025-08-01T02:23:06Z,Young,2283.0,2663.0,3430.0,131.037,0.99,0.01,0.13,,
391,2025-08-01T02:23:06Z,Young,2663.0,3097.0,3430.0,129.864,0.97,0.02,0.13,,
392,2025-08-01T02:23:08Z,Young,3097.0,902.0,3430.0,1453.326,1.46,0.0,1.45,,
393,2025-08-01T02:23:08Z,Full,,,,1452.779,,,,,
394,2025-08-01T02:23:08Z,Young,902.0,1148.0,3430.0,108.928,0.83,0.01,0.11,,
395,2025-08-01T02:23:08Z,Young,1148.0,1681.0,3430.0,169.787,1.28,0.02,0.17,,
396,2025-08-01T02:23:11Z,Remark,1681.0,633.0,3430.0,24.391,3.21,0.04,0.85,,
397,2025-08-01T02:23:08Z,Young,1681.0,2201.0,3430.0,168.748,1.3,0.03,0.17,,
398,2025-08-01T02:23:09Z,Young,2201.0,2650.0,3430.0,154.334,1.18,0.01,0.16,,
399,2025-08-01T02:23:09Z,Young,2650.0,3131.0,3430.0,225.894,1.7,0.06,0.23,,
400,2025-08-01T02:23:09Z,Young,2636.0,3111.0,3430.0,180.855,1.18,0.03,0.19,,
401,2025-08-01T02:23:10Z,Young,2803.0,3186.0,3430.0,177.135,1.07,0.01,0.18,,
402,2025-08-01T02:23:11Z,Young,2945.0,633.0,3430.0,1305.568,1.3,0.0,1.31,,
403,2025-08-01T02:23:11Z,Full,,,,1304.003,,,,,
404,2025-08-01T02:23:11Z,Young,633.0,1066.0,3430.0,162.384,1.2,0.04,0.16,,
405,2025-08-01T02:23:11Z,Young,1066.0,1595.0,3430.0,146.992,1.15,0.01,0.15,,
406,2025-08-01T02:23:13Z,Initial Mark,,,,4.18,0.48,0.0,0.43,,
407,2025-08-01T02:23:12Z,Young,1595.0,2087.0,3430.0,151.044,1.18,0.01,0.15,,
408,2025-08-01T02:23:12Z,Young,2087.0,2421.0,3430.0,122.9,0.91,0.03,0.12,,
409,2025-08-01T02:23:12Z,Young,2421.0,2951.0,3430.0,184.173,1.37,0.05,0.19,,
410,2025-08-01T02:23:14Z,Young,2951.0,1100.0,3430.0,1668.19,1.66,0.0,1.67,,
411,2025-08-01T02:23:14Z,Full,,,,1667.948,,,,,
412,2025-08-01T02:23:14Z,Young,1100.0,1245.0,3430.0,146.471,1.1,0.03,0.14,,
413,2025-08-01T02:23:14Z,Young,1245.0,1775.0,3430.0,149.589,1.14,0.01,0.15,,
414,2025-08-01T02:23:16Z,Initial Mark,,,,2.871,0.48,0.0,0.43,,
415,2025-08-01T02:23:15Z,Young,1775.0,2305.0,3430.0,160.191,1.26,0.0,0.16,,
416,2025-08-01T02:23:15Z,Young,2305.0,2674.0,3430.0,130.771,0.99,0.02,0.13,,
417,2025-08-01T02:23:15Z,Young,2674.0,3126.0,3430.0,147.95,1.13,0.01,0.15,,
418,2025-08-01T02:23:17Z,Young,3126.0,1117.0,3430.0,1730.16,1.73,0.0,1.73,,
419,2025-08-01T02:23:17Z,Full,,,,1729.927,,,,,
420,2025-08-01T02:23:17Z,Young,1117.0,1493.0,3430.0,167.288,1.23,0.03,0.17,,
421,2025-08-01T02:23:17Z,Young,1493.0,1758.0,3430.0,111.448,0.85,0.02,0.11,,
422,2025-08-01T02:23:18Z,Young,1758.0,2287.0,3430.0,219.797,1.64,0.05,0.22,,
423,2025-08-01T02:23:19Z,Initial Mark,,,,3.896,0.28,0.0,0.22,,
424,2025-08-01T02:23:18Z,Young,2287.0,2678.0,3430.0,141.521,1.08,0.01,0.14,,
425,2025-08-01T02:23:18Z,Young,2678.0,2952.0,3430.0,98.7,0.76,0.0,0.09,,
426,2025-08-01T02:23:20Z,Young,2952.0,684.0,3430.0,1271.33,1.24,0.04,1.27,,
427,2025-08-01T02:23:20Z,Full,,,,1271.104,,,,,
428,2025-08-01T02:23:20Z,Young,684.0,1147.0,3430.0,180.279,1.34,0.03,0.18,,
429,2025-08-01T02:23:20Z,Young,1147.0,1291.0,3430.0,81.003,0.58,0.02,0.08,,
430,2025-08-01T02:23:20Z,Young,1291.0,1824.0,3430.0,190.255,1.43,0.03,0.19,,
431,2025-08-01T02:23:22Z,Initial Mark,,,,3.134,0.46,0.02,0.46,,
432,2025-08-01T02:23:21Z,Young,1824.0,2299.0,3430.0,166.027,1.26,0.03,0.17,,
433,2025-08-01T02:23:21Z,Young,2299.0,2716.0,3430.0,138.236,1.07,0.01,0.14,,
434,2025-08-01T02:23:21Z,Young,2716.0,3145.0,3430.0,157.686,1.23,0.0,0.15,,
435,2025-08-01T02:23:23Z,Young,3145.0,783.0,3430.0,1521.455,1.46,0.07,1.52,,
436,2025-08-01T02:23:23Z,Full,,,,1521.217,,,,,
437,2025-08-01T02:23:23Z,Young,783.0,1136.0,3430.0,151.749,1.14,0.04,0.15,,
438,2025-08-01T02:23:23Z,Young,1136.0,1441.0,3430.0,138.671,1.03,0.01,0.14,,
439,2025-08-01T02:23:24Z,Young,1441.0,1971.0,3430.0,147.06,1.12,0.01,0.15,,
440,2025-08-01T02:23:25Z,Initial Mark,,,,2.748,0.34,0.0,0.31,,
441,2025-08-01T02:23:24Z,Young,1971.0,2457.0,3430.0,170.391,1.29,0.03,0.17,,
442,2025-08-01T02:23:24Z,Young,2457.0,2918.0,3430.0,171.436,1.3,0.03,0.18,,
443,2025-08-01T02:23:26Z,Young,2918.0,806.0,3430.0,1283.225,1.23,0.06,1.28,,
444,2025-08-01T02:23:26Z,Full,,,,1282.969,,,,,
445,2025-08-01T02:23:26Z,Young,806.0,1191.0,3430.0,146.996,1.11,0.03,0.15,,
446,2025-08-01T02:23:26Z,Young,1191.0,1579.0,3430.0,166.941,1.26,0.03,0.16,,
447,2025-08-01T02:23:26Z,Young,1579.0,1952.0,3430.0,166.285,1.29,0.02,0.17,,
448,2025-08-01T02:23:27Z,Initial Mark,,,,3.178,2.99,0.03,0.73,,
449,2025-08-01T02:23:27Z,Young,1952.0,2484.0,3430.0,179.616,1.32,0.03,0.18,,
450,2025-08-01T02:23:27Z,Young,2484.0,2804.0,3430.0,118.299,0.91,0.01,0.12,,
451,2025-08-01T02:23:27Z,Young,2804.0,3227.0,3430.0,162.777,1.26,0.02,0.16,,
452,2025-08-01T02:23:29Z,Young,3227.0,908.0,3430.0,1353.939,1.32,0.04,1.36,,
453,2025-08-01T02:23:29Z,Full,,,,1353.663,,,,,
454,2025-08-01T02:23:29Z,Young,908.0,1274.0,3430.0,196.913,1.52,0.02,0.2,,
455,2025-08-01T02:23:29Z,Young,1274.0,1777.0,3430.0,162.687,1.24,0.03,0.16,,
456,2025-08-01T02:23:30Z,Initial Mark,,,,3.73,1.76,0.01,0.57,,
457,2025-08-01T02:23:29Z,Young,1777.0,2186.0,3430.0,123.753,0.97,0.0,0.12,,
458,2025-08-01T02:23:30Z,Young,2186.0,2715.0,3430.0,170.632,1.32,0.02,0.17,,
459,2025-08-01T02:23:30Z,Young,2715.0,3100.0,3430.0,124.328,0.97,0.0,0.13,,
460,2025-08-01T02:23:31Z,Young,3100.0,478.0,3430.0,1157.483,1.12,0.04,1.16,,
461,2025-08-01T02:23:31Z,Full,,,,1157.184,,,,,
462,2025-08-01T02:23:31Z,Young,478.0,944.0,3430.0,154.052,1.17,0.02,0.16,,
463,2025-08-01T02:23:32Z,Young,944.0,1225.0,3430.0,145.098,1.06,0.05,0.14,,
464,2025-08-01T02:23:32Z,Young,1225.0,1598.0,3430.0,176.439,1.3,0.05,0.18,,
465,2025-08-01T02:23:33Z,Initial Mark,,,,3.034,3.15,0.0,0.84,,
466,2025-08-01T02:23:32Z,Young,1598.0,2023.0,3430.0,141.695,1.1,0.01,0.15,,
467,2025-08-01T02:23:32Z,Young,2023.0,2425.0,3430.0,110.971,0.87,0.0,0.11,,
468,2025-08-01T02:23:33Z,Young,2425.0,2892.0,3430.0,139.088,1.1,0.0,0.13,,
469,2025-08-01T02:23:33Z,Young,2892.0,3346.0,3430.0,137.661,1.05,0.0,0.14,,
470,2025-08-01T02:23:34Z,Young,3346.0,658.0,3430.0,1240.456,1.25,0.0,1.24,,
471,2025-08-01T02:23:34Z,Full,,,,1240.221,,,,,
472,2025-08-01T02:23:35Z,Young,658.0,1032.0,3430.0,138.636,1.07,0.01,0.13,,
473,2025-08-01T02:23:35Z,Young,1032.0,1562.0,3430.0,189.236,1.44,0.03,0.19,,
474,2025-08-01T02:23:36Z,Remark,1562.0,2851.0,3430.0,15.149,0.04,0.0,0.01,,
475,2025-08-01T02:23:35Z,Young,1562.0,1979.0,3430.0,155.142,1.18,0.02,0.15,,
476,2025-08-01T02:23:35Z,Young,1565.0,1911.0,3430.0,143.78,0.98,0.02,0.14,,
477,2025-08-01T02:23:36Z,Young,1684.0,2215.0,3430.0,208.637,1.28,0.03,0.21,,
478,2025-08-01T02:23:36Z,Young,2046.0,2480.0,3430.0,153.312,1.04,0.03,0.15,,
479,2025-08-01T02:23:36Z,Young,2480.0,2851.0,3430.0,197.231,1.51,0.04,0.19,,
480,2025-08-01T02:23:37Z,Young,2851.0,3326.0,3430.0,172.323,1.29,0.05,0.17,,
481,2025-08-01T02:23:37Z,Initial Mark,,,,4.057,0.45,0.0,0.15,,
482,2025-08-01T02:23:38Z,Young,3326.0,1366.0,3430.0,1614.404,1.61,0.05,1.62,,
483,2025-08-01T02:23:38Z,Full,,,,1614.142,,,,,
484,2025-08-01T02:23:38Z,Young,1366.0,1604.0,3430.0,90.495,0.7,0.0,0.09,,
485,2025-08-01T02:23:39Z,Young,1604.0,2020.0,3430.0,158.662,1.22,0.03,0.16,,
486,2025-08-01T02:23:40Z,Initial Mark,,,,5.942,0.36,0.0,0.27,,
487,2025-08-01T02:23:39Z,Young,2020.0,2551.0,3430.0,196.435,1.5,0.03,0.2,,
488,2025-08-01T02:23:39Z,Young,2551.0,2853.0,3430.0,102.249,0.79,0.01,0.1,,
489,2025-08-01T02:23:41Z,Young,2853.0,857.0,3430.0,1355.757,1.3,0.05,1.35,,
490,2025-08-01T02:23:41Z,Full,,,,1355.459,,,,,
491,2025-08-01T02:23:41Z,Young,857.0,1283.0,3430.0,207.92,1.57,0.04,0.2,,
492,2025-08-01T02:23:41Z,Young,1283.0,1814.0,3430.0,167.386,1.23,0.03,0.17,,
493,2025-08-01T02:23:42Z,Initial Mark,,,,3.603,4.73,0.06,0.86,,
494,2025-08-01T02:23:41Z,Young,1814.0,2176.0,3430.0,125.877,0.96,0.02,0.13,,
495,2025-08-01T02:23:42Z,Young,2176.0,2591.0,3430.0,129.154,0.97,0.01,0.13,,
496,2025-08-01T02:23:42Z,Young,2591.0,3121.0,3430.0,173.475,1.32,0.02,0.18,,
497,2025-08-01T02:23:43Z,Young,3121.0,422.0,3430.0,906.101,0.94,0.0,0.91,,
498,2025-08-01T02:23:43Z,Full,,,,905.759,,,,,
499,2025-08-01T02:23:43Z,Young,422.0,771.0,3430.0,148.301,1.07,0.03,0.15,,
500,2025-08-01T02:23:43Z,Young,771.0,1301.0,3430.0,187.201,1.43,0.02,0.18,,
501,2025-08-01T02:23:45Z,Initial Mark,,,,3.07,6.09,0.13,1.28,,
502,2025-08-01T02:23:44Z,Young,1301.0,1518.0,3430.0,95.506,0.72,0.02,0.09,,
503,2025-08-01T02:23:44Z,Young,1518.0,1934.0,3430.0,152.84,1.16,0.03,0.16,,
504,2025-08-01T02:23:44Z,Young,1934.0,2401.0,3430.0,169.092,1.26,0.04,0.17,,
505,2025-08-01T02:23:45Z,Young,2401.0,2748.0,3430.0,185.054,1.43,0.03,0.18,,
506,2025-08-01T02:23:45Z,Young,2748.0,3055.0,3430.0,122.34,0.93,0.03,0.12,,
507,2025-08-01T02:23:46Z,Young,3055.0,1054.0,3430.0,1419.803,1.43,0.0,1.42,,
508,2025-08-01T02:23:46Z,Full,,,,1419.593,,,,,
509,2025-08-01T02:23:47Z,Young,1054.0,1511.0,3430.0,187.185,1.39,0.05,0.19,,
510,2025-08-01T02:23:47Z,Young,1511.0,1988.0,3430.0,258.812,1.91,0.06,0.26,,
511,2025-08-01T02:23:48Z,Initial Mark,,,,3.074,3.0,0.03,0.79,,
512,2025-08-01T02:23:47Z,Young,1988.0,2461.0,3430.0,151.512,1.18,0.01,0.16,,
513,2025-08-01T02:23:48Z,Young,2461.0,2885.0,3430.0,148.73,1.08,0.02,0.15,,
514,2025-08-01T02:23:48Z,Young,2885.0,3267.0,3430.0,129.221,1.0,0.0,0.13,,
515,2025-08-01T02:23:49Z,Young,3267.0,630.0,3430.0,1235.757,1.24,0.0,1.23,,
516,2025-08-01T02:23:49Z,Full,,,,1235.493,,,,,
517,2025-08-01T02:23:49Z,Young,630.0,967.0,3430.0,120.376,0.93,0.0,0.12,,
518,2025-08-01T02:23:50Z,Young,967.0,1497.0,3430.0,183.732,1.38,0.03,0.18,,
519,2025-08-01T02:23:51Z,Initial Mark,,,,3.906,2.93,0.04,0.85,,
520,2025-08-01T02:23:50Z,Young,1497.0,1716.0,3430.0,87.089,0.67,0.01,0.09,,
521,2025-08-01T02:23:50Z,Young,1716.0,2248.0,3430.0,200.8,1.53,0.04,0.2,,
522,2025-08-01T02:23:50Z,Young,2248.0,2677.0,3430.0,141.625,1.1,0.02,0.14,,
523,2025-08-01T02:23:51Z,Young,2677.0,2768.0,3430.0,74.654,0.57,0.01,0.07,,
524,2025-08-01T02:23:51Z,Young,2768.0,3298.0,3430.0,169.387,1.29,0.03,0.16,,
525,2025-08-01T02:23:53Z,Young,3298.0,1260.0,3430.0,1891.498,1.9,0.0,1.89,,
526,2025-08-01T02:23:53Z,Full,,,,1891.097,,,,,
527,2025-08-01T02:23:53Z,Young,1260.0,1715.0,3430.0,205.476,1.55,0.04,0.21,,
528,2025-08-01T02:23:53Z,Young,1715.0,2075.0,3430.0,120.396,0.92,0.01,0.12,,
529,2025-08-01T02:23:54Z,Initial Mark,,,,3.965,0.44,0.0,0.35,,
530,2025-08-01T02:23:54Z,Young,2075.0,2605.0,3430.0,219.142,1.62,0.06,0.22,,
531,2025-08-01T02:23:54Z,Young,2605.0,3026.0,3430.0,163.844,1.24,0.04,0.17,,
532,2025-08-01T02:23:55Z,Young,3026.0,299.0,3430.0,1024.69,1.03,0.0,1.02,,
533,2025-08-01T02:23:55Z,Full,,,,1024.433,,,,,
534,2025-08-01T02:23:55Z,Young,299.0,764.0,3430.0,167.131,1.28,0.01,0.17,,
535,2025-08-01T02:23:56Z,Young,764.0,1294.0,3430.0,169.78,1.3,0.02,0.17,,
536,2025-08-01T02:23:57Z,Initial Mark,,,,4.273,0.65,0.0,0.55,,
537,2025-08-01T02:23:56Z,Young,1294.0,1488.0,3430.0,89.86,0.69,0.02,0.09,,
538,2025-08-01T02:23:56Z,Young,1488.0,1973.0,3430.0,154.763,1.19,0.02,0.15,,
539,2025-08-01T02:23:56Z,Young,1973.0,2505.0,3430.0,166.926,1.28,0.01,0.17,,
540,2025-08-01T02:23:57Z,Young,2505.0,2913.0,3430.0,159.416,1.21,0.02,0.16,,
541,2025-08-01T02:23:58Z,Young,2913.0,402.0,3430.0,1322.199,1.32,0.0,1.33,,
542,2025-08-01T02:23:58Z,Full,,,,1321.92,,,,,
543,2025-08-01T02:23:58Z,Young,402.0,864.0,3430.0,202.025,1.57,0.01,0.2,,
544,2025-08-01T02:23:59Z,Young,864.0,1397.0,3430.0,172.873,1.3,0.01,0.17,,
545,2025-08-01T02:24:00Z,Initial Mark,,,,7.796,5.18,0.02,0.95,,
546,2025-08-01T02:23:59Z,Young,1397.0,1803.0,3430.0,128.121,1.0,0.01,0.13,,
547,2025-08-01T02:23:59Z,Young,1803.0,2302.0,3430.0,165.745,1.28,0.0,0.16,,
548,2025-08-01T02:23:59Z,Young,2302.0,2834.0,3430.0,155.636,1.21,0.01,0.15,,
549,2025-08-01T02:24:01Z,Young,2834.0,876.0,3430.0,1113.423,1.15,0.0,1.11,,
550,2025-08-01T02:24:01Z,Full,,,,1112.713,,,,,
551,2025-08-01T02:24:01Z,Young,876.0,1205.0,3430.0,165.478,1.27,0.03,0.17,,
552,2025-08-01T02:24:01Z,Young,1205.0,1734.0,3430.0,151.874,1.18,0.01,0.15,,
553,2025-08-01T02:24:02Z,Initial Mark,,,,2.501,2.01,0.03,0.57,,
554,2025-08-01T02:24:01Z,Young,1734.0,2153.0,3430.0,127.984,0.99,0.0,0.13,,
555,2025-08-01T02:24:02Z,Young,2153.0,2362.0,3430.0,84.644,0.65,0.02,0.08,,
556,2025-08-01T02:24:02Z,Young,2362.0,2890.0,3430.0,179.095,1.35,0.03,0.18,,
557,2025-08-01T02:24:04Z,Young,2890.0,1347.0,3430.0,1715.239,1.72,0.0,1.71,,
558,2025-08-01T02:24:04Z,Full,,,,1714.968,,,,,
559,2025-08-01T02:24:04Z,Young,1347.0,1515.0,3430.0,116.821,0.88,0.03,0.12,,
560,2025-08-01T02:24:04Z,Young,1515.0,2021.0,3430.0,168.953,1.29,0.02,0.17,,
561,2025-08-01T02:24:05Z,Initial Mark,,,,4.839,0.36,0.01,0.3,,
562,2025-08-01T02:24:04Z,Young,2021.0,2553.0,3430.0,171.775,1.32,0.02,0.18,,
563,2025-08-01T02:24:05Z,Young,2553.0,2963.0,3430.0,164.807,1.24,0.02,0.17,,
564,2025-08-01T02:24:06Z,Young,2963.0,385.0,3430.0,1066.363,1.03,0.04,1.07,,
565,2025-08-01T02:24:06Z,Full,,,,1066.1,,,,,
566,2025-08-01T02:24:06Z,Young,385.0,853.0,3430.0,186.978,1.41,0.02,0.19,,
567,2025-08-01T02:24:07Z,Young,853.0,1380.0,3430.0,215.437,1.68,0.01,0.21,,
568,2025-08-01T02:24:08Z,Initial Mark,,,,3.007,4.42,0.08,1.05,,
569,2025-08-01T02:24:07Z,Young,1380.0,1683.0,3430.0,120.051,0.91,0.02,0.12,,
570,2025-08-01T02:24:07Z,Young,1683.0,2134.0,3430.0,155.494,1.19,0.02,0.16,,
571,2025-08-01T02:24:07Z,Young,2134.0,2665.0,3430.0,161.443,1.25,0.02,0.16,,
572,2025-08-01T02:24:08Z,Young,2665.0,2825.0,3430.0,64.935,0.5,0.0,0.07,,
573,2025-08-01T02:24:08Z,Young,2825.0,3187.0,3430.0,191.361,1.43,0.04,0.19,,
574,2025-08-01T02:24:09Z,Young,3187.0,1013.0,3430.0,1521.795,1.45,0.07,1.52,,
575,2025-08-01T02:24:09Z,Full,,,,1521.47,,,,,
576,2025-08-01T02:24:10Z,Young,1013.0,1480.0,3430.0,171.209,1.32,0.01,0.17,,
577,2025-08-01T02:24:10Z,Young,1480.0,1853.0,3430.0,131.591,0.97,0.03,0.13,,
578,2025-08-01T02:24:11Z,Initial Mark,,,,3.122,3.82,0.05,0.68,,
579,2025-08-01T02:24:10Z,Young,1853.0,2353.0,3430.0,162.905,1.28,0.01,0.17,,
580,2025-08-01T02:24:11Z,Young,2353.0,2885.0,3430.0,244.822,1.85,0.04,0.25,,
581,2025-08-01T02:24:12Z,Young,2885.0,960.0,3430.0,1252.521,1.25,0.0,1.25,,
582,2025-08-01T02:24:12Z,Full,,,,1252.279,,,,,
583,2025-08-01T02:24:12Z,Young,960.0,1331.0,3430.0,128.854,1.0,0.01,0.13,,
584,2025-08-01T02:24:13Z,Young,1331.0,1862.0,3430.0,202.543,1.57,0.01,0.21,,
585,2025-08-01T02:24:14Z,Initial Mark,,,,3.894,0.41,0.0,0.39,,
586,2025-08-01T02:24:13Z,Young,1862.0,2135.0,3430.0,104.301,0.81,0.01,0.1,,
587,2025-08-01T02:24:13Z,Young,2135.0,2439.0,3430.0,124.48,0.93,0.02,0.13,,
588,2025-08-01T02:24:13Z,Young,2439.0,2967.0,3430.0,199.653,1.5,0.03,0.2,,
589,2025-08-01T02:24:15Z,Young,2967.0,1430.0,3430.0,1900.329,1.91,0.0,1.9,,
590,2025-08-01T02:24:15Z,Full,,,,1900.072,,,,,
591,2025-08-01T02:24:15Z,Young,1430.0,1638.0,3430.0,93.446,0.72,0.01,0.1,,
592,2025-08-01T02:24:16Z,Young,1638.0,2144.0,3430.0,208.075,1.6,0.03,0.21,,
593,2025-08-01T02:24:17Z,Initial Mark,,,,3.981,2.43,0.04,0.58,,
594,2025-08-01T02:24:16Z,Young,2144.0,2676.0,3430.0,172.407,1.32,0.02,0.17,,
595,2025-08-01T02:24:16Z,Young,2676.0,2773.0,3430.0,69.893,0.52,0.01,0.07,,
596,2025-08-01T02:24:17Z,Young,2773.0,3175.0,3430.0,160.08,1.22,0.03,0.16,,
597,2025-08-01T02:24:18Z,Young,3175.0,1002.0,3430.0,1457.16,1.46,0.0,1.46,,
598,2025-08-01T02:24:18Z,Full,,,,1456.875,,,,,
599,2025-08-01T02:24:18Z,Young,1002.0,1467.0,3430.0,175.29,1.24,0.04,0.17,,
600,2025-08-01T02:24:19Z,Young,1467.0,1651.0,3430.0,140.01,1.06,0.03,0.14,,
601,2025-08-01T02:24:19Z,Young,1651.0,2171.0,3430.0,221.343,1.68,0.04,0.22,,
602,2025-08-01T02:24:20Z,Initial Mark,,,,3.458,0.32,0.0,0.28,,
603,2025-08-01T02:24:19Z,Young,2171.0,2701.0,3430.0,155.772,1.21,0.0,0.16,,
604,2025-08-01T02:24:19Z,Young,2701.0,3013.0,3430.0,103.811,0.82,0.0,0.1,,
605,2025-08-01T02:24:21Z,Young,3013.0,567.0,3430.0,1183.609,1.19,0.0,1.18,,
606,2025-08-01T02:24:21Z,Full,,,,1183.313,,,,,
607,2025-08-01T02:24:21Z,Young,567.0,1033.0,3430.0,173.288,1.33,0.03,0.17,,
608,2025-08-01T02:24:21Z,Young,1033.0,1430.0,3430.0,152.705,1.17,0.02,0.15,,
609,2025-08-01T02:24:22Z,Initial Mark,,,,6.334,4.43,0.07,0.93,,
610,2025-08-01T02:24:22Z,Young,1430.0,1700.0,3430.0,96.568,0.75,0.01,0.09,,
611,2025-08-01T02:24:22Z,Young,1700.0,2232.0,3430.0,195.168,1.49,0.04,0.19,,
612,2025-08-01T02:24:22Z,Young,2232.0,2634.0,3430.0,134.207,1.03,0.02,0.13,,
613,2025-08-01T02:24:22Z,Young,2634.0,2923.0,3430.0,97.707,0.76,0.01,0.1,,
614,2025-08-01T02:24:23Z,Young,2923.0,670.0,3430.0,1038.49,1.04,0.0,1.04,,
615,2025-08-01T02:24:23Z,Full,,,,1038.179,,,,,
616,2025-08-01T02:24:24Z,Young,670.0,992.0,3430.0,137.117,1.0,0.02,0.13,,
617,2025-08-01T02:24:24Z,Young,992.0,1525.0,3430.0,230.31,1.78,0.02,0.23,,
618,2025-08-01T02:24:25Z,Initial Mark,,,,3.886,5.06,0.04,0.93,,
619,2025-08-01T02:24:24Z,Young,1525.0,1944.0,3430.0,136.624,1.06,0.01,0.14,,
620,2025-08-01T02:24:25Z,Young,1944.0,2434.0,3430.0,156.35,1.2,0.0,0.16,,
621,2025-08-01T02:24:25Z,Young,2434.0,2945.0,3430.0,172.618,1.33,0.03,0.17,,
622,2025-08-01T02:24:26Z,Young,2945.0,687.0,3430.0,1051.6,1.15,0.0,1.05,,
623,2025-08-01T02:24:26Z,Full,,,,1051.222,,,,,
624,2025-08-01T02:24:26Z,Young,687.0,1060.0,3430.0,160.507,1.19,0.04,0.16,,
625,2025-08-01T02:24:26Z,Young,1060.0,1501.0,3430.0,140.909,1.09,0.01,0.14,,
626,2025-08-01T02:24:28Z,Initial Mark,,,,2.637,3.01,0.03,0.87,,
627,2025-08-01T02:24:27Z,Young,1501.0,1873.0,3430.0,146.894,1.1,0.02,0.14,,
628,2025-08-01T02:24:27Z,Young,1873.0,2385.0,3430.0,204.487,1.57,0.04,0.2,,
629,2025-08-01T02:24:27Z,Young,2385.0,2723.0,3430.0,117.057,0.89,0.02,0.11,,
630,2025-08-01T02:24:27Z,Young,2723.0,3252.0,3430.0,161.362,1.23,0.01,0.16,,
631,2025-08-01T02:24:29Z,Young,3252.0,782.0,3430.0,1434.706,1.44,0.0,1.44,,
632,2025-08-01T02:24:29Z,Full,,,,1434.349,,,,,
633,2025-08-01T02:24:29Z,Young,782.0,1132.0,3430.0,159.685,1.2,0.02,0.16,,
634,2025-08-01T02:24:29Z,Young,1132.0,1627.0,3430.0,130.763,1.0,0.01,0.14,,
635,2025-08-01T02:24:31Z,Initial Mark,,,,2.677,2.04,0.03,0.74,,
636,2025-08-01T02:24:30Z,Young,1627.0,1916.0,3430.0,117.01,0.85,0.03,0.12,,
637,2025-08-01T02:24:30Z,Young,1916.0,2453.0,3430.0,333.034,2.5,0.09,0.34,,
638,2025-08-01T02:24:30Z,Young,2453.0,2786.0,3430.0,106.605,0.83,0.0,0.1,,
639,2025-08-01T02:24:31Z,Young,2786.0,3315.0,3430.0,164.622,1.26,0.02,0.16,,
640,2025-08-01T02:24:32Z,Young,3315.0,878.0,3430.0,1658.277,1.6,0.06,1.66,,
641,2025-08-01T02:24:32Z,Full,,,,1658.047,,,,,
642,2025-08-01T02:24:33Z,Young,878.0,1112.0,3430.0,116.841,0.89,0.02,0.12,,
643,2025-08-01T02:24:33Z,Young,1112.0,1644.0,3430.0,300.173,2.1,0.11,0.3,,
644,2025-08-01T02:24:34Z,Initial Mark,,,,3.442,5.01,0.06,0.87,,
645,2025-08-01T02:24:33Z,Young,1644.0,1978.0,3430.0,139.403,1.07,0.02,0.14,,
646,2025-08-01T02:24:33Z,Young,1978.0,2508.0,3430.0,189.468,1.45,0.03,0.19,,
647,2025-08-01T02:24:34Z,Young,2508.0,2911.0,3430.0,124.204,0.95,0.0,0.13,,
648,2025-08-01T02:24:35Z,Young,2911.0,447.0,3430.0,801.835,0.79,0.03,0.8,,
649,2025-08-01T02:24:35Z,Full,,,,801.58,,,,,
650,2025-08-01T02:24:35Z,Young,447.0,913.0,3430.0,183.975,1.29,0.04,0.19,,
651,2025-08-01T02:24:35Z,Young,913.0,1204.0,3430.0,123.831,0.95,0.02,0.13,,
652,2025-08-01T02:24:35Z,Young,1204.0,1734.0,3430.0,203.545,1.53,0.03,0.2,,
653,2025-08-01T02:24:36Z,Initial Mark,,,,5.263,1.84,0.02,0.54,,
654,2025-08-01T02:24:36Z,Young,1734.0,2098.0,3430.0,124.346,0.94,0.01,0.12,,
655,2025-08-01T02:24:36Z,Young,2098.0,2315.0,3430.0,82.546,0.63,0.0,0.08,,
656,2025-08-01T02:24:36Z,Young,2315.0,2844.0,3430.0,151.048,1.17,0.02,0.15,,
657,2025-08-01T02:24:38Z,Young,2844.0,1452.0,3430.0,1776.361,1.74,0.04,1.78,,
658,2025-08-01T02:24:38Z,Full,,,,1776.015,,,,,
659,2025-08-01T02:24:38Z,Young,1452.0,1725.0,3430.0,148.509,1.12,0.03,0.15,,
660,2025-08-01T02:24:39Z,Young,1725.0,2183.0,3430.0,165.512,1.28,0.03,0.16,,
661,2025-08-01T02:24:39Z,Initial Mark,,,,3.872,3.38,0.04,0.67,,
662,2025-08-01T02:24:39Z,Young,2183.0,2714.0,3430.0,190.199,1.46,0.02,0.19,,
663,2025-08-01T02:24:39Z,Young,2714.0,3054.0,3430.0,156.997,1.21,0.02,0.15,,
664,2025-08-01T02:24:40Z,Young,3054.0,489.0,3430.0,1040.923,0.98,0.06,1.04,,
665,2025-08-01T02:24:40Z,Full,,,,1040.613,,,,,
666,2025-08-01T02:24:41Z,Young,489.0,957.0,3430.0,261.55,1.96,0.06,0.26,,
667,2025-08-01T02:24:41Z,Young,957.0,1488.0,3430.0,209.653,1.57,0.05,0.21,,
668,2025-08-01T02:24:42Z,Initial Mark,,,,3.396,3.41,0.05,0.83,,
669,2025-08-01T02:24:41Z,Young,1488.0,1871.0,3430.0,153.453,1.16,0.02,0.15,,
670,2025-08-01T02:24:42Z,Young,1871.0,2374.0,3430.0,168.302,1.3,0.02,0.16,,
671,2025-08-01T02:24:42Z,Young,2374.0,2905.0,3430.0,175.85,1.33,0.03,0.18,,
672,2025-08-01T02:24:43Z,Young,2905.0,509.0,3430.0,1026.328,1.0,0.03,1.02,,
673,2025-08-01T02:24:43Z,Full,,,,1026.118,,,,,
674,2025-08-01T02:24:43Z,Young,509.0,882.0,3430.0,230.738,1.63,0.06,0.23,,
675,2025-08-01T02:24:44Z,Young,882.0,1413.0,3430.0,181.683,1.34,0.04,0.19,,
676,2025-08-01T02:24:45Z,Initial Mark,,,,4.288,1.91,0.0,0.7,,
677,2025-08-01T02:24:44Z,Young,1413.0,1644.0,3430.0,89.38,0.69,0.01,0.09,,
678,2025-08-01T02:24:44Z,Young,1644.0,1943.0,3430.0,106.568,0.83,0.01,0.11,,
679,2025-08-01T02:24:44Z,Young,1943.0,2473.0,3430.0,205.083,1.5,0.05,0.21,,
680,2025-08-01T02:24:45Z,Young,2473.0,3004.0,3430.0,154.345,1.2,0.0,0.15,,
681,2025-08-01T02:24:46Z,Young,3004.0,608.0,3430.0,1329.734,1.33,0.0,1.33,,
682,2025-08-01T02:24:46Z,Full,,,,1329.482,,,,,
683,2025-08-01T02:24:46Z,Young,608.0,1050.0,3430.0,169.924,1.25,0.02,0.17,,
684,2025-08-01T02:24:46Z,Young,1050.0,1580.0,3430.0,172.814,1.27,0.02,0.17,,
685,2025-08-01T02:24:47Z,Initial Mark,,,,3.738,4.79,0.04,0.86,,
686,2025-08-01T02:24:47Z,Young,1580.0,2004.0,3430.0,149.544,1.14,0.03,0.15,,
687,2025-08-01T02:24:47Z,Young,2004.0,2354.0,3430.0,111.057,0.87,0.0,0.12,,
688,2025-08-01T02:24:47Z,Young,2354.0,2885.0,3430.0,160.918,1.24,0.01,0.16,,
689,2025-08-01T02:24:49Z,Young,2885.0,1079.0,3430.0,1306.853,1.36,0.0,1.31,,
690,2025-08-01T02:24:49Z,Full,,,,1306.589,,,,,
691,2025-08-01T02:24:49Z,Young,1079.0,1247.0,3430.0,107.073,0.79,0.02,0.11,,
692,2025-08-01T02:24:49Z,Young,1247.0,1777.0,3430.0,236.203,1.77,0.04,0.24,,
693,2025-08-01T02:24:50Z,Initial Mark,,,,3.584,2.95,0.05,0.73,,
694,2025-08-01T02:24:49Z,Young,1777.0,2309.0,3430.0,171.016,1.32,0.01,0.17,,
695,2025-08-01T02:24:50Z,Young,2309.0,2674.0,3430.0,135.259,1.02,0.02,0.14,,
696,2025-08-01T02:24:50Z,Young,2674.0,3053.0,3430.0,135.573,1.03,0.03,0.14,,
697,2025-08-01T02:24:52Z,Young,3053.0,1103.0,3430.0,1499.991,1.5,0.0,1.5,,
698,2025-08-01T02:24:52Z,Full,,,,1499.745,,,,,
699,2025-08-01T02:24:52Z,Young,1103.0,1566.0,3430.0,175.402,1.3,0.02,0.18,,
700,2025-08-01T02:24:52Z,Young,1566.0,1830.0,3430.0,169.231,1.3,0.03,0.17,,
701,2025-08-01T02:24:52Z,Young,1830.0,2360.0,3430.0,204.312,1.53,0.05,0.2,,
702,2025-08-01T02:24:53Z,Initial Mark,,,,1.953,2.03,0.02,0.41,,
703,2025-08-01T02:24:53Z,Young,2360.0,2888.0,3430.0,172.088,1.27,0.02,0.17,,
704,2025-08-01T02:24:53Z,Young,2888.0,135.0,3430.0,665.715,0.71,0.0,0.67,,
705,2025-08-01T02:24:53Z,Full,,,,665.475,,,,,
706,2025-08-01T02:24:54Z,Young,135.0,598.0,3430.0,212.468,1.5,0.04,0.21,,
707,2025-08-01T02:24:54Z,Young,598.0,1128.0,3430.0,218.083,1.64,0.04,0.22,,
708,2025-08-01T02:24:56Z,Initial Mark,,,,2.752,0.67,0.0,0.66,,
709,2025-08-01T02:24:54Z,Young,1128.0,1661.0,3430.0,163.669,1.27,0.02,0.17,,
710,2025-08-01T02:24:55Z,Young,1661.0,2025.0,3430.0,147.884,1.12,0.03,0.15,,
711,2025-08-01T02:24:55Z,Young,2025.0,2557.0,3430.0,244.885,1.83,0.06,0.24,,
712,2025-08-01T02:24:55Z,Young,2557.0,3086.0,3430.0,173.624,1.32,0.02,0.18,,
713,2025-08-01T02:24:57Z,Young,3086.0,236.0,3430.0,1242.063,1.24,0.0,1.24,,
714,2025-08-01T02:24:57Z,Full,,,,1241.814,,,,,
715,2025-08-01T02:24:57Z,Young,236.0,703.0,3430.0,189.61,1.35,0.05,0.19,,
716,2025-08-01T02:24:57Z,Young,703.0,1231.0,3430.0,175.08,1.33,0.01,0.17,,
717,2025-08-01T02:24:59Z,Initial Mark,,,,4.166,0.42,0.0,0.41,,
718,2025-08-01T02:24:57Z,Young,1231.0,1572.0,3430.0,98.581,0.77,0.0,0.1,,
719,2025-08-01T02:24:58Z,Young,1572.0,1965.0,3430.0,134.667,1.04,0.01,0.13,,
720,2025-08-01T02:24:58Z,Young,1965.0,2497.0,3430.0,156.191,1.18,0.01,0.15,,
721,2025-08-01T02:24:58Z,Young,2497.0,2892.0,3430.0,143.054,1.09,0.02,0.14,,
722,2025-08-01T02:24:59Z,Young,2892.0,334.0,3430.0,1015.609,1.02,0.0,1.01,,
723,2025-08-01T02:24:59Z,Full,,,,1014.978,,,,,
724,2025-08-01T02:25:00Z,Young,334.0,802.0,3430.0,201.566,1.55,0.02,0.2,,
725,2025-08-01T02:25:00Z,Young,802.0,1179.0,3430.0,209.739,1.55,0.06,0.21,,
726,2025-08-01T02:25:00Z,Young,1179.0,1627.0,3430.0,161.516,1.23,0.02,0.16,,
727,2025-08-01T02:25:01Z,Initial Mark,,,,2.959,0.43,0.0,0.38,,
728,2025-08-01T02:25:00Z,Young,1627.0,2031.0,3430.0,137.142,1.03,0.02,0.14,,
729,2025-08-01T02:25:01Z,Young,2031.0,2564.0,3430.0,145.256,1.13,0.01,0.14,,
730,2025-08-01T02:25:01Z,Young,2564.0,2928.0,3430.0,116.858,0.91,0.0,0.12,,
731,2025-08-01T02:25:02Z,Young,2928.0,441.0,3430.0,1122.287,1.12,0.0,1.12,,
732,2025-08-01T02:25:02Z,Full,,,,1121.854,,,,,
733,2025-08-01T02:25:02Z,Young,441.0,905.0,3430.0,167.738,1.29,0.02,0.16,,
734,2025-08-01T02:25:03Z,Young,905.0,1327.0,3430.0,188.753,1.39,0.05,0.18,,
735,2025-08-01T02:25:04Z,Initial Mark,,,,4.586,4.17,0.06,1.0,,
736,2025-08-01T02:25:03Z,Young,1327.0,1828.0,3430.0,156.557,1.2,0.02,0.16,,
737,2025-08-01T02:25:03Z,Young,1828.0,2252.0,3430.0,147.812,1.08,0.03,0.14,,
738,2025-08-01T02:25:03Z,Young,2252.0,2634.0,3430.0,127.893,0.98,0.01,0.13,,
739,2025-08-01T02:25:04Z,Young,2634.0,3074.0,3430.0,133.149,1.02,0.01,0.13,,
740,2025-08-01T02:25:05Z,Young,3074.0,989.0,3430.0,1505.528,1.51,0.0,1.51,,
741,2025-08-01T02:25:05Z,Full,,,,1505.132,,,,,
742,2025-08-01T02:25:05Z,Young,989.0,1452.0,3430.0,139.156,1.07,0.01,0.14,,
743,2025-08-01T02:25:06Z,Young,1452.0,1843.0,3430.0,174.938,1.32,0.03,0.17,,
744,2025-08-01T02:25:07Z,Initial Mark,,,,3.716,2.99,0.06,0.7,,
745,2025-08-01T02:25:06Z,Young,1843.0,2232.0,3430.0,126.841,0.97,0.01,0.13,,
746,2025-08-01T02:25:06Z,Young,2232.0,2653.0,3430.0,150.216,1.11,0.02,0.15,,
747,2025-08-01T02:25:06Z,Young,2653.0,3082.0,3430.0,150.601,1.13,0.04,0.15,,
748,2025-08-01T02:25:08Z,Young,3082.0,561.0,3430.0,1054.155,1.05,0.0,1.06,,
749,2025-08-01T02:25:08Z,Full,,,,1053.94,,,,,
750,2025-08-01T02:25:08Z,Young,561.0,1028.0,3430.0,176.471,1.38,0.01,0.18,,
751,2025-08-01T02:25:08Z,Young,1028.0,1314.0,3430.0,121.539,0.91,0.02,0.12,,
752,2025-08-01T02:25:08Z,Young,1314.0,1738.0,3430.0,146.315,1.06,0.03,0.14,,
753,2025-08-01T02:25:09Z,Initial Mark,,,,3.049,2.98,0.06,0.69,,
754,2025-08-01T02:25:09Z,Young,1738.0,2213.0,3430.0,144.414,1.12,0.01,0.15,,
755,2025-08-01T02:25:09Z,Young,2213.0,2410.0,3430.0,84.678,0.64,0.0,0.08,,
756,2025-08-01T02:25:09Z,Young,2410.0,2942.0,3430.0,212.249,1.62,0.04,0.21,,
757,2025-08-01T02:25:10Z,Young,2942.0,661.0,3430.0,1042.234,1.04,0.0,1.05,,
758,2025-08-01T02:25:10Z,Full,,,,1042.0,,,,,
759,2025-08-01T02:25:11Z,Young,661.0,1129.0,3430.0,152.237,1.17,0.03,0.15,,
760,2025-08-01T02:25:11Z,Young,1129.0,1519.0,3430.0,151.912,1.15,0.02,0.15,,
761,2025-08-01T02:25:12Z,Initial Mark,,,,3.738,2.13,0.02,0.72,,
762,2025-08-01T02:25:11Z,Young,1519.0,1950.0,3430.0,131.901,1.03,0.01,0.13,,
763,2025-08-01T02:25:11Z,Young,1950.0,2434.0,3430.0,154.005,1.19,0.01,0.15,,
764,2025-08-01T02:25:11Z,Young,2434.0,2706.0,3430.0,75.161,0.59,0.0,0.07,,
765,2025-08-01T02:25:12Z,Young,2706.0,3236.0,3430.0,170.874,1.29,0.02,0.17,,
766,2025-08-01T02:25:13Z,Young,3236.0,762.0,3430.0,1410.422,1.41,0.0,1.41,,
767,2025-08-01T02:25:13Z,Full,,,,1410.137,,,,,
768,2025-08-01T02:25:13Z,Young,762.0,1102.0,3430.0,102.235,0.78,0.0,0.1,,
769,2025-08-01T02:25:14Z,Young,1102.0,1567.0,3430.0,166.726,1.28,0.03,0.17,,
770,2025-08-01T02:25:15Z,Initial Mark,,,,3.337,1.71,0.02,0.67,,
771,2025-08-01T02:25:14Z,Young,1567.0,2000.0,3430.0,131.996,1.02,0.0,0.13,,
772,2025-08-01T02:25:14Z,Young,2000.0,2489.0,3430.0,143.502,1.12,0.01,0.14,,
773,2025-08-01T02:25:14Z,Young,2489.0,2872.0,3430.0,155.407,1.2,0.03,0.15,,
774,2025-08-01T02:25:15Z,Young,2872.0,3268.0,3430.0,124.848,0.96,0.02,0.13,,
775,2025-08-01T02:25:16Z,Young,3268.0,862.0,3430.0,1528.551,1.53,0.01,1.53,,
776,2025-08-01T02:25:16Z,Full,,,,1528.318,,,,,
777,2025-08-01T02:25:16Z,Young,862.0,1238.0,3430.0,199.036,1.46,0.06,0.2,,
778,2025-08-01T02:25:17Z,Young,1238.0,1709.0,3430.0,151.386,1.15,0.02,0.15,,
779,2025-08-01T02:25:18Z,Initial Mark,,,,2.957,0.39,0.0,0.36,,
780,2025-08-01T02:25:17Z,Young,1709.0,2017.0,3430.0,111.732,0.85,0.02,0.11,,
781,2025-08-01T02:25:17Z,Young,2017.0,2429.0,3430.0,121.582,0.94,0.0,0.12,,
782,2025-08-01T02:25:17Z,Young,2429.0,2960.0,3430.0,175.925,1.34,0.02,0.18,,
783,2025-08-01T02:25:19Z,Young,2960.0,885.0,3430.0,1460.629,1.46,0.01,1.46,,
784,2025-08-01T02:25:19Z,Full,,,,1460.379,,,,,
785,2025-08-01T02:25:19Z,Young,885.0,1296.0,3430.0,174.698,1.31,0.02,0.17,,
786,2025-08-01T02:25:20Z,Young,1296.0,1776.0,3430.0,186.318,1.39,0.04,0.19,,
787,2025-08-01T02:25:21Z,Initial Mark,,,,3.58,1.55,0.01,0.6,,
788,2025-08-01T02:25:20Z,Young,1776.0,2095.0,3430.0,108.274,0.83,0.02,0.11,,
789,2025-08-01T02:25:20Z,Young,2095.0,2499.0,3430.0,130.189,1.01,0.01,0.13,,
790,2025-08-01T02:25:20Z,Young,2499.0,2922.0,3430.0,135.434,1.04,0.02,0.14,,
791,2025-08-01T02:25:20Z,Young,2922.0,3332.0,3430.0,116.589,0.91,0.01,0.11,,
792,2025-08-01T02:25:22Z,Young,3332.0,982.0,3430.0,1742.642,1.74,0.01,1.74,,
793,2025-08-01T02:25:22Z,Full,,,,1742.417,,,,,
794,2025-08-01T02:25:23Z,Young,982.0,1247.0,3430.0,133.291,1.0,0.03,0.14,,
795,2025-08-01T02:25:23Z,Young,1247.0,1776.0,3430.0,192.188,1.4,0.04,0.19,,
796,2025-08-01T02:25:24Z,Initial Mark,,,,3.086,2.46,0.02,0.58,,
797,2025-08-01T02:25:23Z,Young,1776.0,2169.0,3430.0,116.821,0.91,0.0,0.12,,
798,2025-08-01T02:25:23Z,Young,2169.0,2368.0,3430.0,77.188,0.6,0.01,0.08,,
799,2025-08-01T02:25:23Z,Young,2368.0,2900.0,3430.0,146.445,1.14,0.0,0.14,,
800,2025-08-01T02:25:25Z,Young,2900.0,1002.0,3430.0,1303.123,1.31,0.0,1.31,,
801,2025-08-01T02:25:25Z,Full,,,,1302.733,,,,,
802,2025-08-01T02:25:25Z,Young,1002.0,1450.0,3430.0,141.076,1.06,0.01,0.15,,
803,2025-08-01T02:25:25Z,Young,1450.0,1865.0,3430.0,126.244,0.98,0.0,0.13,,
804,2025-08-01T02:25:26Z,Initial Mark,,,,2.505,1.44,0.02,0.49,,
805,2025-08-01T02:25:26Z,Young,1865.0,2396.0,3430.0,170.862,1.32,0.01,0.17,,
806,2025-08-01T02:25:26Z,Young,2396.0,2783.0,3430.0,148.832,1.04,0.05,0.15,,
807,2025-08-01T02:25:26Z,Young,2783.0,3081.0,3430.0,109.458,0.84,0.02,0.11,,
808,2025-08-01T02:25:28Z,Young,3081.0,1025.0,3430.0,1407.26,1.41,0.0,1.41,,
809,2025-08-01T02:25:28Z,Full,,,,1407.016,,,,,
810,2025-08-01T02:25:28Z,Young,1025.0,1266.0,3430.0,109.825,0.8,0.02,0.11,,
811,2025-08-01T02:25:28Z,Young,1266.0,1798.0,3430.0,157.346,1.21,0.01,0.16,,
812,2025-08-01T02:25:29Z,Initial Mark,,,,3.727,3.68,0.05,0.92,,
813,2025-08-01T02:25:28Z,Young,1798.0,2225.0,3430.0,136.669,1.05,0.02,0.14,,
814,2025-08-01T02:25:29Z,Young,2225.0,2758.0,3430.0,182.188,1.39,0.03,0.19,,
815,2025-08-01T02:25:29Z,Young,2758.0,3231.0,3430.0,158.212,1.18,0.02,0.16,,
816,2025-08-01T02:25:30Z,Young,3231.0,601.0,3430.0,1249.956,1.25,0.0,1.25,,
817,2025-08-01T02:25:30Z,Full,,,,1249.704,,,,,
818,2025-08-01T02:25:31Z,Young,601.0,1066.0,3430.0,177.551,1.34,0.03,0.18,,
819,2025-08-01T02:25:31Z,Young,1066.0,1427.0,3430.0,209.69,1.57,0.05,0.21,,
820,2025-08-01T02:25:31Z,Young,1427.0,1860.0,3430.0,150.063,1.15,0.01,0.15,,
821,2025-08-01T02:25:32Z,Initial Mark,,,,2.054,3.11,0.04,0.74,,
822,2025-08-01T02:25:31Z,Young,1860.0,2323.0,3430.0,133.818,1.06,0.0,0.13,,
823,2025-08-01T02:25:32Z,Young,2323.0,2750.0,3430.0,161.901,1.22,0.03,0.16,,
824,2025-08-01T02:25:32Z,Young,2750.0,3206.0,3430.0,139.687,1.09,0.0,0.14,,
825,2025-08-01T02:25:33Z,Young,3206.0,707.0,3430.0,1131.571,1.14,0.0,1.14,,
826,2025-08-01T02:25:33Z,Full,,,,1131.229,,,,,
827,2025-08-01T02:25:34Z,Young,707.0,1173.0,3430.0,220.185,1.69,0.03,0.22,,
828,2025-08-01T02:25:34Z,Young,1173.0,1539.0,3430.0,141.526,1.07,0.02,0.14,,
829,2025-08-01T02:25:34Z,Young,1539.0,1856.0,3430.0,208.627,1.55,0.04,0.21,,
830,2025-08-01T02:25:37Z,Remark,1856.0,1336.0,3430.0,30.117,1.85,0.03,0.63,,
831,2025-08-01T02:25:34Z,Young,1856.0,2382.0,3430.0,147.61,1.17,0.0,0.14,,
832,2025-08-01T02:25:35Z,Young,2382.0,2821.0,3430.0,129.386,1.0,0.01,0.13,,
833,2025-08-01T02:25:35Z,Young,2821.0,3019.0,3430.0,123.659,0.92,0.03,0.13,,
834,2025-08-01T02:25:35Z,Young,2663.0,3194.0,3430.0,177.374,1.12,0.02,0.18,,
835,2025-08-01T02:25:37Z,Young,2883.0,1336.0,3430.0,1645.249,1.65,0.01,1.65,,
836,2025-08-01T02:25:37Z,Full,,,,1643.974,,,,,
837,2025-08-01T02:25:37Z,Young,1336.0,1674.0,3430.0,258.786,1.93,0.07,0.26,,
838,2025-08-01T02:25:37Z,Young,1674.0,2075.0,3430.0,115.412,0.89,0.0,0.11,,
839,2025-08-01T02:25:38Z,Initial Mark,,,,2.613,1.54,0.01,0.45,,
840,2025-08-01T02:25:38Z,Young,2075.0,2603.0,3430.0,163.908,1.27,0.0,0.17,,
841,2025-08-01T02:25:38Z,Young,2603.0,3042.0,3430.0,132.03,1.02,0.01,0.13,,
842,2025-08-01T02:25:39Z,Young,3042.0,368.0,3430.0,975.144,0.97,0.0,0.97,,
843,2025-08-01T02:25:39Z,Full,,,,974.47,,,,,
844,2025-08-01T02:25:39Z,Young,368.0,836.0,3430.0,161.174,1.22,0.02,0.16,,
845,2025-08-01T02:25:39Z,Young,836.0,1241.0,3430.0,117.199,0.91,0.01,0.12,,
846,2025-08-01T02:25:41Z,Initial Mark,,,,4.673,2.91,0.04,0.87,,
847,2025-08-01T02:25:40Z,Young,1241.0,1534.0,3430.0,123.291,0.93,0.02,0.12,,
848,2025-08-01T02:25:40Z,Young,1534.0,1964.0,3430.0,144.1,1.1,0.01,0.14,,
849,2025-08-01T02:25:40Z,Young,1964.0,2495.0,3430.0,173.56,1.34,0.02,0.17,,
850,2025-08-01T02:25:40Z,Young,2495.0,2644.0,3430.0,59.752,0.43,0.01,0.06,,
851,2025-08-01T02:25:41Z,Young,2644.0,3177.0,3430.0,187.119,1.42,0.03,0.19,,
852,2025-08-01T02:25:42Z,Young,3177.0,1000.0,3430.0,1503.098,1.5,0.0,1.51,,
853,2025-08-01T02:25:42Z,Full,,,,1502.741,,,,,
854,2025-08-01T02:25:42Z,Young,1000.0,1376.0,3430.0,119.795,0.88,0.01,0.12,,
855,2025-08-01T02:25:43Z,Young,1376.0,1769.0,3430.0,148.727,1.13,0.02,0.15,,
856,2025-08-01T02:25:44Z,Initial Mark,,,,3.209,4.34,0.05,0.85,,
857,2025-08-01T02:25:43Z,Young,1769.0,2169.0,3430.0,186.552,1.42,0.03,0.19,,
858,2025-08-01T02:25:43Z,Young,2169.0,2702.0,3430.0,169.453,1.31,0.01,0.17,,
859,2025-08-01T02:25:43Z,Young,2702.0,2940.0,3430.0,82.416,0.62,0.0,0.08,,
860,2025-08-01T02:25:45Z,Young,2940.0,1021.0,3430.0,1248.248,1.25,0.0,1.24,,
861,2025-08-01T02:25:45Z,Full,,,,1248.011,,,,,
862,2025-08-01T02:25:45Z,Young,1021.0,1442.0,3430.0,266.78,2.01,0.06,0.27,,
863,2025-08-01T02:25:45Z,Young,1442.0,1761.0,3430.0,140.183,1.04,0.01,0.14,,
864,2025-08-01T02:25:46Z,Young,1761.0,2184.0,3430.0,176.989,1.37,0.01,0.17,,
865,2025-08-01T02:25:47Z,Initial Mark,,,,2.325,0.3,0.0,0.25,,
866,2025-08-01T02:25:46Z,Young,2184.0,2590.0,3430.0,139.593,1.08,0.01,0.14,,
867,2025-08-01T02:25:46Z,Young,2590.0,3011.0,3430.0,123.273,0.96,0.01,0.12,,
868,2025-08-01T02:25:47Z,Young,3011.0,592.0,3430.0,1158.344,1.17,0.0,1.16,,
869,2025-08-01T02:25:47Z,Full,,,,1157.943,,,,,
870,2025-08-01T02:25:48Z,Young,592.0,931.0,3430.0,307.97,2.34,0.06,0.31,,
871,2025-08-01T02:25:48Z,Young,931.0,1462.0,3430.0,182.764,1.41,0.03,0.18,,
872,2025-08-01T02:25:50Z,Initial Mark,,,,5.563,1.77,0.02,0.64,,
873,2025-08-01T02:25:48Z,Young,1462.0,1838.0,3430.0,111.976,0.87,0.01,0.11,,
874,2025-08-01T02:25:49Z,Young,1838.0,2301.0,3430.0,163.258,1.17,0.04,0.16,,
875,2025-08-01T02:25:49Z,Young,2301.0,2753.0,3430.0,147.106,1.14,0.01,0.15,,
876,2025-08-01T02:25:49Z,Young,2753.0,3059.0,3430.0,136.058,1.02,0.02,0.14,,
877,2025-08-01T02:25:50Z,Young,3059.0,694.0,3430.0,1206.635,1.21,0.0,1.21,,
878,2025-08-01T02:25:50Z,Full,,,,1206.355,,,,,
879,2025-08-01T02:25:51Z,Young,694.0,1065.0,3430.0,136.196,0.97,0.03,0.13,,
880,2025-08-01T02:25:51Z,Young,1065.0,1597.0,3430.0,191.198,1.47,0.02,0.19,,
881,2025-08-01T02:25:52Z,Initial Mark,,,,5.519,4.49,0.03,1.03,,
882,2025-08-01T02:25:51Z,Young,1597.0,1857.0,3430.0,104.076,0.8,0.01,0.1,,
883,2025-08-01T02:25:52Z,Young,1857.0,2388.0,3430.0,166.631,1.29,0.01,0.16,,
884,2025-08-01T02:25:52Z,Young,2388.0,2818.0,3430.0,138.064,1.06,0.0,0.14,,
885,2025-08-01T02:25:52Z,Young,2818.0,3151.0,3430.0,114.682,0.87,0.01,0.11,,
886,2025-08-01T02:25:53Z,Young,3151.0,791.0,3430.0,1278.146,1.28,0.0,1.27,,
887,2025-08-01T02:25:53Z,Full,,,,1277.889,,,,,
888,2025-08-01T02:25:54Z,Young,791.0,1125.0,3430.0,131.457,1.0,0.02,0.13,,
889,2025-08-01T02:25:54Z,Young,1125.0,1393.0,3430.0,142.455,1.09,0.02,0.15,,
890,2025-08-01T02:25:54Z,Young,1393.0,1774.0,3430.0,174.379,1.33,0.04,0.17,,
891,2025-08-01T02:25:56Z,Remark,1774.0,2936.0,3430.0,16.648,0.01,0.0,0.01,,
892,2025-08-01T02:25:54Z,Young,1774.0,2305.0,3430.0,171.013,1.33,0.01,0.17,,
893,2025-08-01T02:25:55Z,Young,1881.0,2319.0,3430.0,160.339,1.05,0.01,0.16,,
894,2025-08-01T02:25:55Z,Young,2042.0,2481.0,3430.0,182.445,1.02,0.03,0.18,,
895,2025-08-01T02:25:55Z,Young,1938.0,2420.0,3430.0,172.772,1.16,0.01,0.17,,
896,2025-08-01T02:25:55Z,Young,2404.0,2936.0,3430.0,160.32,1.2,0.02,0.16,,
897,2025-08-01T02:25:56Z,Young,2936.0,596.0,3430.0,839.627,0.84,0.0,0.84,,
898,2025-08-01T02:25:56Z,Full,,,,839.392,,,,,
899,2025-08-01T02:25:57Z,Young,596.0,989.0,3430.0,150.444,1.13,0.03,0.15,,
900,2025-08-01T02:25:57Z,Young,989.0,1521.0,3430.0,213.258,1.59,0.03,0.21,,
901,2025-08-01T02:25:58Z,Initial Mark,,,,2.868,3.65,0.07,0.89,,
902,2025-08-01T02:25:57Z,Young,1521.0,1957.0,3430.0,129.968,1.02,0.0,0.13,,
903,2025-08-01T02:25:57Z,Young,1957.0,2276.0,3430.0,107.299,0.82,0.01,0.1,,
904,2025-08-01T02:25:58Z,Young,2276.0,2806.0,3430.0,166.331,1.29,0.01,0.17,,
905,2025-08-01T02:25:58Z,Young,2806.0,3217.0,3430.0,200.284,1.46,0.06,0.2,,
906,2025-08-01T02:25:59Z,Young,3217.0,703.0,3430.0,1207.101,1.21,0.0,1.2,,
907,2025-08-01T02:25:59Z,Full,,,,1206.872,,,,,
