gc_id,timestamp,pause_type,heap_before,heap_after,heap_total,pause_ms,user_time,sys_time,real_time,eden_before,eden_after,eden_total,from_before,from_after,from_total,to_before,to_after,to_total,old_before,old_after,old_total,metaspace_used,metaspace_committed
0,2025-08-01T02:27:01Z,Young,1024,955,3925,415.903,0.87,2.36,0.42,,,,,,,,,,,,,9,12
1,2025-08-01T02:27:01Z,Young,1979,867,3925,120.112,0.34,0.59,0.12,,,,,,,,,,,,,9,12
2,2025-08-01T02:27:02Z,Young,1891,1958,3925,473.257,1.15,2.56,0.47,,,,,,,,,,,,,9,12
3,2025-08-01T02:27:03Z,Full,1958,1094,3925,963.859,1.92,4.96,0.96,,,,,,,,,,,,,9,12
4,2025-08-01T02:27:03Z,Young,2118,1394,3925,107.414,0.59,0.19,0.11,,,,,,,,,,,,,9,12
5,2025-08-01T02:27:04Z,Young,2418,2453,3356,497.074,2.03,1.93,0.49,,,,,,,,,,,,,9,12
6,2025-08-01T02:27:04Z,Full,2453,1313,3641,641.65,2.54,1.96,0.65,,,,,,,,,,,,,9,12
7,2025-08-01T02:27:05Z,Young,1768,1577,3641,56.789,0.42,0.01,0.06,,,,,,,,,,,,,9,12
8,2025-08-01T02:27:05Z,Full,1577,860,3641,228.802,1.53,0.17,0.23,,,,,,,,,,,,,9,12
9,2025-08-01T02:27:05Z,Young,1315,1236,3641,81.924,0.56,0.04,0.08,,,,,,,,,,,,,9,12
10,2025-08-01T02:27:05Z,Young,1691,1705,3641,174.483,1.29,0.1,0.17,,,,,,,,,,,,,9,12
11,2025-08-01T02:27:05Z,Young,2160,2177,3641,175.514,1.35,0.04,0.17,,,,,,,,,,,,,9,12
12,2025-08-01T02:27:06Z,Full,2177,1317,3641,323.771,2.38,0.04,0.33,,,,,,,,,,,,,9,12
13,2025-08-01T02:27:06Z,Young,1772,1594,3641,76.164,0.5,0.1,0.08,,,,,,,,,,,,,9,12
14,2025-08-01T02:27:06Z,Young,2049,1738,3641,105.191,0.73,0.11,0.1,,,,,,,,,,,,,9,12
15,2025-08-01T02:27:06Z,Young,2193,2203,3641,144.928,1.15,0.0,0.14,,,,,,,,,,,,,9,12
16,2025-08-01T02:27:07Z,Full,2203,873,3641,202.067,1.47,0.0,0.2,,,,,,,,,,,,,9,12
17,2025-08-01T02:27:07Z,Young,1328,1334,3641,113.771,0.81,0.09,0.11,,,,,,,,,,,,,9,12
18,2025-08-01T02:27:07Z,Young,1789,1419,3641,210.374,1.39,0.2,0.21,,,,,,,,,,,,,9,12
19,2025-08-01T02:27:07Z,Young,1874,1758,3641,162.838,1.21,0.07,0.17,,,,,,,,,,,,,9,12
20,2025-08-01T02:27:08Z,Young,2213,2106,3641,174.939,1.28,0.1,0.18,,,,,,,,,,,,,9,12
21,2025-08-01T02:27:08Z,Young,2561,2572,3641,240.257,1.73,0.12,0.24,,,,,,,,,,,,,9,12
22,2025-08-01T02:27:08Z,Full,2572,1331,3641,324.812,2.36,0.0,0.33,,,,,,,,,,,,,9,12
23,2025-08-01T02:27:08Z,Young,1786,1564,3641,81.564,0.6,0.04,0.08,,,,,,,,,,,,,9,12
24,2025-08-01T02:27:09Z,Young,2019,2029,3641,165.441,1.18,0.09,0.17,,,,,,,,,,,,,9,12
25,2025-08-01T02:27:09Z,Young,2484,2350,3641,206.846,1.5,0.12,0.2,,,,,,,,,,,,,9,12
26,2025-08-01T02:27:09Z,Young,2805,2817,3641,220.669,1.37,0.3,0.22,,,,,,,,,,,,,9,12
27,2025-08-01T02:27:10Z,Full,2817,1343,3641,666.881,2.45,2.67,0.67,,,,,,,,,,,,,9,12
28,2025-08-01T02:27:10Z,Young,1798,1603,3641,97.323,0.67,0.09,0.1,,,,,,,,,,,,,9,12
29,2025-08-01T02:27:10Z,Young,2058,2065,3641,148.335,1.12,0.02,0.15,,,,,,,,,,,,,9,12
30,2025-08-01T02:27:11Z,Young,2520,2378,3641,192.129,1.36,0.11,0.2,,,,,,,,,,,,,9,12
31,2025-08-01T02:27:11Z,Young,2833,2844,3641,236.048,1.59,0.27,0.23,,,,,,,,,,,,,9,12
32,2025-08-01T02:27:11Z,Full,2844,1347,3641,319.819,2.36,0.0,0.32,,,,,,,,,,,,,9,12
33,2025-08-01T02:27:11Z,Young,1802,1627,3641,63.886,0.49,0.01,0.06,,,,,,,,,,,,,9,12
34,2025-08-01T02:27:12Z,Young,2082,2090,3641,159.203,1.21,0.05,0.16,,,,,,,,,,,,,9,12
35,2025-08-01T02:27:12Z,Young,2545,2378,3641,177.916,1.27,0.14,0.18,,,,,,,,,,,,,9,12
36,2025-08-01T02:27:12Z,Young,2833,2843,3641,279.364,2.1,0.1,0.28,,,,,,,,,,,,,9,12
37,2025-08-01T02:27:13Z,Full,2843,1354,3641,308.902,2.25,0.0,0.31,,,,,,,,,,,,,9,12
38,2025-08-01T02:27:13Z,Young,1809,1640,3641,146.306,1.05,0.08,0.15,,,,,,,,,,,,,9,12
39,2025-08-01T02:27:13Z,Young,2095,2105,3641,205.717,1.48,0.16,0.21,,,,,,,,,,,,,9,12
40,2025-08-01T02:27:13Z,Young,2560,2394,3641,181.275,1.39,0.0,0.18,,,,,,,,,,,,,9,12
41,2025-08-01T02:27:14Z,Young,2849,2860,3641,230.2,1.74,0.07,0.23,,,,,,,,,,,,,9,12
42,2025-08-01T02:27:14Z,Full,2860,1364,3641,366.457,2.58,0.16,0.37,,,,,,,,,,,,,9,12
43,2025-08-01T02:27:14Z,Young,1819,1663,3641,113.002,0.76,0.09,0.12,,,,,,,,,,,,,9,12
44,2025-08-01T02:27:15Z,Young,2118,2128,3641,188.143,1.38,0.11,0.18,,,,,,,,,,,,,9,12
45,2025-08-01T02:27:15Z,Young,2583,2418,3641,145.438,1.14,0.0,0.15,,,,,,,,,,,,,9,12
46,2025-08-01T02:27:15Z,Young,2873,2884,3641,208.344,1.51,0.12,0.2,,,,,,,,,,,,,9,12
47,2025-08-01T02:27:15Z,Full,2884,1376,3641,335.178,2.42,0.03,0.34,,,,,,,,,,,,,9,12
48,2025-08-01T02:27:16Z,Young,1831,1697,3641,164.857,1.2,0.08,0.16,,,,,,,,,,,,,9,12
49,2025-08-01T02:27:16Z,Young,2152,2160,3641,192.179,1.4,0.1,0.19,,,,,,,,,,,,,9,12
50,2025-08-01T02:27:16Z,Young,2615,2448,3641,141.331,1.1,0.01,0.14,,,,,,,,,,,,,9,12
51,2025-08-01T02:27:17Z,Young,2903,2693,3641,172.587,1.19,0.1,0.17,,,,,,,,,,,,,9,12
52,2025-08-01T02:27:17Z,Full,2693,933,3641,233.951,1.68,0.0,0.24,,,,,,,,,,,,,9,12
53,2025-08-01T02:27:17Z,Young,1388,1245,3641,72.761,0.56,0.0,0.08,,,,,,,,,,,,,9,12
54,2025-08-01T02:27:17Z,Young,1700,1711,3641,193.095,1.41,0.08,0.2,,,,,,,,,,,,,9,12
55,2025-08-01T02:27:17Z,Young,2166,1967,3641,134.804,1.05,0.01,0.14,,,,,,,,,,,,,9,12
56,2025-08-01T02:27:18Z,Young,2422,2239,3641,138.809,1.09,0.0,0.14,,,,,,,,,,,,,9,12
57,2025-08-01T02:27:18Z,Young,2694,2363,3641,156.655,1.15,0.07,0.15,,,,,,,,,,,,,9,12
58,2025-08-01T02:27:18Z,Young,2818,2827,3641,208.657,1.55,0.09,0.21,,,,,,,,,,,,,9,12
59,2025-08-01T02:27:18Z,Full,2827,944,3641,233.642,1.67,0.0,0.23,,,,,,,,,,,,,9,12
60,2025-08-01T02:27:19Z,Young,1399,1405,3641,143.801,1.03,0.04,0.14,,,,,,,,,,,,,9,12
61,2025-08-01T02:27:19Z,Young,1860,1305,3641,95.098,0.7,0.05,0.1,,,,,,,,,,,,,9,12
62,2025-08-01T02:27:19Z,Young,1760,1570,3641,149.338,1.11,0.05,0.15,,,,,,,,,,,,,9,12
63,2025-08-01T02:27:19Z,Young,2025,2033,3641,160.279,1.27,0.0,0.16,,,,,,,,,,,,,9,12
64,2025-08-01T02:27:20Z,Young,2488,2499,3641,186.58,1.44,0.04,0.19,,,,,,,,,,,,,9,12
65,2025-08-01T02:27:20Z,Young,2954,2405,3641,78.704,0.61,0.0,0.08,,,,,,,,,,,,,9,12
66,2025-08-01T02:27:20Z,Full,2405,501,3632,141.416,0.95,0.01,0.14,,,,,,,,,,,,,9,12
67,2025-08-01T02:27:20Z,Young,956,870,3632,145.936,1.09,0.06,0.15,,,,,,,,,,,,,9,12
68,2025-08-01T02:27:20Z,Young,1325,1334,3632,186.908,1.41,0.05,0.19,,,,,,,,,,,,,9,12
69,2025-08-01T02:27:21Z,Young,1789,1798,3632,186.596,1.4,0.05,0.19,,,,,,,,,,,,,9,12
70,2025-08-01T02:27:21Z,Young,2253,1689,3632,116.365,0.86,0.05,0.11,,,,,,,,,,,,,9,12
71,2025-08-01T02:27:21Z,Young,2144,1968,3632,175.595,1.29,0.09,0.17,,,,,,,,,,,,,9,12
72,2025-08-01T02:27:21Z,Young,2423,2435,3632,209.834,1.63,0.03,0.21,,,,,,,,,,,,,9,12
73,2025-08-01T02:27:22Z,Young,2890,2900,3632,293.64,2.08,0.16,0.29,,,,,,,,,,,,,9,12
74,2025-08-01T02:27:22Z,Full,2900,1415,3641,351.371,2.6,0.01,0.36,,,,,,,,,,,,,9,12
75,2025-08-01T02:27:22Z,Young,1870,1656,3641,84.942,0.63,0.02,0.09,,,,,,,,,,,,,9,12
76,2025-08-01T02:27:23Z,Young,2111,1935,3641,166.346,1.22,0.07,0.16,,,,,,,,,,,,,9,12
77,2025-08-01T02:27:23Z,Young,2390,2401,3641,209.339,1.52,0.1,0.21,,,,,,,,,,,,,9,12
78,2025-08-01T02:27:23Z,Young,2856,2870,3641,252.291,1.9,0.08,0.26,,,,,,,,,,,,,9,12
79,2025-08-01T02:27:24Z,Full,2870,1425,3641,321.881,2.39,0.0,0.32,,,,,,,,,,,,,9,12
80,2025-08-01T02:27:24Z,Young,1880,1677,3641,95.386,0.67,0.05,0.1,,,,,,,,,,,,,9,12
81,2025-08-01T02:27:24Z,Young,2132,1953,3641,141.811,0.96,0.08,0.14,,,,,,,,,,,,,9,12
82,2025-08-01T02:27:24Z,Young,2408,2417,3641,174.394,1.35,0.02,0.17,,,,,,,,,,,,,9,12
83,2025-08-01T02:27:25Z,Young,2872,2882,3641,226.418,1.7,0.08,0.22,,,,,,,,,,,,,9,12
84,2025-08-01T02:27:25Z,Full,2882,1431,3641,380.109,2.77,0.07,0.38,,,,,,,,,,,,,9,12
85,2025-08-01T02:27:25Z,Young,1886,1820,3641,85.277,0.63,0.0,0.08,,,,,,,,,,,,,9,12
86,2025-08-01T02:27:25Z,Young,2275,1964,3641,93.522,0.73,0.0,0.09,,,,,,,,,,,,,9,12
87,2025-08-01T02:27:26Z,Young,2419,2427,3641,161.984,1.28,0.0,0.16,,,,,,,,,,,,,9,12
88,2025-08-01T02:27:26Z,Young,2882,2891,3641,184.819,1.46,0.0,0.19,,,,,,,,,,,,,9,12
89,2025-08-01T02:27:26Z,Full,2891,1437,3641,345.918,2.54,0.0,0.34,,,,,,,,,,,,,9,12
90,2025-08-01T02:27:26Z,Young,1892,1810,3641,66.868,0.48,0.0,0.07,,,,,,,,,,,,,9,12
91,2025-08-01T02:27:27Z,Young,2265,1977,3641,96.259,0.75,0.0,0.1,,,,,,,,,,,,,9,12
92,2025-08-01T02:27:27Z,Young,2432,2438,3641,155.607,1.23,0.0,0.16,,,,,,,,,,,,,9,12
93,2025-08-01T02:27:27Z,Young,2893,2906,3641,245.248,1.89,0.0,0.24,,,,,,,,,,,,,9,12
94,2025-08-01T02:27:28Z,Full,2906,1442,3641,330.351,2.44,0.0,0.33,,,,,,,,,,,,,9,12
95,2025-08-01T02:27:28Z,Young,1897,1839,3641,161.447,1.24,0.03,0.16,,,,,,,,,,,,,9,12
96,2025-08-01T02:27:28Z,Young,2294,1990,3641,180.033,1.36,0.07,0.18,,,,,,,,,,,,,9,12
97,2025-08-01T02:27:28Z,Young,2445,2454,3641,175.335,1.34,0.02,0.18,,,,,,,,,,,,,9,12
98,2025-08-01T02:27:29Z,Young,2909,2918,3641,182.863,1.39,0.05,0.18,,,,,,,,,,,,,9,12
99,2025-08-01T02:27:29Z,Full,2918,1450,3641,349.559,2.59,0.01,0.35,,,,,,,,,,,,,9,12
100,2025-08-01T02:27:29Z,Young,1905,1855,3641,148.208,1.08,0.05,0.15,,,,,,,,,,,,,9,12
101,2025-08-01T02:27:29Z,Young,2310,2003,3641,96.992,0.73,0.0,0.09,,,,,,,,,,,,,9,12
102,2025-08-01T02:27:30Z,Young,2458,2468,3641,156.649,1.24,0.0,0.16,,,,,,,,,,,,,9,12
103,2025-08-01T02:27:30Z,Young,2923,2935,3641,205.537,1.56,0.06,0.21,,,,,,,,,,,,,9,12
104,2025-08-01T02:27:30Z,Full,2935,1460,3641,389.716,2.83,0.07,0.39,,,,,,,,,,,,,9,12
105,2025-08-01T02:27:30Z,Young,1915,1856,3641,84.018,0.65,0.02,0.09,,,,,,,,,,,,,9,12
106,2025-08-01T02:27:31Z,Young,2311,2023,3641,195.304,1.5,0.05,0.19,,,,,,,,,,,,,9,12
107,2025-08-01T02:27:31Z,Young,2478,2489,3641,207.018,1.59,0.04,0.2,,,,,,,,,,,,,9,12
108,2025-08-01T02:27:31Z,Young,2944,2956,3641,191.94,1.45,0.06,0.19,,,,,,,,,,,,,9,12
109,2025-08-01T02:27:32Z,Full,2956,1469,3641,376.241,2.71,0.06,0.38,,,,,,,,,,,,,9,12
110,2025-08-01T02:27:32Z,Young,1924,1721,3641,113.714,0.84,0.04,0.12,,,,,,,,,,,,,9,12
111,2025-08-01T02:27:32Z,Young,2176,2043,3641,211.543,1.55,0.1,0.21,,,,,,,,,,,,,9,12
112,2025-08-01T02:27:32Z,Young,2498,2509,3641,204.204,1.53,0.07,0.2,,,,,,,,,,,,,9,12
113,2025-08-01T02:27:33Z,Full,2509,1027,3641,240.503,1.75,0.0,0.24,,,,,,,,,,,,,9,12
114,2025-08-01T02:27:33Z,Young,1482,1488,3641,175.091,1.29,0.06,0.17,,,,,,,,,,,,,9,12
115,2025-08-01T02:27:33Z,Young,1943,1407,3641,95.988,0.69,0.03,0.09,,,,,,,,,,,,,9,12
116,2025-08-01T02:27:33Z,Young,1862,1748,3641,108.224,0.83,0.0,0.11,,,,,,,,,,,,,9,12
117,2025-08-01T02:27:34Z,Young,2203,2215,3641,183.02,1.39,0.02,0.18,,,,,,,,,,,,,9,12
118,2025-08-01T02:27:34Z,Young,2670,2683,3641,274.094,2.1,0.07,0.27,,,,,,,,,,,,,9,12
119,2025-08-01T02:27:34Z,Full,2683,1491,3641,386.897,2.87,0.04,0.39,,,,,,,,,,,,,9,12
120,2025-08-01T02:27:35Z,Young,1946,1759,3641,170.177,1.22,0.07,0.17,,,,,,,,,,,,,9,12
121,2025-08-01T02:27:35Z,Young,2214,2085,3641,130.209,1.02,0.01,0.13,,,,,,,,,,,,,9,12
122,2025-08-01T02:27:35Z,Young,2540,2553,3641,213.112,1.62,0.05,0.21,,,,,,,,,,,,,9,12
123,2025-08-01T02:27:35Z,Full,2553,1046,3641,266.511,1.94,0.02,0.26,,,,,,,,,,,,,9,12
124,2025-08-01T02:27:36Z,Young,1501,1506,3641,94.308,0.71,0.01,0.09,,,,,,,,,,,,,9,12
125,2025-08-01T02:27:36Z,Young,1961,1439,3641,106.526,0.79,0.02,0.1,,,,,,,,,,,,,9,12
126,2025-08-01T02:27:36Z,Young,1894,1769,3641,153.51,1.17,0.05,0.16,,,,,,,,,,,,,9,12
127,2025-08-01T02:27:36Z,Young,2224,2237,3641,242.958,1.89,0.03,0.24,,,,,,,,,,,,,9,12
128,2025-08-01T02:27:37Z,Young,2692,2702,3641,195.729,1.51,0.03,0.2,,,,,,,,,,,,,9,12
129,2025-08-01T02:27:37Z,Full,2702,1508,3641,360.507,2.68,0.0,0.36,,,,,,,,,,,,,9,12
130,2025-08-01T02:27:37Z,Young,1963,1788,3641,70.364,0.54,0.0,0.07,,,,,,,,,,,,,9,12
131,2025-08-01T02:27:37Z,Young,2243,2119,3641,189.402,1.46,0.04,0.19,,,,,,,,,,,,,9,12
132,2025-08-01T02:27:38Z,Young,2574,2582,3641,184.068,1.44,0.02,0.19,,,,,,,,,,,,,9,12
133,2025-08-01T02:27:38Z,Full,2582,1059,3641,259.697,1.84,0.01,0.26,,,,,,,,,,,,,9,12
134,2025-08-01T02:27:38Z,Young,1514,1518,3641,146.894,1.11,0.06,0.15,,,,,,,,,,,,,9,12
135,2025-08-01T02:27:38Z,Young,1973,1459,3641,84.737,0.65,0.01,0.08,,,,,,,,,,,,,9,12
136,2025-08-01T02:27:39Z,Young,1914,1797,3641,155.75,1.16,0.04,0.16,,,,,,,,,,,,,9,12
137,2025-08-01T02:27:39Z,Young,2252,2262,3641,179.756,1.38,0.0,0.18,,,,,,,,,,,,,9,12
138,2025-08-01T02:27:39Z,Young,2717,2730,3641,264.577,2.0,0.1,0.27,,,,,,,,,,,,,9,12
139,2025-08-01T02:27:40Z,Full,2730,1517,3641,338.997,2.52,0.0,0.34,,,,,,,,,,,,,9,12
140,2025-08-01T02:27:40Z,Young,1972,1796,3641,105.014,0.76,0.02,0.1,,,,,,,,,,,,,9,12
141,2025-08-01T02:27:40Z,Young,2251,2138,3641,228.764,1.72,0.07,0.23,,,,,,,,,,,,,9,12
142,2025-08-01T02:27:40Z,Young,2593,2607,3641,259.452,2.0,0.06,0.26,,,,,,,,,,,,,9,12
143,2025-08-01T02:27:41Z,Full,2607,1073,3641,253.382,1.84,0.0,0.26,,,,,,,,,,,,,9,12
144,2025-08-01T02:27:41Z,Young,1528,1535,3641,112.106,0.77,0.02,0.11,,,,,,,,,,,,,9,12
145,2025-08-01T02:27:41Z,Young,1990,1496,3641,121.825,0.9,0.04,0.12,,,,,,,,,,,,,9,12
146,2025-08-01T02:27:41Z,Young,1951,1837,3641,137.821,1.07,0.02,0.14,,,,,,,,,,,,,9,12
147,2025-08-01T02:27:42Z,Young,2292,2304,3641,177.044,1.4,0.0,0.17,,,,,,,,,,,,,9,12
148,2025-08-01T02:27:42Z,Young,2759,2772,3641,253.847,1.89,0.09,0.25,,,,,,,,,,,,,9,12
149,2025-08-01T02:27:42Z,Full,2772,1537,3641,353.035,2.61,0.0,0.36,,,,,,,,,,,,,9,12
150,2025-08-01T02:27:42Z,Young,1992,1716,3641,67.806,0.46,0.01,0.06,,,,,,,,,,,,,9,12
151,2025-08-01T02:27:43Z,Young,2171,2179,3641,183.959,1.31,0.08,0.18,,,,,,,,,,,,,9,12
152,2025-08-01T02:27:43Z,Young,2634,2644,3641,178.116,1.4,0.0,0.18,,,,,,,,,,,,,9,12
153,2025-08-01T02:27:43Z,Full,2644,1091,3641,259.322,1.86,0.0,0.26,,,,,,,,,,,,,9,12
154,2025-08-01T02:27:43Z,Young,1546,1549,3641,152.712,1.18,0.02,0.16,,,,,,,,,,,,,9,12
155,2025-08-01T02:27:44Z,Young,2004,1277,3641,65.861,0.49,0.02,0.07,,,,,,,,,,,,,9,12
156,2025-08-01T02:27:44Z,Young,1732,1741,3641,135.124,1.06,0.02,0.13,,,,,,,,,,,,,9,12
157,2025-08-01T02:27:44Z,Young,2196,2208,3641,237.972,1.75,0.09,0.24,,,,,,,,,,,,,9,12
158,2025-08-01T02:27:44Z,Young,2663,2675,3641,178.968,1.41,0.01,0.17,,,,,,,,,,,,,9,12
159,2025-08-01T02:27:45Z,Full,2675,1554,3641,380.181,2.84,0.02,0.38,,,,,,,,,,,,,9,12
160,2025-08-01T02:27:45Z,Young,2009,1748,3641,91.29,0.68,0.03,0.1,,,,,,,,,,,,,9,12
161,2025-08-01T02:27:45Z,Young,2203,2212,3641,163.654,1.25,0.04,0.16,,,,,,,,,,,,,9,12
162,2025-08-01T02:27:46Z,Young,2667,2678,3641,173.881,1.36,0.0,0.18,,,,,,,,,,,,,9,12
163,2025-08-01T02:27:46Z,Full,2678,1110,3641,270.449,1.95,0.02,0.27,,,,,,,,,,,,,9,12
164,2025-08-01T02:27:46Z,Young,1565,1571,3641,174.883,1.3,0.05,0.17,,,,,,,,,,,,,9,12
165,2025-08-01T02:27:46Z,Young,2026,1318,3641,58.643,0.44,0.01,0.06,,,,,,,,,,,,,9,12
166,2025-08-01T02:27:47Z,Young,1773,1782,3641,252.53,1.91,0.07,0.26,,,,,,,,,,,,,9,12
167,2025-08-01T02:27:47Z,Young,2237,2247,3641,176.051,1.38,0.0,0.18,,,,,,,,,,,,,9,12
168,2025-08-01T02:27:47Z,Young,2702,2714,3641,262.811,1.96,0.08,0.27,,,,,,,,,,,,,9,12
169,2025-08-01T02:27:48Z,Full,2714,1568,3641,362.7,2.72,0.0,0.36,,,,,,,,,,,,,9,12
170,2025-08-01T02:27:48Z,Young,2023,1911,3641,151.22,1.14,0.05,0.15,,,,,,,,,,,,,9,12
171,2025-08-01T02:27:48Z,Young,2366,2242,3641,166.539,1.29,0.03,0.16,,,,,,,,,,,,,9,12
172,2025-08-01T02:27:48Z,Young,2697,2708,3641,166.841,1.32,0.0,0.17,,,,,,,,,,,,,9,12
173,2025-08-01T02:27:49Z,Full,2708,1125,3641,294.799,2.13,0.01,0.3,,,,,,,,,,,,,9,12
174,2025-08-01T02:27:49Z,Young,1580,1587,3641,141.349,1.07,0.04,0.14,,,,,,,,,,,,,9,12
175,2025-08-01T02:27:49Z,Young,2042,1603,3641,114.65,0.87,0.02,0.12,,,,,,,,,,,,,9,12
176,2025-08-01T02:27:49Z,Young,2058,1930,3641,224.513,1.73,0.05,0.22,,,,,,,,,,,,,9,12
177,2025-08-01T02:27:50Z,Young,2385,2398,3641,267.753,2.03,0.08,0.27,,,,,,,,,,,,,9,12
178,2025-08-01T02:27:50Z,Young,2853,2862,3641,193.128,1.51,0.02,0.19,,,,,,,,,,,,,9,12
179,2025-08-01T02:27:50Z,Full,2862,1587,3641,356.175,2.64,0.0,0.36,,,,,,,,,,,,,9,12
180,2025-08-01T02:27:51Z,Young,2042,1945,3641,103.385,0.79,0.02,0.11,,,,,,,,,,,,,9,12
181,2025-08-01T02:27:51Z,Young,2400,2281,3641,158.206,1.22,0.02,0.16,,,,,,,,,,,,,9,12
182,2025-08-01T02:27:51Z,Young,2736,2750,3641,225.254,1.7,0.05,0.22,,,,,,,,,,,,,9,12
183,2025-08-01T02:27:52Z,Full,2750,1145,3641,268.816,1.96,0.0,0.27,,,,,,,,,,,,,9,12
184,2025-08-01T02:27:52Z,Young,1600,1603,3641,142.293,1.05,0.05,0.14,,,,,,,,,,,,,9,12
185,2025-08-01T02:27:52Z,Young,2058,1626,3641,122.643,0.92,0.02,0.12,,,,,,,,,,,,,9,12
186,2025-08-01T02:27:52Z,Young,2081,1968,3641,211.17,1.56,0.07,0.21,,,,,,,,,,,,,9,12
187,2025-08-01T02:27:53Z,Young,2423,2435,3641,191.708,1.51,0.01,0.19,,,,,,,,,,,,,9,12
188,2025-08-01T02:27:53Z,Young,2890,2899,3641,186.709,1.46,0.02,0.19,,,,,,,,,,,,,9,12
189,2025-08-01T02:27:53Z,Full,2899,1608,3641,367.946,2.75,0.0,0.36,,,,,,,,,,,,,9,12
190,2025-08-01T02:27:53Z,Young,2063,1986,3641,73.962,0.58,0.0,0.08,,,,,,,,,,,,,9,12
191,2025-08-01T02:27:54Z,Young,2441,2321,3641,195.21,1.51,0.02,0.19,,,,,,,,,,,,,9,12
192,2025-08-01T02:27:54Z,Young,2776,2788,3641,235.267,1.81,0.05,0.24,,,,,,,,,,,,,9,12
193,2025-08-01T02:27:54Z,Full,2788,1164,3641,277.423,2.02,0.0,0.28,,,,,,,,,,,,,9,12
194,2025-08-01T02:27:55Z,Young,1619,1625,3641,110.531,0.83,0.04,0.11,,,,,,,,,,,,,9,12
195,2025-08-01T02:27:55Z,Young,2080,1672,3641,117.672,0.9,0.02,0.12,,,,,,,,,,,,,9,12
196,2025-08-01T02:27:55Z,Young,2127,2013,3641,173.513,1.32,0.04,0.17,,,,,,,,,,,,,9,12
197,2025-08-01T02:27:55Z,Young,2468,2478,3641,250.631,1.95,0.04,0.25,,,,,,,,,,,,,9,12
198,2025-08-01T02:27:56Z,Young,2933,2947,3641,226.38,1.71,0.05,0.23,,,,,,,,,,,,,9,12
199,2025-08-01T02:27:56Z,Full,2947,1624,3641,385.75,2.87,0.0,0.39,,,,,,,,,,,,,9,12
200,2025-08-01T02:27:56Z,Young,2079,2009,3641,123.68,0.94,0.04,0.12,,,,,,,,,,,,,9,12
201,2025-08-01T02:27:57Z,Young,2464,2351,3641,147.117,1.14,0.01,0.14,,,,,,,,,,,,,9,12
202,2025-08-01T02:27:57Z,Young,2806,2819,3641,197.892,1.49,0.02,0.2,,,,,,,,,,,,,9,12
203,2025-08-01T02:27:57Z,Full,2819,1179,3641,296.883,2.18,0.01,0.3,,,,,,,,,,,,,9,12
204,2025-08-01T02:27:57Z,Young,1634,1639,3641,98.839,0.76,0.01,0.1,,,,,,,,,,,,,9,12
205,2025-08-01T02:27:57Z,Young,2094,1457,3641,110.686,0.83,0.03,0.11,,,,,,,,,,,,,9,12
206,2025-08-01T02:27:58Z,Young,1912,1920,3641,148.679,1.15,0.02,0.15,,,,,,,,,,,,,9,12
207,2025-08-01T02:27:58Z,Young,2375,2385,3641,181.339,1.41,0.01,0.18,,,,,,,,,,,,,9,12
208,2025-08-01T02:27:58Z,Young,2840,2851,3641,190.79,1.46,0.02,0.19,,,,,,,,,,,,,9,12
209,2025-08-01T02:27:59Z,Full,2851,1639,3641,368.668,2.72,0.0,0.37,,,,,,,,,,,,,9,12
210,2025-08-01T02:27:59Z,Young,2094,1921,3641,146.63,1.1,0.04,0.14,,,,,,,,,,,,,9,12
211,2025-08-01T02:27:59Z,Young,2376,2384,3641,171.687,1.29,0.04,0.17,,,,,,,,,,,,,9,12
212,2025-08-01T02:28:00Z,Young,2839,2851,3641,230.399,1.81,0.02,0.23,,,,,,,,,,,,,9,12
213,2025-08-01T02:28:00Z,Full,2851,1196,3641,295.448,2.13,0.01,0.3,,,,,,,,,,,,,9,12
214,2025-08-01T02:28:00Z,Young,1651,1657,3641,172.91,1.29,0.07,0.17,,,,,,,,,,,,,9,12
215,2025-08-01T02:28:00Z,Young,2112,1496,3641,123.382,0.93,0.04,0.12,,,,,,,,,,,,,9,12
216,2025-08-01T02:28:01Z,Young,1951,1960,3641,190.383,1.34,0.06,0.19,,,,,,,,,,,,,9,12
217,2025-08-01T02:28:01Z,Young,2415,2426,3641,224.799,1.72,0.04,0.23,,,,,,,,,,,,,9,12
218,2025-08-01T02:28:01Z,Young,2881,2894,3641,207.66,1.57,0.04,0.2,,,,,,,,,,,,,9,12
219,2025-08-01T02:28:02Z,Full,2894,1658,3641,367.408,2.75,0.0,0.37,,,,,,,,,,,,,9,12
220,2025-08-01T02:28:02Z,Young,2113,1955,3641,131.412,1.01,0.02,0.13,,,,,,,,,,,,,9,12
221,2025-08-01T02:28:02Z,Young,2410,2420,3641,236.001,1.81,0.05,0.24,,,,,,,,,,,,,9,12
222,2025-08-01T02:28:03Z,Young,2875,2886,3641,213.58,1.67,0.02,0.21,,,,,,,,,,,,,9,12
223,2025-08-01T02:28:03Z,Full,2886,1212,3641,296.183,2.12,0.02,0.3,,,,,,,,,,,,,9,12
224,2025-08-01T02:28:03Z,Young,1667,1579,3641,145.622,1.08,0.05,0.14,,,,,,,,,,,,,9,12
225,2025-08-01T02:28:03Z,Young,2034,1755,3641,183.621,1.43,0.03,0.19,,,,,,,,,,,,,9,12
226,2025-08-01T02:28:04Z,Young,2210,2098,3641,278.252,2.13,0.04,0.28,,,,,,,,,,,,,9,12
227,2025-08-01T02:28:04Z,Young,2553,2563,3641,211.418,1.57,0.03,0.21,,,,,,,,,,,,,9,12
228,2025-08-01T02:28:04Z,Full,2563,1219,3641,278.965,2.07,0.01,0.28,,,,,,,,,,,,,9,12
229,2025-08-01T02:28:05Z,Young,1674,1620,3641,134.948,1.03,0.03,0.14,,,,,,,,,,,,,9,12
230,2025-08-01T02:28:05Z,Young,2075,1781,3641,176.346,1.25,0.07,0.18,,,,,,,,,,,,,9,12
231,2025-08-01T02:28:05Z,Young,2236,2113,3641,281.662,2.14,0.07,0.28,,,,,,,,,,,,,9,12
232,2025-08-01T02:28:06Z,Young,2568,2579,3641,191.337,1.48,0.02,0.19,,,,,,,,,,,,,9,12
233,2025-08-01T02:28:06Z,Full,2579,1229,3641,305.093,2.23,0.03,0.3,,,,,,,,,,,,,9,12
234,2025-08-01T02:28:06Z,Young,1684,1631,3641,152.623,1.16,0.05,0.16,,,,,,,,,,,,,9,12
235,2025-08-01T02:28:06Z,Young,2086,1794,3641,124.277,0.97,0.01,0.13,,,,,,,,,,,,,9,12
236,2025-08-01T02:28:07Z,Young,2249,2131,3641,177.529,1.35,0.05,0.17,,,,,,,,,,,,,9,12
237,2025-08-01T02:28:07Z,Young,2586,2599,3641,217.29,1.63,0.04,0.22,,,,,,,,,,,,,9,12
238,2025-08-01T02:28:07Z,Full,2599,1236,3641,291.133,2.13,0.0,0.29,,,,,,,,,,,,,9,12
239,2025-08-01T02:28:07Z,Young,1691,1491,3641,50.361,0.39,0.0,0.05,,,,,,,,,,,,,9,12
240,2025-08-01T02:28:08Z,Young,1946,1812,3641,168.655,1.25,0.04,0.17,,,,,,,,,,,,,9,12
241,2025-08-01T02:28:08Z,Young,2267,2141,3641,212.323,1.62,0.06,0.21,,,,,,,,,,,,,9,12
242,2025-08-01T02:28:08Z,Young,2596,2607,3641,209.151,1.6,0.05,0.21,,,,,,,,,,,,,9,12
243,2025-08-01T02:28:09Z,Full,2607,1244,3641,285.062,2.12,0.0,0.28,,,,,,,,,,,,,9,12
244,2025-08-01T02:28:09Z,Young,1699,1523,3641,106.544,0.78,0.02,0.1,,,,,,,,,,,,,9,12
245,2025-08-01T02:28:09Z,Young,1978,1832,3641,122.801,0.95,0.02,0.12,,,,,,,,,,,,,9,12
246,2025-08-01T02:28:09Z,Young,2287,2152,3641,251.962,1.94,0.05,0.25,,,,,,,,,,,,,9,12
247,2025-08-01T02:28:10Z,Young,2607,2616,3641,156.361,1.24,0.0,0.16,,,,,,,,,,,,,9,12
248,2025-08-01T02:28:10Z,Full,2616,1252,3641,315.246,2.32,0.02,0.31,,,,,,,,,,,,,9,12
249,2025-08-01T02:28:10Z,Young,1707,1415,3641,51.88,0.37,0.02,0.05,,,,,,,,,,,,,9,12
250,2025-08-01T02:28:10Z,Young,1870,1879,3641,139.438,1.02,0.02,0.14,,,,,,,,,,,,,9,12
251,2025-08-01T02:28:10Z,Young,2334,2181,3641,177.594,1.38,0.02,0.17,,,,,,,,,,,,,9,12
252,2025-08-01T02:28:11Z,Young,2636,2644,3641,267.914,2.06,0.05,0.27,,,,,,,,,,,,,9,12
253,2025-08-01T02:28:11Z,Full,2644,1258,3641,284.821,2.05,0.01,0.28,,,,,,,,,,,,,9,12
254,2025-08-01T02:28:11Z,Young,1713,1428,3641,92.696,0.66,0.04,0.09,,,,,,,,,,,,,9,12
255,2025-08-01T02:28:12Z,Young,1883,1889,3641,147.498,1.13,0.04,0.15,,,,,,,,,,,,,9,12
256,2025-08-01T02:28:12Z,Young,2344,2170,3641,239.756,1.78,0.07,0.24,,,,,,,,,,,,,9,12
257,2025-08-01T02:28:12Z,Young,2625,2635,3641,170.523,1.28,0.03,0.17,,,,,,,,,,,,,9,12
258,2025-08-01T02:28:12Z,Full,2635,1265,3641,296.801,2.2,0.0,0.3,,,,,,,,,,,,,9,12
259,2025-08-01T02:28:13Z,Young,1720,1473,3641,81.613,0.59,0.02,0.08,,,,,,,,,,,,,9,12
260,2025-08-01T02:28:13Z,Young,1928,1933,3641,126.366,0.94,0.01,0.13,,,,,,,,,,,,,9,12
261,2025-08-01T02:28:13Z,Young,2388,2213,3641,195.684,1.48,0.01,0.19,,,,,,,,,,,,,9,12
262,2025-08-01T02:28:13Z,Young,2668,2677,3641,170.426,1.32,0.01,0.17,,,,,,,,,,,,,9,12
263,2025-08-01T02:28:14Z,Full,2677,1273,3641,297.013,2.18,0.0,0.3,,,,,,,,,,,,,9,12
264,2025-08-01T02:28:14Z,Young,1728,1493,3641,96.877,0.73,0.01,0.1,,,,,,,,,,,,,9,12
265,2025-08-01T02:28:14Z,Young,1948,1953,3641,128.399,0.99,0.0,0.12,,,,,,,,,,,,,9,12
266,2025-08-01T02:28:14Z,Young,2408,2230,3641,217.651,1.63,0.03,0.21,,,,,,,,,,,,,9,12
267,2025-08-01T02:28:15Z,Young,2685,2695,3641,175.338,1.38,0.01,0.18,,,,,,,,,,,,,9,12
268,2025-08-01T02:28:15Z,Full,2695,1277,3641,316.046,2.33,0.01,0.31,,,,,,,,,,,,,9,12
269,2025-08-01T02:28:15Z,Young,1732,1501,3641,113.881,0.85,0.03,0.11,,,,,,,,,,,,,9,12
270,2025-08-01T02:28:15Z,Young,1956,1965,3641,149.203,1.14,0.01,0.15,,,,,,,,,,,,,9,12
271,2025-08-01T02:28:16Z,Young,2420,2247,3641,255.821,1.97,0.06,0.26,,,,,,,,,,,,,9,12
272,2025-08-01T02:28:16Z,Young,2702,2712,3641,207.38,1.59,0.05,0.2,,,,,,,,,,,,,9,12
273,2025-08-01T02:28:16Z,Full,2712,1288,3641,289.08,2.11,0.0,0.29,,,,,,,,,,,,,9,12
274,2025-08-01T02:28:17Z,Young,1743,1626,3641,113.497,0.85,0.02,0.11,,,,,,,,,,,,,9,12
275,2025-08-01T02:28:17Z,Young,2081,1971,3641,179.592,1.36,0.05,0.18,,,,,,,,,,,,,9,12
276,2025-08-01T02:28:17Z,Young,2426,2233,3641,225.376,1.72,0.05,0.23,,,,,,,,,,,,,9,12
277,2025-08-01T02:28:18Z,Young,2688,2695,3641,179.17,1.35,0.02,0.18,,,,,,,,,,,,,9,12
278,2025-08-01T02:28:18Z,Full,2695,1291,3641,307.53,2.27,0.0,0.3,,,,,,,,,,,,,9,12
279,2025-08-01T02:28:18Z,Young,1746,1658,3641,143.413,1.07,0.06,0.15,,,,,,,,,,,,,9,12
280,2025-08-01T02:28:18Z,Young,2113,1997,3641,261.39,1.93,0.1,0.26,,,,,,,,,,,,,9,12
281,2025-08-01T02:28:19Z,Young,2452,2254,3641,260.656,1.96,0.06,0.26,,,,,,,,,,,,,9,12
282,2025-08-01T02:28:19Z,Young,2709,2716,3641,170.302,1.33,0.01,0.17,,,,,,,,,,,,,9,12
283,2025-08-01T02:28:19Z,Full,2716,1298,3641,294.401,2.2,0.0,0.29,,,,,,,,,,,,,9,12
284,2025-08-01T02:28:20Z,Young,1753,1560,3641,130.698,0.88,0.07,0.13,,,,,,,,,,,,,9,12
285,2025-08-01T02:28:20Z,Young,2015,2024,3641,204.086,1.56,0.03,0.21,,,,,,,,,,,,,9,12
286,2025-08-01T02:28:20Z,Young,2479,2276,3641,217.142,1.69,0.02,0.21,,,,,,,,,,,,,9,12
287,2025-08-01T02:28:20Z,Young,2731,2738,3641,163.856,1.29,0.0,0.16,,,,,,,,,,,,,9,12
288,2025-08-01T02:28:21Z,Full,2738,1303,3641,297.674,2.13,0.02,0.3,,,,,,,,,,,,,9,12
289,2025-08-01T02:28:21Z,Young,1758,1583,3641,72.203,0.54,0.03,0.07,,,,,,,,,,,,,9,12
290,2025-08-01T02:28:21Z,Young,2038,2047,3641,165.945,1.28,0.02,0.16,,,,,,,,,,,,,9,12
291,2025-08-01T02:28:21Z,Young,2502,2513,3641,201.579,1.58,0.02,0.2,,,,,,,,,,,,,9,12
292,2025-08-01T02:28:22Z,Young,2968,2623,3641,258.876,1.79,0.16,0.26,,,,,,,,,,,,,9,12
293,2025-08-01T02:28:22Z,Full,2623,862,3641,217.299,1.55,0.01,0.21,,,,,,,,,,,,,9,12
294,2025-08-01T02:28:22Z,Young,1317,1163,3641,71.32,0.52,0.03,0.08,,,,,,,,,,,,,9,12
295,2025-08-01T02:28:22Z,Young,1618,1626,3641,142.202,1.12,0.0,0.15,,,,,,,,,,,,,9,12
296,2025-08-01T02:28:23Z,Young,2081,2092,3641,167.911,1.33,0.0,0.16,,,,,,,,,,,,,9,12
297,2025-08-01T02:28:23Z,Young,2547,2219,3641,240.325,1.81,0.08,0.24,,,,,,,,,,,,,9,12
298,2025-08-01T02:28:23Z,Young,2674,2288,3641,89.18,0.69,0.01,0.09,,,,,,,,,,,,,9,12
299,2025-08-01T02:28:24Z,Young,2743,2754,3641,229.222,1.76,0.04,0.23,,,,,,,,,,,,,9,12
300,2025-08-01T02:28:24Z,Full,2754,880,3641,235.4,1.67,0.03,0.24,,,,,,,,,,,,,9,12
301,2025-08-01T02:28:24Z,Young,1335,1342,3641,89.77,0.69,0.0,0.09,,,,,,,,,,,,,9,12
302,2025-08-01T02:28:24Z,Young,1797,1489,3641,238.431,1.8,0.04,0.24,,,,,,,,,,,,,9,12
303,2025-08-01T02:28:25Z,Young,1944,1562,3641,94.596,0.73,0.01,0.09,,,,,,,,,,,,,9,12
304,2025-08-01T02:28:25Z,Young,2017,2027,3641,240.511,1.79,0.07,0.24,,,,,,,,,,,,,9,12
305,2025-08-01T02:28:25Z,Young,2482,2491,3641,170.472,1.35,0.0,0.17,,,,,,,,,,,,,9,12
306,2025-08-01T02:28:26Z,Young,2946,2624,3641,229.776,1.74,0.07,0.23,,,,,,,,,,,,,9,12
307,2025-08-01T02:28:26Z,Full,2624,894,3641,244.486,1.73,0.03,0.24,,,,,,,,,,,,,9,12
308,2025-08-01T02:28:26Z,Young,1349,1209,3641,105.752,0.72,0.05,0.1,,,,,,,,,,,,,9,12
309,2025-08-01T02:28:26Z,Young,1664,1672,3641,147.41,1.16,0.01,0.15,,,,,,,,,,,,,9,12
310,2025-08-01T02:28:27Z,Young,2127,2136,3641,169.965,1.34,0.0,0.17,,,,,,,,,,,,,9,12
311,2025-08-01T02:28:27Z,Young,2591,2281,3641,211.695,1.6,0.06,0.22,,,,,,,,,,,,,9,12
312,2025-08-01T02:28:27Z,Young,2736,2368,3641,167.517,1.23,0.06,0.17,,,,,,,,,,,,,9,12
313,2025-08-01T02:28:27Z,Young,2823,2832,3641,143.482,1.1,0.0,0.14,,,,,,,,,,,,,9,12
314,2025-08-01T02:28:28Z,Full,2832,908,3641,209.854,1.51,0.0,0.21,,,,,,,,,,,,,9,12
315,2025-08-01T02:28:28Z,Young,1363,1368,3641,179.391,1.37,0.03,0.18,,,,,,,,,,,,,9,12
316,2025-08-01T02:28:28Z,Young,1823,1549,3641,179.72,1.37,0.05,0.18,,,,,,,,,,,,,9,12
317,2025-08-01T02:28:28Z,Young,2004,1592,3641,92.613,0.73,0.0,0.1,,,,,,,,,,,,,9,12
318,2025-08-01T02:28:29Z,Young,2047,2056,3641,238.612,1.81,0.08,0.24,,,,,,,,,,,,,9,12
319,2025-08-01T02:28:29Z,Young,2511,2522,3641,189.117,1.47,0.02,0.19,,,,,,,,,,,,,9,12
320,2025-08-01T02:28:29Z,Young,2977,2727,3641,158.69,1.19,0.04,0.16,,,,,,,,,,,,,9,12
321,2025-08-01T02:28:29Z,Full,2727,916,3641,219.123,1.56,0.0,0.22,,,,,,,,,,,,,9,12
322,2025-08-01T02:28:30Z,Young,1371,1194,3641,61.255,0.47,0.0,0.06,,,,,,,,,,,,,9,12
323,2025-08-01T02:28:30Z,Young,1649,1660,3641,169.685,1.29,0.03,0.17,,,,,,,,,,,,,9,12
324,2025-08-01T02:28:30Z,Young,2115,2126,3641,183.957,1.45,0.01,0.18,,,,,,,,,,,,,9,12
325,2025-08-01T02:28:30Z,Young,2581,2338,3641,196.979,1.49,0.07,0.2,,,,,,,,,,,,,9,12
326,2025-08-01T02:28:31Z,Young,2793,2385,3641,110.747,0.85,0.02,0.11,,,,,,,,,,,,,9,12
327,2025-08-01T02:28:31Z,Young,2840,2849,3641,203.389,1.52,0.04,0.2,,,,,,,,,,,,,9,12
328,2025-08-01T02:28:31Z,Full,2849,936,3641,239.037,1.71,0.02,0.24,,,,,,,,,,,,,9,12
329,2025-08-01T02:28:31Z,Young,1391,1397,3641,149.854,1.15,0.03,0.15,,,,,,,,,,,,,9,12
330,2025-08-01T02:28:32Z,Young,1852,1609,3641,291.267,2.24,0.07,0.3,,,,,,,,,,,,,9,12
331,2025-08-01T02:28:32Z,Young,2064,1664,3641,125.653,0.95,0.03,0.13,,,,,,,,,,,,,9,12
332,2025-08-01T02:28:32Z,Young,2119,2126,3641,170.623,1.26,0.05,0.17,,,,,,,,,,,,,9,12
333,2025-08-01T02:28:33Z,Young,2581,2594,3641,187.514,1.45,0.02,0.19,,,,,,,,,,,,,9,12
334,2025-08-01T02:28:33Z,Young,3049,2809,3641,207.008,1.59,0.05,0.2,,,,,,,,,,,,,9,12
335,2025-08-01T02:28:33Z,Full,2809,951,3641,262.178,1.87,0.03,0.27,,,,,,,,,,,,,9,12
336,2025-08-01T02:28:33Z,Young,1406,1234,3641,108.984,0.73,0.03,0.11,,,,,,,,,,,,,9,12
337,2025-08-01T02:28:34Z,Young,1689,1699,3641,218.242,1.59,0.02,0.22,,,,,,,,,,,,,9,12
338,2025-08-01T02:28:34Z,Young,2154,1942,3641,210.598,1.61,0.05,0.22,,,,,,,,,,,,,9,12
339,2025-08-01T02:28:34Z,Young,2397,2266,3641,150.252,1.16,0.02,0.15,,,,,,,,,,,,,9,12
340,2025-08-01T02:28:34Z,Young,2721,2328,3641,103.772,0.76,0.01,0.11,,,,,,,,,,,,,9,12
341,2025-08-01T02:28:35Z,Young,2783,2790,3641,157.565,1.23,0.02,0.16,,,,,,,,,,,,,9,12
342,2025-08-01T02:28:35Z,Full,2790,964,3641,244.377,1.74,0.03,0.25,,,,,,,,,,,,,9,12
343,2025-08-01T02:28:35Z,Young,1419,1334,3641,138.373,1.01,0.03,0.14,,,,,,,,,,,,,9,12
344,2025-08-01T02:28:35Z,Young,1789,1674,3641,145.265,1.09,0.04,0.15,,,,,,,,,,,,,9,12
345,2025-08-01T02:28:36Z,Young,2129,1706,3641,115.447,0.88,0.04,0.12,,,,,,,,,,,,,9,12
346,2025-08-01T02:28:36Z,Young,2161,2170,3641,184.344,1.41,0.04,0.18,,,,,,,,,,,,,9,12
347,2025-08-01T02:28:36Z,Young,2625,2436,3641,182.719,1.37,0.03,0.18,,,,,,,,,,,,,9,12
348,2025-08-01T02:28:36Z,Young,2891,2777,3641,136.974,1.08,0.01,0.14,,,,,,,,,,,,,9,12
349,2025-08-01T02:28:37Z,Full,2777,976,3641,242.897,1.71,0.02,0.24,,,,,,,,,,,,,9,12
350,2025-08-01T02:28:37Z,Young,1431,1247,3641,92.776,0.67,0.03,0.09,,,,,,,,,,,,,9,12
351,2025-08-01T02:28:37Z,Young,1702,1712,3641,222.004,1.7,0.06,0.22,,,,,,,,,,,,,9,12
352,2025-08-01T02:28:37Z,Young,2167,1999,3641,166.314,1.3,0.02,0.17,,,,,,,,,,,,,9,12
353,2025-08-01T02:28:38Z,Young,2454,2314,3641,183.484,1.31,0.08,0.19,,,,,,,,,,,,,9,12
354,2025-08-01T02:28:38Z,Young,2769,2370,3641,186.008,1.42,0.04,0.18,,,,,,,,,,,,,9,12
355,2025-08-01T02:28:38Z,Young,2825,2832,3641,215.834,1.66,0.05,0.21,,,,,,,,,,,,,9,12
356,2025-08-01T02:28:39Z,Full,2832,988,3641,221.857,1.61,0.0,0.23,,,,,,,,,,,,,9,12
357,2025-08-01T02:28:39Z,Young,1443,1388,3641,85.65,0.63,0.0,0.08,,,,,,,,,,,,,9,12
358,2025-08-01T02:28:39Z,Young,1843,1691,3641,132.388,1.04,0.01,0.13,,,,,,,,,,,,,9,12
359,2025-08-01T02:28:39Z,Young,2146,1993,3641,143.138,1.11,0.03,0.14,,,,,,,,,,,,,9,12
360,2025-08-01T02:28:39Z,Young,2448,2326,3641,139.665,1.1,0.0,0.14,,,,,,,,,,,,,9,12
361,2025-08-01T02:28:40Z,Young,2781,2607,3641,144.147,1.14,0.0,0.15,,,,,,,,,,,,,9,12
362,2025-08-01T02:28:40Z,Young,3062,2925,3641,135.262,1.02,0.01,0.13,,,,,,,,,,,,,9,12
363,2025-08-01T02:28:40Z,Full,2925,1001,3641,241.663,1.74,0.0,0.24,,,,,,,,,,,,,9,12
364,2025-08-01T02:28:40Z,Young,1456,1418,3641,75.239,0.59,0.0,0.07,,,,,,,,,,,,,9,12
365,2025-08-01T02:28:40Z,Young,1873,1750,3641,138.794,1.09,0.0,0.14,,,,,,,,,,,,,9,12
366,2025-08-01T02:28:41Z,Young,2205,2030,3641,145.817,1.16,0.0,0.14,,,,,,,,,,,,,9,12
367,2025-08-01T02:28:41Z,Young,2485,2336,3641,126.431,0.98,0.0,0.12,,,,,,,,,,,,,9,12
368,2025-08-01T02:28:41Z,Young,2791,2420,3641,96.576,0.76,0.0,0.1,,,,,,,,,,,,,9,12
369,2025-08-01T02:28:41Z,Young,2875,2884,3641,150.456,1.17,0.0,0.15,,,,,,,,,,,,,9,12
370,2025-08-01T02:28:42Z,Full,2884,1011,3641,236.078,1.69,0.0,0.24,,,,,,,,,,,,,9,12
371,2025-08-01T02:28:42Z,Young,1466,1402,3641,102.099,0.74,0.01,0.1,,,,,,,,,,,,,9,12
372,2025-08-01T02:28:42Z,Young,1857,1708,3641,184.502,1.43,0.03,0.19,,,,,,,,,,,,,9,12
373,2025-08-01T02:28:42Z,Young,2163,1800,3641,181.11,1.4,0.03,0.18,,,,,,,,,,,,,9,12
374,2025-08-01T02:28:43Z,Young,2255,2266,3641,203.31,1.54,0.04,0.2,,,,,,,,,,,,,9,12
375,2025-08-01T02:28:43Z,Young,2721,2553,3641,223.937,1.67,0.05,0.23,,,,,,,,,,,,,9,12
376,2025-08-01T02:28:43Z,Young,3008,2860,3641,163.772,1.22,0.03,0.16,,,,,,,,,,,,,9,12
377,2025-08-01T02:28:44Z,Full,2860,1025,3641,247.015,1.78,0.01,0.25,,,,,,,,,,,,,9,12
378,2025-08-01T02:28:44Z,Young,1480,1356,3641,177.859,1.29,0.09,0.18,,,,,,,,,,,,,9,12
379,2025-08-01T02:28:44Z,Young,1811,1817,3641,184.737,1.39,0.03,0.19,,,,,,,,,,,,,9,12
380,2025-08-01T02:28:44Z,Young,2272,2096,3641,160.561,1.26,0.01,0.16,,,,,,,,,,,,,9,12
381,2025-08-01T02:28:45Z,Young,2551,2434,3641,161.054,1.25,0.03,0.16,,,,,,,,,,,,,9,12
382,2025-08-01T02:28:45Z,Young,2889,2749,3641,166.732,1.28,0.03,0.17,,,,,,,,,,,,,9,12
383,2025-08-01T02:28:45Z,Full,2749,1029,3641,256.83,1.81,0.02,0.25,,,,,,,,,,,,,9,12
384,2025-08-01T02:28:45Z,Young,1484,1483,3641,164.611,1.22,0.05,0.16,,,,,,,,,,,,,9,12
385,2025-08-01T02:28:46Z,Young,1938,1518,3641,132.248,1.01,0.03,0.13,,,,,,,,,,,,,9,12
386,2025-08-01T02:28:46Z,Young,1973,1981,3641,179.443,1.35,0.02,0.18,,,,,,,,,,,,,9,12
387,2025-08-01T02:28:46Z,Young,2436,2058,3641,179.68,1.29,0.05,0.18,,,,,,,,,,,,,9,12
388,2025-08-01T02:28:46Z,Young,2513,2520,3641,170.584,1.31,0.02,0.17,,,,,,,,,,,,,9,12
389,2025-08-01T02:28:47Z,Young,2975,2568,3641,106.981,0.83,0.01,0.11,,,,,,,,,,,,,9,12
390,2025-08-01T02:28:47Z,Young,3023,3033,3641,231.882,1.49,0.32,0.23,,,,,,,,,,,,,9,12
391,2025-08-01T02:28:47Z,Full,3033,1040,3641,299.814,1.89,0.27,0.3,,,,,,,,,,,,,9,12
392,2025-08-01T02:28:47Z,Young,1495,1362,3641,87.2,0.65,0.03,0.08,,,,,,,,,,,,,9,12
393,2025-08-01T02:28:48Z,Young,1817,1825,3641,226.484,1.72,0.05,0.23,,,,,,,,,,,,,9,12
394,2025-08-01T02:28:48Z,Young,2280,2094,3641,171.969,1.31,0.04,0.17,,,,,,,,,,,,,9,12
395,2025-08-01T02:28:48Z,Young,2549,2432,3641,144.932,1.1,0.02,0.14,,,,,,,,,,,,,9,12
396,2025-08-01T02:28:48Z,Young,2887,2527,3641,129.755,1.01,0.02,0.13,,,,,,,,,,,,,9,12
397,2025-08-01T02:28:49Z,Young,2982,2991,3641,175.673,1.35,0.03,0.17,,,,,,,,,,,,,9,12
398,2025-08-01T02:28:49Z,Full,2991,1049,3641,270.093,1.94,0.01,0.27,,,,,,,,,,,,,9,12
399,2025-08-01T02:28:49Z,Young,1504,1321,3641,55.604,0.41,0.01,0.06,,,,,,,,,,,,,9,12
400,2025-08-01T02:28:49Z,Young,1776,1786,3641,153.805,1.11,0.05,0.15,,,,,,,,,,,,,9,12
401,2025-08-01T02:28:50Z,Young,2241,2099,3641,219.376,1.68,0.04,0.22,,,,,,,,,,,,,9,12
402,2025-08-01T02:28:50Z,Young,2554,2453,3641,169.369,1.31,0.02,0.17,,,,,,,,,,,,,9,12
403,2025-08-01T02:28:50Z,Young,2908,2526,3641,115.286,0.89,0.02,0.11,,,,,,,,,,,,,9,12
404,2025-08-01T02:28:50Z,Young,2981,2988,3641,149.007,1.11,0.02,0.15,,,,,,,,,,,,,9,12
405,2025-08-01T02:28:51Z,Full,2988,1057,3641,257.704,1.86,0.01,0.25,,,,,,,,,,,,,9,12
406,2025-08-01T02:28:51Z,Young,1512,1470,3641,177.808,1.32,0.06,0.18,,,,,,,,,,,,,9,12
407,2025-08-01T02:28:51Z,Young,1925,1803,3641,178.916,1.35,0.04,0.18,,,,,,,,,,,,,9,12
408,2025-08-01T02:28:51Z,Young,2258,1909,3641,106.377,0.81,0.01,0.11,,,,,,,,,,,,,9,12
409,2025-08-01T02:28:52Z,Young,2364,2374,3641,187.25,1.41,0.03,0.19,,,,,,,,,,,,,9,12
410,2025-08-01T02:28:52Z,Young,2829,2658,3641,167.205,1.26,0.04,0.16,,,,,,,,,,,,,9,12
411,2025-08-01T02:28:52Z,Young,3113,2954,3641,231.997,1.78,0.06,0.24,,,,,,,,,,,,,9,12
412,2025-08-01T02:28:53Z,Full,2954,1070,3641,250.116,1.77,0.01,0.25,,,,,,,,,,,,,9,12
413,2025-08-01T02:28:53Z,Young,1525,1465,3641,145.059,1.1,0.02,0.15,,,,,,,,,,,,,9,12
414,2025-08-01T02:28:53Z,Young,1920,1932,3641,189.536,1.47,0.03,0.19,,,,,,,,,,,,,9,12
415,2025-08-01T02:28:53Z,Young,2387,2211,3641,135.386,1.06,0.01,0.13,,,,,,,,,,,,,9,12
416,2025-08-01T02:28:54Z,Young,2666,2494,3641,198.254,1.45,0.07,0.19,,,,,,,,,,,,,9,12
417,2025-08-01T02:28:54Z,Young,2949,2634,3641,209.106,1.61,0.04,0.21,,,,,,,,,,,,,9,12
418,2025-08-01T02:28:54Z,Full,2634,631,3641,175.089,1.19,0.03,0.18,,,,,,,,,,,,,9,12
419,2025-08-01T02:28:54Z,Young,1086,1091,3641,177.324,1.32,0.05,0.18,,,,,,,,,,,,,9,12
420,2025-08-01T02:28:55Z,Young,1546,1428,3641,155.895,1.19,0.03,0.15,,,,,,,,,,,,,9,12
421,2025-08-01T02:28:55Z,Young,1883,1709,3641,173.465,1.34,0.03,0.17,,,,,,,,,,,,,9,12
422,2025-08-01T02:28:55Z,Young,2164,1805,3641,135.863,1.06,0.02,0.14,,,,,,,,,,,,,9,12
423,2025-08-01T02:28:55Z,Young,2260,2270,3641,176.201,1.36,0.03,0.18,,,,,,,,,,,,,9,12
424,2025-08-01T02:28:56Z,Young,2725,2596,3641,146.917,1.15,0.0,0.15,,,,,,,,,,,,,9,12
425,2025-08-01T02:28:56Z,Young,3051,2932,3641,231.87,1.79,0.04,0.24,,,,,,,,,,,,,9,12
426,2025-08-01T02:28:56Z,Full,2932,1096,3641,278.398,2.0,0.03,0.27,,,,,,,,,,,,,9,12
427,2025-08-01T02:28:56Z,Young,1551,1416,3641,104.833,0.79,0.02,0.11,,,,,,,,,,,,,9,12
428,2025-08-01T02:28:57Z,Young,1871,1881,3641,179.053,1.36,0.03,0.17,,,,,,,,,,,,,9,12
429,2025-08-01T02:28:57Z,Young,2336,1977,3641,245.342,1.86,0.06,0.25,,,,,,,,,,,,,9,12
430,2025-08-01T02:28:57Z,Young,2432,2442,3641,146.818,1.16,0.0,0.15,,,,,,,,,,,,,9,12
431,2025-08-01T02:28:57Z,Young,2897,2544,3641,114.786,0.89,0.01,0.11,,,,,,,,,,,,,9,12
432,2025-08-01T02:28:58Z,Young,2999,3012,3641,212.462,1.55,0.07,0.21,,,,,,,,,,,,,9,12
433,2025-08-01T02:28:58Z,Full,3012,1110,3641,265.095,1.92,0.0,0.26,,,,,,,,,,,,,9,12
434,2025-08-01T02:28:58Z,Young,1565,1416,3641,81.993,0.62,0.01,0.08,,,,,,,,,,,,,9,12
435,2025-08-01T02:28:59Z,Young,1871,1881,3641,174.87,1.35,0.04,0.18,,,,,,,,,,,,,9,12
436,2025-08-01T02:28:59Z,Young,2336,1993,3641,122.858,0.93,0.02,0.13,,,,,,,,,,,,,9,12
437,2025-08-01T02:28:59Z,Young,2448,2460,3641,217.668,1.68,0.05,0.22,,,,,,,,,,,,,9,12
438,2025-08-01T02:28:59Z,Young,2915,2788,3641,145.262,1.14,0.01,0.14,,,,,,,,,,,,,9,12
439,2025-08-01T02:29:00Z,Full,2788,1120,3641,268.975,1.95,0.01,0.27,,,,,,,,,,,,,9,12
440,2025-08-01T02:29:00Z,Young,1575,1437,3641,158.989,1.1,0.05,0.16,,,,,,,,,,,,,9,12
441,2025-08-01T02:29:00Z,Young,1892,1711,3641,142.818,1.06,0.03,0.14,,,,,,,,,,,,,9,12
442,2025-08-01T02:29:00Z,Young,2166,2177,3641,154.186,1.21,0.0,0.16,,,,,,,,,,,,,9,12
443,2025-08-01T02:29:01Z,Young,2632,2484,3641,205.222,1.58,0.05,0.21,,,,,,,,,,,,,9,12
444,2025-08-01T02:29:01Z,Young,2939,2805,3641,250.926,1.84,0.1,0.25,,,,,,,,,,,,,9,12
445,2025-08-01T02:29:01Z,Full,2805,1131,3641,264.758,1.92,0.0,0.27,,,,,,,,,,,,,9,12
446,2025-08-01T02:29:01Z,Young,1586,1545,3641,122.542,0.93,0.01,0.13,,,,,,,,,,,,,9,12
447,2025-08-01T02:29:02Z,Young,2000,2009,3641,198.462,1.54,0.03,0.2,,,,,,,,,,,,,9,12
448,2025-08-01T02:29:02Z,Young,2464,2340,3641,164.448,1.25,0.03,0.17,,,,,,,,,,,,,9,12
449,2025-08-01T02:29:02Z,Young,2795,2647,3641,210.628,1.62,0.04,0.21,,,,,,,,,,,,,9,12
450,2025-08-01T02:29:03Z,Full,2647,1134,3641,268.68,1.96,0.01,0.27,,,,,,,,,,,,,9,12
451,2025-08-01T02:29:03Z,Young,1589,1526,3641,128.412,0.95,0.05,0.13,,,,,,,,,,,,,9,12
452,2025-08-01T02:29:03Z,Young,1981,1992,3641,193.711,1.43,0.05,0.19,,,,,,,,,,,,,9,12
453,2025-08-01T02:29:03Z,Young,2447,2341,3641,161.315,1.25,0.02,0.16,,,,,,,,,,,,,9,12
454,2025-08-01T02:29:04Z,Young,2796,2389,3641,202.52,1.54,0.07,0.21,,,,,,,,,,,,,9,12
455,2025-08-01T02:29:04Z,Young,2844,2668,3641,133.109,1.02,0.02,0.13,,,,,,,,,,,,,9,12
456,2025-08-01T02:29:04Z,Full,2668,692,3641,165.09,1.14,0.0,0.17,,,,,,,,,,,,,9,12
457,2025-08-01T02:29:04Z,Young,1147,1153,3641,120.688,0.92,0.02,0.12,,,,,,,,,,,,,9,12
458,2025-08-01T02:29:04Z,Young,1608,1483,3641,153.58,1.19,0.02,0.15,,,,,,,,,,,,,9,12
459,2025-08-01T02:29:05Z,Young,1938,1575,3641,142.587,1.08,0.05,0.14,,,,,,,,,,,,,9,12
460,2025-08-01T02:29:05Z,Young,2030,1855,3641,163.829,1.23,0.04,0.16,,,,,,,,,,,,,9,12
461,2025-08-01T02:29:05Z,Young,2310,2322,3641,206.574,1.52,0.08,0.2,,,,,,,,,,,,,9,12
462,2025-08-01T02:29:05Z,Young,2777,2637,3641,157.675,1.21,0.02,0.16,,,,,,,,,,,,,9,12
463,2025-08-01T02:29:06Z,Full,2637,1154,3641,289.002,2.08,0.04,0.29,,,,,,,,,,,,,9,12
464,2025-08-01T02:29:06Z,Young,1609,1575,3641,122.083,0.92,0.02,0.13,,,,,,,,,,,,,9,12
465,2025-08-01T02:29:06Z,Young,2030,1765,3641,217.756,1.62,0.05,0.21,,,,,,,,,,,,,9,12
466,2025-08-01T02:29:07Z,Young,2220,1994,3641,201.907,1.57,0.03,0.2,,,,,,,,,,,,,9,12
467,2025-08-01T02:29:07Z,Young,2449,2459,3641,159.875,1.25,0.01,0.16,,,,,,,,,,,,,9,12
468,2025-08-01T02:29:07Z,Young,2914,2524,3641,212.078,1.62,0.06,0.21,,,,,,,,,,,,,9,12
469,2025-08-01T02:29:07Z,Young,2979,2825,3641,109.385,0.82,0.0,0.11,,,,,,,,,,,,,9,12
470,2025-08-01T02:29:07Z,Full,2825,717,3641,170.702,1.18,0.01,0.17,,,,,,,,,,,,,9,12
471,2025-08-01T02:29:08Z,Young,1172,1070,3641,88.823,0.67,0.03,0.09,,,,,,,,,,,,,9,12
472,2025-08-01T02:29:08Z,Young,1525,1531,3641,212.506,1.63,0.05,0.22,,,,,,,,,,,,,9,12
473,2025-08-01T02:29:08Z,Young,1986,1616,3641,133.705,1.03,0.02,0.14,,,,,,,,,,,,,9,12
474,2025-08-01T02:29:08Z,Young,2071,1897,3641,139.256,0.98,0.04,0.13,,,,,,,,,,,,,9,12
475,2025-08-01T02:29:09Z,Young,2352,2181,3641,205.678,1.56,0.06,0.2,,,,,,,,,,,,,9,12
476,2025-08-01T02:29:09Z,Young,2636,2644,3641,240.78,1.86,0.04,0.24,,,,,,,,,,,,,9,12
477,2025-08-01T02:29:09Z,Young,3099,2691,3641,145.023,1.12,0.02,0.14,,,,,,,,,,,,,9,12
478,2025-08-01T02:29:09Z,Full,2691,728,3641,171.278,1.16,0.0,0.17,,,,,,,,,,,,,9,12
479,2025-08-01T02:29:10Z,Young,1183,1135,3641,95.732,0.72,0.02,0.09,,,,,,,,,,,,,9,12
480,2025-08-01T02:29:10Z,Young,1590,1417,3641,120.841,0.95,0.0,0.12,,,,,,,,,,,,,9,12
481,2025-08-01T02:29:10Z,Young,1872,1884,3641,208.201,1.55,0.05,0.21,,,,,,,,,,,,,9,12
482,2025-08-01T02:29:10Z,Young,2339,1933,3641,133.601,1.05,0.0,0.14,,,,,,,,,,,,,9,12
483,2025-08-01T02:29:11Z,Young,2388,2213,3641,128.002,0.94,0.03,0.12,,,,,,,,,,,,,9,12
484,2025-08-01T02:29:11Z,Young,2668,2474,3641,154.246,1.17,0.04,0.15,,,,,,,,,,,,,9,12
485,2025-08-01T02:29:11Z,Young,2929,2939,3641,245.959,1.91,0.04,0.24,,,,,,,,,,,,,9,12
486,2025-08-01T02:29:11Z,Full,2939,1192,3641,328.205,2.38,0.04,0.33,,,,,,,,,,,,,9,12
487,2025-08-01T02:29:12Z,Young,1647,1533,3641,95.451,0.72,0.03,0.1,,,,,,,,,,,,,9,12
488,2025-08-01T02:29:12Z,Young,1988,1815,3641,151.074,1.15,0.03,0.15,,,,,,,,,,,,,9,12
489,2025-08-01T02:29:12Z,Young,2270,2053,3641,194.995,1.49,0.05,0.19,,,,,,,,,,,,,9,12
490,2025-08-01T02:29:12Z,Young,2508,2518,3641,145.228,1.15,0.0,0.14,,,,,,,,,,,,,9,12
491,2025-08-01T02:29:13Z,Young,2973,2616,3641,169.483,1.3,0.04,0.17,,,,,,,,,,,,,9,12
492,2025-08-01T02:29:13Z,Full,2616,751,3641,206.274,1.44,0.02,0.21,,,,,,,,,,,,,9,12
493,2025-08-01T02:29:13Z,Young,1206,1170,3641,119.199,0.85,0.04,0.12,,,,,,,,,,,,,9,12
494,2025-08-01T02:29:13Z,Young,1625,1405,3641,130.144,0.96,0.01,0.13,,,,,,,,,,,,,9,12
495,2025-08-01T02:29:14Z,Young,1860,1869,3641,199.52,1.46,0.05,0.2,,,,,,,,,,,,,9,12
496,2025-08-01T02:29:14Z,Young,2324,1965,3641,133.657,1.03,0.03,0.13,,,,,,,,,,,,,9,12
497,2025-08-01T02:29:14Z,Young,2420,2275,3641,217.957,1.69,0.03,0.22,,,,,,,,,,,,,9,12
498,2025-08-01T02:29:15Z,Young,2730,2513,3641,210.941,1.58,0.07,0.21,,,,,,,,,,,,,9,12
499,2025-08-01T02:29:15Z,Young,2968,2978,3641,171.746,1.32,0.03,0.17,,,,,,,,,,,,,9,12
500,2025-08-01T02:29:15Z,Full,2978,1218,3641,317.299,2.3,0.05,0.32,,,,,,,,,,,,,9,12
501,2025-08-01T02:29:15Z,Young,1673,1565,3641,115.799,0.87,0.02,0.12,,,,,,,,,,,,,9,12
502,2025-08-01T02:29:16Z,Young,2020,1873,3641,117.387,0.93,0.0,0.11,,,,,,,,,,,,,9,12
503,2025-08-01T02:29:16Z,Young,2328,2109,3641,138.13,1.05,0.03,0.14,,,,,,,,,,,,,9,12
504,2025-08-01T02:29:16Z,Young,2564,2574,3641,220.502,1.7,0.04,0.22,,,,,,,,,,,,,9,12
505,2025-08-01T02:29:16Z,Young,3029,2709,3641,115.301,0.9,0.0,0.11,,,,,,,,,,,,,9,12
506,2025-08-01T02:29:17Z,Full,2709,782,3641,189.139,1.33,0.0,0.19,,,,,,,,,,,,,9,12
507,2025-08-01T02:29:17Z,Young,1237,1177,3641,142.517,1.03,0.05,0.14,,,,,,,,,,,,,9,12
508,2025-08-01T02:29:17Z,Young,1632,1450,3641,136.78,1.06,0.01,0.13,,,,,,,,,,,,,9,12
509,2025-08-01T02:29:17Z,Young,1905,1913,3641,193.491,1.47,0.04,0.19,,,,,,,,,,,,,9,12
510,2025-08-01T02:29:18Z,Young,2368,2046,3641,149.861,1.15,0.03,0.15,,,,,,,,,,,,,9,12
511,2025-08-01T02:29:18Z,Young,2501,2320,3641,167.901,1.28,0.03,0.17,,,,,,,,,,,,,9,12
512,2025-08-01T02:29:18Z,Young,2775,2600,3641,150.386,1.15,0.03,0.15,,,,,,,,,,,,,9,12
513,2025-08-01T02:29:18Z,Young,3055,3065,3641,180.771,1.34,0.09,0.18,,,,,,,,,,,,,9,12
514,2025-08-01T02:29:19Z,Full,3065,1247,3641,300.838,2.16,0.05,0.3,,,,,,,,,,,,,9,12
515,2025-08-01T02:29:19Z,Young,1702,1632,3641,95.943,0.73,0.02,0.1,,,,,,,,,,,,,9,12
516,2025-08-01T02:29:19Z,Young,2087,1879,3641,222.622,1.7,0.06,0.22,,,,,,,,,,,,,9,12
517,2025-08-01T02:29:19Z,Young,2334,2157,3641,116.691,0.92,0.0,0.11,,,,,,,,,,,,,9,12
518,2025-08-01T02:29:20Z,Young,2612,2621,3641,209.666,1.63,0.03,0.21,,,,,,,,,,,,,9,12
519,2025-08-01T02:29:20Z,Young,3076,2747,3641,180.642,1.35,0.04,0.18,,,,,,,,,,,,,9,12
520,2025-08-01T02:29:20Z,Full,2747,804,3641,194.746,1.37,0.0,0.19,,,,,,,,,,,,,9,12
521,2025-08-01T02:29:20Z,Young,1259,1166,3641,74.42,0.56,0.02,0.08,,,,,,,,,,,,,9,12
522,2025-08-01T02:29:20Z,Young,1621,1495,3641,128.979,1.0,0.02,0.13,,,,,,,,,,,,,9,12
523,2025-08-01T02:29:21Z,Young,1950,1962,3641,245.364,1.91,0.03,0.24,,,,,,,,,,,,,9,12
524,2025-08-01T02:29:21Z,Young,2417,2058,3641,132.944,0.97,0.02,0.13,,,,,,,,,,,,,9,12
525,2025-08-01T02:29:21Z,Young,2513,2339,3641,151.583,1.15,0.04,0.15,,,,,,,,,,,,,9,12
526,2025-08-01T02:29:22Z,Young,2794,2664,3641,211.598,1.64,0.03,0.21,,,,,,,,,,,,,9,12
527,2025-08-01T02:29:22Z,Young,3119,3130,3641,224.592,1.44,0.34,0.23,,,,,,,,,,,,,9,12
528,2025-08-01T02:29:22Z,Full,3130,1272,3641,381.37,2.24,0.57,0.38,,,,,,,,,,,,,9,12
529,2025-08-01T02:29:22Z,Young,1727,1550,3641,121.461,0.92,0.03,0.12,,,,,,,,,,,,,9,12
530,2025-08-01T02:29:23Z,Young,2005,1635,3641,71.317,0.56,0.0,0.07,,,,,,,,,,,,,9,12
531,2025-08-01T02:29:23Z,Young,2090,2098,3641,165.079,1.28,0.02,0.17,,,,,,,,,,,,,9,12
532,2025-08-01T02:29:23Z,Young,2553,2564,3641,225.718,1.64,0.06,0.23,,,,,,,,,,,,,9,12
533,2025-08-01T02:29:24Z,Young,3019,2632,3641,191.43,1.5,0.02,0.19,,,,,,,,,,,,,9,12
534,2025-08-01T02:29:24Z,Full,2632,831,3641,219.966,1.56,0.02,0.22,,,,,,,,,,,,,9,12
535,2025-08-01T02:29:24Z,Young,1286,1106,3641,63.189,0.44,0.01,0.06,,,,,,,,,,,,,9,12
536,2025-08-01T02:29:24Z,Young,1561,1571,3641,216.02,1.6,0.04,0.22,,,,,,,,,,,,,9,12
537,2025-08-01T02:29:24Z,Young,2026,2035,3641,184.927,1.44,0.03,0.19,,,,,,,,,,,,,9,12
538,2025-08-01T02:29:25Z,Young,2490,2111,3641,258.394,1.97,0.07,0.26,,,,,,,,,,,,,9,12
539,2025-08-01T02:29:25Z,Young,2566,2174,3641,92.987,0.7,0.02,0.09,,,,,,,,,,,,,9,12
540,2025-08-01T02:29:25Z,Young,2629,2639,3641,191.254,1.38,0.05,0.19,,,,,,,,,,,,,9,12
541,2025-08-01T02:29:26Z,Young,3094,3107,3641,237.913,1.83,0.04,0.23,,,,,,,,,,,,,9,12
542,2025-08-01T02:29:26Z,Full,3107,1293,3641,318.745,2.32,0.03,0.32,,,,,,,,,,,,,9,12
543,2025-08-01T02:29:26Z,Young,1748,1623,3641,133.889,1.01,0.04,0.14,,,,,,,,,,,,,9,12
544,2025-08-01T02:29:26Z,Young,2078,1671,3641,71.267,0.55,0.0,0.07,,,,,,,,,,,,,9,12
545,2025-08-01T02:29:27Z,Young,2126,2136,3641,155.18,1.19,0.03,0.15,,,,,,,,,,,,,9,12
546,2025-08-01T02:29:27Z,Young,2591,2604,3641,239.229,1.82,0.06,0.23,,,,,,,,,,,,,9,12
547,2025-08-01T02:29:27Z,Full,2604,1298,3641,300.119,2.22,0.0,0.3,,,,,,,,,,,,,9,12
548,2025-08-01T02:29:27Z,Young,1753,1656,3641,81.501,0.62,0.02,0.08,,,,,,,,,,,,,9,12
549,2025-08-01T02:29:28Z,Young,2111,1916,3641,142.59,1.06,0.03,0.15,,,,,,,,,,,,,9,12
550,2025-08-01T02:29:28Z,Young,2371,2259,3641,155.099,1.2,0.02,0.15,,,,,,,,,,,,,9,12
551,2025-08-01T02:29:28Z,Young,2714,2726,3641,236.03,1.81,0.06,0.24,,,,,,,,,,,,,9,12
552,2025-08-01T02:29:29Z,Full,2726,1304,3641,298.734,2.16,0.0,0.3,,,,,,,,,,,,,9,12
553,2025-08-01T02:29:29Z,Young,1759,1666,3641,141.143,1.06,0.03,0.14,,,,,,,,,,,,,9,12
554,2025-08-01T02:29:29Z,Young,2121,1945,3641,157.53,1.18,0.05,0.15,,,,,,,,,,,,,9,12
555,2025-08-01T02:29:29Z,Young,2400,2287,3641,150.236,1.16,0.03,0.15,,,,,,,,,,,,,9,12
556,2025-08-01T02:29:30Z,Young,2742,2752,3641,173.774,1.37,0.0,0.17,,,,,,,,,,,,,9,12
557,2025-08-01T02:29:30Z,Full,2752,1312,3641,300.133,2.2,0.0,0.3,,,,,,,,,,,,,9,12
558,2025-08-01T02:29:30Z,Young,1767,1666,3641,92.73,0.7,0.03,0.1,,,,,,,,,,,,,9,12
559,2025-08-01T02:29:30Z,Young,2121,1712,3641,94.203,0.72,0.02,0.1,,,,,,,,,,,,,9,12
560,2025-08-01T02:29:30Z,Young,2167,2177,3641,149.502,1.13,0.03,0.15,,,,,,,,,,,,,9,12
561,2025-08-01T02:29:31Z,Young,2632,2643,3641,213.913,1.66,0.01,0.22,,,,,,,,,,,,,9,12
562,2025-08-01T02:29:31Z,Full,2643,1321,3641,311.775,2.32,0.0,0.31,,,,,,,,,,,,,9,12
563,2025-08-01T02:29:31Z,Young,1776,1666,3641,132.826,1.02,0.02,0.13,,,,,,,,,,,,,9,12
564,2025-08-01T02:29:31Z,Young,2121,1729,3641,76.761,0.54,0.0,0.07,,,,,,,,,,,,,9,12
565,2025-08-01T02:29:32Z,Young,2184,2195,3641,179.262,1.36,0.03,0.18,,,,,,,,,,,,,9,12
566,2025-08-01T02:29:32Z,Young,2650,2662,3641,261.841,2.0,0.07,0.26,,,,,,,,,,,,,9,12
567,2025-08-01T02:29:32Z,Full,2662,1330,3641,297.931,2.22,0.0,0.3,,,,,,,,,,,,,9,12
568,2025-08-01T02:29:33Z,Young,1785,1648,3641,93.75,0.63,0.05,0.09,,,,,,,,,,,,,9,12
569,2025-08-01T02:29:33Z,Young,2103,1748,3641,93.051,0.7,0.02,0.09,,,,,,,,,,,,,9,12
570,2025-08-01T02:29:33Z,Young,2203,2213,3641,160.03,1.25,0.0,0.16,,,,,,,,,,,,,9,12
571,2025-08-01T02:29:33Z,Young,2668,2678,3641,178.651,1.41,0.01,0.18,,,,,,,,,,,,,9,12
572,2025-08-01T02:29:34Z,Full,2678,1338,3641,301.392,2.23,0.0,0.3,,,,,,,,,,,,,9,12
573,2025-08-01T02:29:34Z,Young,1793,1664,3641,107.349,0.81,0.03,0.11,,,,,,,,,,,,,9,12
574,2025-08-01T02:29:34Z,Young,2119,1765,3641,157.704,1.17,0.04,0.16,,,,,,,,,,,,,9,12
575,2025-08-01T02:29:34Z,Young,2220,2228,3641,162.41,1.25,0.02,0.17,,,,,,,,,,,,,9,12
576,2025-08-01T02:29:35Z,Young,2683,2692,3641,162.14,1.28,0.0,0.16,,,,,,,,,,,,,9,12
577,2025-08-01T02:29:35Z,Full,2692,1344,3641,339.076,2.47,0.02,0.34,,,,,,,,,,,,,9,12
578,2025-08-01T02:29:35Z,Young,1799,1661,3641,100.514,0.74,0.03,0.1,,,,,,,,,,,,,9,12
579,2025-08-01T02:29:35Z,Young,2116,1778,3641,90.848,0.7,0.0,0.09,,,,,,,,,,,,,9,12
580,2025-08-01T02:29:35Z,Young,2233,2243,3641,161.006,1.24,0.01,0.16,,,,,,,,,,,,,9,12
581,2025-08-01T02:29:36Z,Young,2698,2711,3641,211.433,1.57,0.05,0.21,,,,,,,,,,,,,9,12
582,2025-08-01T02:29:36Z,Full,2711,1355,3641,367.613,2.69,0.06,0.37,,,,,,,,,,,,,9,12
583,2025-08-01T02:29:36Z,Young,1810,1521,3641,46.547,0.36,0.01,0.05,,,,,,,,,,,,,9,12
584,2025-08-01T02:29:36Z,Young,1976,1800,3641,85.159,0.62,0.01,0.08,,,,,,,,,,,,,9,12
585,2025-08-01T02:29:37Z,Young,2255,2265,3641,282.553,2.13,0.05,0.28,,,,,,,,,,,,,9,12
586,2025-08-01T02:29:37Z,Young,2720,2729,3641,186.921,1.46,0.02,0.18,,,,,,,,,,,,,9,12
587,2025-08-01T02:29:37Z,Full,2729,1365,3641,324.829,2.4,0.01,0.33,,,,,,,,,,,,,9,12
588,2025-08-01T02:29:38Z,Young,1820,1538,3641,84.873,0.61,0.02,0.09,,,,,,,,,,,,,9,12
589,2025-08-01T02:29:38Z,Young,1993,1817,3641,123.875,0.92,0.03,0.12,,,,,,,,,,,,,9,12
590,2025-08-01T02:29:38Z,Young,2272,2285,3641,185.991,1.43,0.03,0.19,,,,,,,,,,,,,9,12
591,2025-08-01T02:29:38Z,Young,2740,2751,3641,181.58,1.41,0.02,0.18,,,,,,,,,,,,,9,12
592,2025-08-01T02:29:39Z,Full,2751,1374,3641,336.216,2.49,0.02,0.34,,,,,,,,,,,,,9,12
593,2025-08-01T02:29:39Z,Young,1829,1517,3641,67.037,0.44,0.03,0.07,,,,,,,,,,,,,9,12
594,2025-08-01T02:29:39Z,Young,1972,1836,3641,124.361,0.9,0.04,0.12,,,,,,,,,,,,,9,12
595,2025-08-01T02:29:39Z,Young,2291,2300,3641,180.656,1.41,0.03,0.18,,,,,,,,,,,,,9,12
596,2025-08-01T02:29:40Z,Young,2755,2766,3641,216.759,1.63,0.06,0.22,,,,,,,,,,,,,9,12
597,2025-08-01T02:29:40Z,Full,2766,1381,3641,349.176,2.5,0.05,0.35,,,,,,,,,,,,,9,12
598,2025-08-01T02:29:40Z,Young,1836,1653,3641,97.871,0.72,0.05,0.09,,,,,,,,,,,,,9,12
599,2025-08-01T02:29:40Z,Young,2108,1851,3641,88.404,0.68,0.01,0.08,,,,,,,,,,,,,9,12
600,2025-08-01T02:29:41Z,Young,2306,2319,3641,262.746,1.99,0.07,0.27,,,,,,,,,,,,,9,12
601,2025-08-01T02:29:41Z,Young,2774,2786,3641,243.022,1.83,0.06,0.25,,,,,,,,,,,,,9,12
602,2025-08-01T02:29:41Z,Full,2786,1391,3641,316.977,2.37,0.01,0.31,,,,,,,,,,,,,9,12
603,2025-08-01T02:29:42Z,Young,1846,1680,3641,65.497,0.49,0.01,0.07,,,,,,,,,,,,,9,12
604,2025-08-01T02:29:42Z,Young,2135,1871,3641,150.737,1.14,0.04,0.15,,,,,,,,,,,,,9,12
605,2025-08-01T02:29:42Z,Young,2326,2336,3641,201.165,1.54,0.04,0.2,,,,,,,,,,,,,9,12
606,2025-08-01T02:29:42Z,Young,2791,2803,3641,205.643,1.59,0.03,0.21,,,,,,,,,,,,,9,12
607,2025-08-01T02:29:43Z,Full,2803,1398,3641,316.196,2.34,0.0,0.32,,,,,,,,,,,,,9,12
608,2025-08-01T02:29:43Z,Young,1853,1673,3641,131.977,0.98,0.04,0.13,,,,,,,,,,,,,9,12
609,2025-08-01T02:29:43Z,Young,2128,1883,3641,113.21,0.81,0.02,0.11,,,,,,,,,,,,,9,12
610,2025-08-01T02:29:43Z,Young,2338,2349,3641,198.064,1.52,0.03,0.2,,,,,,,,,,,,,9,12
611,2025-08-01T02:29:44Z,Young,2804,2815,3641,265.272,2.05,0.04,0.27,,,,,,,,,,,,,9,12
612,2025-08-01T02:29:44Z,Full,2815,1405,3641,346.268,2.52,0.06,0.34,,,,,,,,,,,,,9,12
613,2025-08-01T02:29:44Z,Young,1860,1682,3641,77.293,0.58,0.02,0.07,,,,,,,,,,,,,9,12
614,2025-08-01T02:29:44Z,Young,2137,1900,3641,121.055,0.92,0.03,0.13,,,,,,,,,,,,,9,12
615,2025-08-01T02:29:45Z,Young,2355,2366,3641,194.955,1.52,0.01,0.2,,,,,,,,,,,,,9,12
616,2025-08-01T02:29:45Z,Young,2821,2831,3641,200.33,1.54,0.04,0.2,,,,,,,,,,,,,9,12
617,2025-08-01T02:29:45Z,Full,2831,1415,3641,365.562,2.63,0.06,0.36,,,,,,,,,,,,,9,12
618,2025-08-01T02:29:46Z,Young,1870,1692,3641,102.316,0.74,0.04,0.1,,,,,,,,,,,,,9,12
619,2025-08-01T02:29:46Z,Young,2147,1917,3641,116.672,0.89,0.03,0.12,,,,,,,,,,,,,9,12
620,2025-08-01T02:29:46Z,Young,2372,2383,3641,241.555,1.79,0.05,0.24,,,,,,,,,,,,,9,12
621,2025-08-01T02:29:46Z,Full,2383,969,3641,267.331,1.89,0.07,0.27,,,,,,,,,,,,,9,12
622,2025-08-01T02:29:47Z,Young,1424,1428,3641,102.256,0.79,0.01,0.1,,,,,,,,,,,,,9,12
623,2025-08-01T02:29:47Z,Young,1883,1503,3641,128.085,0.96,0.03,0.13,,,,,,,,,,,,,9,12
624,2025-08-01T02:29:47Z,Young,1958,1735,3641,129.077,0.98,0.04,0.13,,,,,,,,,,,,,9,12
625,2025-08-01T02:29:47Z,Young,2190,2202,3641,232.513,1.76,0.04,0.23,,,,,,,,,,,,,9,12
626,2025-08-01T02:29:48Z,Young,2657,2667,3641,186.376,1.4,0.01,0.18,,,,,,,,,,,,,9,12
627,2025-08-01T02:29:48Z,Full,2667,1430,3641,345.9,2.56,0.02,0.35,,,,,,,,,,,,,9,12
628,2025-08-01T02:29:48Z,Young,1885,1488,3641,28.865,0.17,0.01,0.03,,,,,,,,,,,,,9,12
629,2025-08-01T02:29:48Z,Young,1943,1947,3641,126.426,0.95,0.02,0.12,,,,,,,,,,,,,9,12
630,2025-08-01T02:29:49Z,Young,2402,2410,3641,181.795,1.43,0.02,0.19,,,,,,,,,,,,,9,12
631,2025-08-01T02:29:49Z,Full,2410,981,3641,224.152,1.61,0.0,0.22,,,,,,,,,,,,,9,12
632,2025-08-01T02:29:49Z,Young,1436,1442,3641,152.608,1.14,0.05,0.15,,,,,,,,,,,,,9,12
633,2025-08-01T02:29:49Z,Young,1897,1544,3641,135.953,1.04,0.03,0.13,,,,,,,,,,,,,9,12
634,2025-08-01T02:29:49Z,Young,1999,1743,3641,133.26,1.0,0.02,0.13,,,,,,,,,,,,,9,12
635,2025-08-01T02:29:50Z,Young,2198,2207,3641,240.765,1.86,0.04,0.24,,,,,,,,,,,,,9,12
636,2025-08-01T02:29:50Z,Young,2662,2675,3641,251.678,1.92,0.06,0.25,,,,,,,,,,,,,9,12
637,2025-08-01T02:29:50Z,Full,2675,1443,3641,366.786,2.68,0.05,0.37,,,,,,,,,,,,,9,12
638,2025-08-01T02:29:51Z,Young,1898,1673,3641,104.17,0.79,0.02,0.11,,,,,,,,,,,,,9,12
639,2025-08-01T02:29:51Z,Young,2128,1973,3641,196.95,1.51,0.05,0.2,,,,,,,,,,,,,9,12
640,2025-08-01T02:29:51Z,Young,2428,2439,3641,229.953,1.77,0.04,0.23,,,,,,,,,,,,,9,12
641,2025-08-01T02:29:52Z,Young,2894,2905,3641,248.835,1.85,0.07,0.25,,,,,,,,,,,,,9,12
642,2025-08-01T02:29:52Z,Full,2905,1449,3641,357.7,2.62,0.04,0.36,,,,,,,,,,,,,9,12
643,2025-08-01T02:29:52Z,Young,1904,1708,3641,81.689,0.61,0.03,0.09,,,,,,,,,,,,,9,12
644,2025-08-01T02:29:52Z,Young,2163,1988,3641,121.19,0.93,0.01,0.13,,,,,,,,,,,,,9,12
645,2025-08-01T02:29:53Z,Young,2443,2449,3641,182.628,1.36,0.05,0.19,,,,,,,,,,,,,9,12
646,2025-08-01T02:29:53Z,Young,2904,2913,3641,200.253,1.55,0.04,0.2,,,,,,,,,,,,,9,12
647,2025-08-01T02:29:53Z,Full,2913,1453,3641,360.375,2.66,0.02,0.36,,,,,,,,,,,,,9,12
648,2025-08-01T02:29:53Z,Young,1908,1691,3641,48.112,0.37,0.0,0.05,,,,,,,,,,,,,9,12
649,2025-08-01T02:29:54Z,Young,2146,1996,3641,193.756,1.4,0.06,0.19,,,,,,,,,,,,,9,12
650,2025-08-01T02:29:54Z,Young,2451,2462,3641,232.476,1.76,0.05,0.23,,,,,,,,,,,,,9,12
651,2025-08-01T02:29:54Z,Full,2462,1006,3641,233.758,1.69,0.0,0.24,,,,,,,,,,,,,9,12
652,2025-08-01T02:29:54Z,Young,1461,1465,3641,94.582,0.73,0.01,0.09,,,,,,,,,,,,,9,12
653,2025-08-01T02:29:55Z,Young,1920,1372,3641,163.005,1.21,0.05,0.17,,,,,,,,,,,,,9,12
654,2025-08-01T02:29:55Z,Young,1827,1682,3641,137.48,1.05,0.02,0.14,,,,,,,,,,,,,9,12
655,2025-08-01T02:29:55Z,Young,2137,2145,3641,264.478,2.05,0.04,0.27,,,,,,,,,,,,,9,12
656,2025-08-01T02:29:56Z,Young,2600,2610,3641,180.049,1.4,0.02,0.18,,,,,,,,,,,,,9,12
657,2025-08-01T02:29:56Z,Full,2610,1465,3641,346.295,2.55,0.01,0.35,,,,,,,,,,,,,9,12
658,2025-08-01T02:29:56Z,Young,1920,1708,3641,132.566,0.98,0.04,0.13,,,,,,,,,,,,,9,12
659,2025-08-01T02:29:56Z,Young,2163,2019,3641,128.167,0.97,0.03,0.13,,,,,,,,,,,,,9,12
660,2025-08-01T02:29:57Z,Young,2474,2483,3641,290.02,2.22,0.08,0.29,,,,,,,,,,,,,9,12
661,2025-08-01T02:29:57Z,Full,2483,1019,3641,268.658,1.87,0.05,0.27,,,,,,,,,,,,,9,12
662,2025-08-01T02:29:57Z,Young,1474,1478,3641,164.629,1.26,0.03,0.17,,,,,,,,,,,,,9,12
663,2025-08-01T02:29:57Z,Young,1933,1398,3641,72.908,0.57,0.0,0.08,,,,,,,,,,,,,9,12
664,2025-08-01T02:29:58Z,Young,1853,1702,3641,149.974,1.15,0.03,0.15,,,,,,,,,,,,,9,12
665,2025-08-01T02:29:58Z,Young,2157,2169,3641,296.034,2.11,0.14,0.3,,,,,,,,,,,,,9,12
666,2025-08-01T02:29:58Z,Young,2624,2632,3641,225.756,1.76,0.03,0.22,,,,,,,,,,,,,9,12
667,2025-08-01T02:29:59Z,Full,2632,1480,3641,358.304,2.65,0.02,0.36,,,,,,,,,,,,,9,12
668,2025-08-01T02:29:59Z,Young,1935,1737,3641,119.261,0.91,0.03,0.11,,,,,,,,,,,,,9,12
669,2025-08-01T02:29:59Z,Young,2192,2049,3641,119.979,0.94,0.02,0.12,,,,,,,,,,,,,9,12
670,2025-08-01T02:29:59Z,Young,2504,2513,3641,160.369,1.27,0.0,0.16,,,,,,,,,,,,,9,12
671,2025-08-01T02:30:00Z,Full,2513,1034,3641,252.739,1.84,0.0,0.25,,,,,,,,,,,,,9,12
672,2025-08-01T02:30:00Z,Young,1489,1493,3641,156.108,1.19,0.04,0.15,,,,,,,,,,,,,9,12
673,2025-08-01T02:30:00Z,Young,1948,1149,3641,43.319,0.28,0.02,0.04,,,,,,,,,,,,,9,12
674,2025-08-01T02:30:00Z,Young,1604,1612,3641,135.918,0.99,0.03,0.14,,,,,,,,,,,,,9,12
675,2025-08-01T02:30:01Z,Young,2067,2076,3641,175.339,1.39,0.0,0.18,,,,,,,,,,,,,9,12
676,2025-08-01T02:30:01Z,Young,2531,2540,3641,179.914,1.41,0.01,0.18,,,,,,,,,,,,,9,12
677,2025-08-01T02:30:01Z,Full,2540,1492,3641,349.792,2.58,0.02,0.35,,,,,,,,,,,,,9,12
678,2025-08-01T02:30:01Z,Young,1947,1741,3641,69.906,0.51,0.01,0.07,,,,,,,,,,,,,9,12
679,2025-08-01T02:30:02Z,Young,2196,2072,3641,131.834,1.01,0.02,0.13,,,,,,,,,,,,,9,12
680,2025-08-01T02:30:02Z,Young,2527,2539,3641,243.825,1.88,0.05,0.25,,,,,,,,,,,,,9,12
681,2025-08-01T02:30:02Z,Full,2539,1047,3641,232.66,1.69,0.0,0.23,,,,,,,,,,,,,9,12
682,2025-08-01T02:30:02Z,Young,1502,1507,3641,91.515,0.7,0.01,0.1,,,,,,,,,,,,,9,12
683,2025-08-01T02:30:02Z,Young,1962,1179,3641,50.548,0.37,0.01,0.05,,,,,,,,,,,,,9,12
684,2025-08-01T02:30:03Z,Young,1634,1643,3641,159.671,1.19,0.04,0.16,,,,,,,,,,,,,9,12
685,2025-08-01T02:30:03Z,Young,2098,2109,3641,256.205,1.97,0.03,0.25,,,,,,,,,,,,,9,12
686,2025-08-01T02:30:03Z,Young,2564,2572,3641,181.67,1.35,0.03,0.18,,,,,,,,,,,,,9,12
687,2025-08-01T02:30:04Z,Full,2572,1507,3641,337.189,2.52,0.01,0.34,,,,,,,,,,,,,9,12
688,2025-08-01T02:30:04Z,Young,1962,1638,3641,45.924,0.34,0.02,0.04,,,,,,,,,,,,,9,12
689,2025-08-01T02:30:04Z,Young,2093,2100,3641,195.938,1.5,0.03,0.19,,,,,,,,,,,,,9,12
690,2025-08-01T02:30:04Z,Young,2555,2567,3641,202.804,1.52,0.03,0.2,,,,,,,,,,,,,9,12
691,2025-08-01T02:30:05Z,Full,2567,1059,3641,247.625,1.79,0.03,0.25,,,,,,,,,,,,,9,12
692,2025-08-01T02:30:05Z,Young,1514,1519,3641,84.253,0.67,0.0,0.08,,,,,,,,,,,,,9,12
693,2025-08-01T02:30:05Z,Young,1974,1667,3641,152.803,1.16,0.04,0.15,,,,,,,,,,,,,9,12
694,2025-08-01T02:30:05Z,Young,2122,1902,3641,215.253,1.6,0.05,0.22,,,,,,,,,,,,,9,12
695,2025-08-01T02:30:06Z,Young,2357,2367,3641,197.462,1.52,0.04,0.2,,,,,,,,,,,,,9,12
696,2025-08-01T02:30:06Z,Young,2822,2834,3641,245.643,1.87,0.04,0.24,,,,,,,,,,,,,9,12
697,2025-08-01T02:30:06Z,Full,2834,1523,3641,348.898,2.58,0.01,0.35,,,,,,,,,,,,,9,12
698,2025-08-01T02:30:06Z,Young,1978,1792,3641,70.968,0.54,0.01,0.07,,,,,,,,,,,,,9,12
699,2025-08-01T02:30:07Z,Young,2247,2132,3641,185.368,1.45,0.03,0.18,,,,,,,,,,,,,9,12
700,2025-08-01T02:30:07Z,Young,2587,2598,3641,252.094,1.94,0.04,0.25,,,,,,,,,,,,,9,12
701,2025-08-01T02:30:07Z,Full,2598,1075,3641,249.063,1.82,0.0,0.25,,,,,,,,,,,,,9,12
702,2025-08-01T02:30:08Z,Young,1530,1534,3641,88.561,0.69,0.0,0.09,,,,,,,,,,,,,9,12
703,2025-08-01T02:30:08Z,Young,1989,1472,3641,139.76,1.07,0.03,0.14,,,,,,,,,,,,,9,12
704,2025-08-01T02:30:08Z,Young,1927,1815,3641,130.664,1.02,0.0,0.14,,,,,,,,,,,,,9,12
705,2025-08-01T02:30:08Z,Young,2270,2280,3641,209.706,1.63,0.04,0.21,,,,,,,,,,,,,9,12
706,2025-08-01T02:30:09Z,Young,2735,2744,3641,186.388,1.39,0.04,0.18,,,,,,,,,,,,,9,12
707,2025-08-01T02:30:09Z,Full,2744,1534,3641,388.62,2.82,0.02,0.39,,,,,,,,,,,,,9,12
708,2025-08-01T02:30:09Z,Young,1989,1823,3641,107.108,0.77,0.05,0.1,,,,,,,,,,,,,9,12
709,2025-08-01T02:30:09Z,Young,2278,2157,3641,188.707,1.44,0.03,0.19,,,,,,,,,,,,,9,12
710,2025-08-01T02:30:10Z,Young,2612,2620,3641,209.412,1.6,0.05,0.21,,,,,,,,,,,,,9,12
711,2025-08-01T02:30:10Z,Full,2620,1086,3641,253.573,1.84,0.0,0.25,,,,,,,,,,,,,9,12
712,2025-08-01T02:30:10Z,Young,1541,1546,3641,117.684,0.88,0.04,0.12,,,,,,,,,,,,,9,12
713,2025-08-01T02:30:10Z,Young,2001,1499,3641,131.582,0.94,0.03,0.13,,,,,,,,,,,,,9,12
714,2025-08-01T02:30:11Z,Young,1954,1828,3641,210.736,1.62,0.04,0.21,,,,,,,,,,,,,9,12
715,2025-08-01T02:30:11Z,Young,2283,2294,3641,209.456,1.62,0.04,0.21,,,,,,,,,,,,,9,12
716,2025-08-01T02:30:11Z,Young,2749,2763,3641,255.142,1.95,0.04,0.25,,,,,,,,,,,,,9,12
717,2025-08-01T02:30:12Z,Full,2763,1546,3641,338.093,2.48,0.0,0.34,,,,,,,,,,,,,9,12
718,2025-08-01T02:30:12Z,Young,2001,1840,3641,91.093,0.62,0.02,0.09,,,,,,,,,,,,,9,12
719,2025-08-01T02:30:12Z,Young,2295,2182,3641,238.404,1.81,0.06,0.24,,,,,,,,,,,,,9,12
720,2025-08-01T02:30:12Z,Young,2637,2648,3641,188.481,1.47,0.02,0.19,,,,,,,,,,,,,9,12
721,2025-08-01T02:30:13Z,Full,2648,1101,3641,261.473,1.86,0.0,0.26,,,,,,,,,,,,,9,12
722,2025-08-01T02:30:13Z,Young,1556,1563,3641,87.07,0.67,0.01,0.09,,,,,,,,,,,,,9,12
723,2025-08-01T02:30:13Z,Young,2018,1523,3641,99.067,0.76,0.02,0.1,,,,,,,,,,,,,9,12
724,2025-08-01T02:30:13Z,Young,1978,1862,3641,206.647,1.59,0.04,0.2,,,,,,,,,,,,,9,12
725,2025-08-01T02:30:14Z,Young,2317,2329,3641,201.702,1.53,0.04,0.2,,,,,,,,,,,,,9,12
726,2025-08-01T02:30:14Z,Young,2784,2797,3641,242.477,1.89,0.02,0.25,,,,,,,,,,,,,9,12
727,2025-08-01T02:30:14Z,Full,2797,1563,3641,363.642,2.73,0.0,0.36,,,,,,,,,,,,,9,12
728,2025-08-01T02:30:15Z,Young,2018,1895,3641,140.494,1.05,0.04,0.14,,,,,,,,,,,,,9,12
729,2025-08-01T02:30:15Z,Young,2350,2216,3641,205.586,1.57,0.03,0.21,,,,,,,,,,,,,9,12
730,2025-08-01T02:30:15Z,Young,2671,2683,3641,205.671,1.58,0.04,0.21,,,,,,,,,,,,,9,12
731,2025-08-01T02:30:15Z,Full,2683,1119,3641,257.1,1.87,0.0,0.26,,,,,,,,,,,,,9,12
732,2025-08-01T02:30:16Z,Young,1574,1577,3641,191.011,1.35,0.08,0.19,,,,,,,,,,,,,9,12
733,2025-08-01T02:30:16Z,Young,2032,1319,3641,66.769,0.45,0.02,0.07,,,,,,,,,,,,,9,12
734,2025-08-01T02:30:16Z,Young,1774,1782,3641,221.534,1.7,0.06,0.23,,,,,,,,,,,,,9,12
735,2025-08-01T02:30:16Z,Young,2237,2248,3641,179.172,1.4,0.01,0.18,,,,,,,,,,,,,9,12
736,2025-08-01T02:30:17Z,Young,2703,2715,3641,307.13,2.27,0.09,0.31,,,,,,,,,,,,,9,12
737,2025-08-01T02:30:17Z,Full,2715,1578,3641,366.546,2.74,0.0,0.37,,,,,,,,,,,,,9,12
738,2025-08-01T02:30:17Z,Young,2033,1782,3641,44.946,0.34,0.0,0.05,,,,,,,,,,,,,9,12
739,2025-08-01T02:30:18Z,Young,2237,2248,3641,195.262,1.42,0.04,0.2,,,,,,,,,,,,,9,12
740,2025-08-01T02:30:18Z,Young,2703,2713,3641,205.73,1.52,0.07,0.2,,,,,,,,,,,,,9,12
741,2025-08-01T02:30:18Z,Full,2713,1131,3641,267.032,1.94,0.01,0.27,,,,,,,,,,,,,9,12
742,2025-08-01T02:30:18Z,Young,1586,1589,3641,89.223,0.69,0.01,0.09,,,,,,,,,,,,,9,12
743,2025-08-01T02:30:19Z,Young,2044,1344,3641,68.143,0.5,0.03,0.07,,,,,,,,,,,,,9,12
744,2025-08-01T02:30:19Z,Young,1799,1808,3641,196.096,1.48,0.05,0.2,,,,,,,,,,,,,9,12
745,2025-08-01T02:30:19Z,Young,2263,2272,3641,187.59,1.44,0.02,0.19,,,,,,,,,,,,,9,12
746,2025-08-01T02:30:19Z,Young,2727,2736,3641,178.94,1.39,0.01,0.18,,,,,,,,,,,,,9,12
747,2025-08-01T02:30:20Z,Full,2736,1589,3641,382.792,2.85,0.04,0.39,,,,,,,,,,,,,9,12
748,2025-08-01T02:30:20Z,Young,2044,1807,3641,63.141,0.48,0.01,0.06,,,,,,,,,,,,,9,12
749,2025-08-01T02:30:20Z,Young,2262,2267,3641,169.901,1.29,0.04,0.17,,,,,,,,,,,,,9,12
750,2025-08-01T02:30:20Z,Young,2722,2733,3641,206.804,1.6,0.03,0.21,,,,,,,,,,,,,9,12
751,2025-08-01T02:30:21Z,Full,2733,1143,3641,285.011,2.05,0.03,0.28,,,,,,,,,,,,,9,12
752,2025-08-01T02:30:21Z,Young,1598,1489,3641,83.891,0.63,0.02,0.09,,,,,,,,,,,,,9,12
753,2025-08-01T02:30:21Z,Young,1944,1583,3641,115.836,0.84,0.04,0.12,,,,,,,,,,,,,9,12
754,2025-08-01T02:30:21Z,Young,2038,1914,3641,137.873,1.06,0.03,0.14,,,,,,,,,,,,,9,12
755,2025-08-01T02:30:22Z,Young,2369,2381,3641,216.971,1.67,0.05,0.22,,,,,,,,,,,,,9,12
756,2025-08-01T02:30:22Z,Young,2836,2651,3641,141.451,1.1,0.01,0.14,,,,,,,,,,,,,9,12
757,2025-08-01T02:30:22Z,Full,2651,1154,3641,291.427,2.07,0.06,0.29,,,,,,,,,,,,,9,12
758,2025-08-01T02:30:22Z,Young,1609,1541,3641,118.448,0.91,0.01,0.12,,,,,,,,,,,,,9,12
759,2025-08-01T02:30:23Z,Young,1996,1821,3641,140.776,1.08,0.03,0.14,,,,,,,,,,,,,9,12
760,2025-08-01T02:30:23Z,Young,2276,2287,3641,189.236,1.46,0.03,0.18,,,,,,,,,,,,,9,12
761,2025-08-01T02:30:23Z,Young,2742,2565,3641,194.984,1.44,0.03,0.19,,,,,,,,,,,,,9,12
762,2025-08-01T02:30:23Z,Full,2565,1165,3641,272.648,2.0,0.0,0.27,,,,,,,,,,,,,9,12
763,2025-08-01T02:30:24Z,Young,1620,1558,3641,112.108,0.84,0.04,0.11,,,,,,,,,,,,,9,12
764,2025-08-01T02:30:24Z,Young,2013,1839,3641,199.888,1.54,0.03,0.2,,,,,,,,,,,,,9,12
765,2025-08-01T02:30:24Z,Young,2294,2305,3641,189.634,1.43,0.03,0.19,,,,,,,,,,,,,9,12
766,2025-08-01T02:30:24Z,Young,2760,2581,3641,182.783,1.39,0.02,0.19,,,,,,,,,,,,,9,12
767,2025-08-01T02:30:25Z,Full,2581,1173,3641,269.545,1.97,0.0,0.27,,,,,,,,,,,,,9,12
768,2025-08-01T02:30:25Z,Young,1628,1550,3641,147.56,1.12,0.04,0.15,,,,,,,,,,,,,9,12
769,2025-08-01T02:30:25Z,Young,2005,1854,3641,153.642,1.14,0.03,0.16,,,,,,,,,,,,,9,12
770,2025-08-01T02:30:25Z,Young,2309,2318,3641,165.35,1.3,0.01,0.17,,,,,,,,,,,,,9,12
771,2025-08-01T02:30:26Z,Young,2773,2600,3641,156.245,1.21,0.03,0.16,,,,,,,,,,,,,9,12
772,2025-08-01T02:30:26Z,Full,2600,1183,3641,294.167,2.14,0.03,0.29,,,,,,,,,,,,,9,12
773,2025-08-01T02:30:26Z,Young,1638,1554,3641,96.186,0.72,0.02,0.1,,,,,,,,,,,,,9,12
774,2025-08-01T02:30:26Z,Young,2009,1852,3641,127.175,0.98,0.01,0.13,,,,,,,,,,,,,9,12
775,2025-08-01T02:30:27Z,Young,2307,2318,3641,199.831,1.5,0.04,0.2,,,,,,,,,,,,,9,12
776,2025-08-01T02:30:27Z,Young,2773,2357,3641,159.472,1.2,0.03,0.16,,,,,,,,,,,,,9,12
777,2025-08-01T02:30:27Z,Young,2812,2629,3641,157.858,1.21,0.03,0.16,,,,,,,,,,,,,9,12
778,2025-08-01T02:30:27Z,Full,2629,740,3641,176.933,1.23,0.0,0.18,,,,,,,,,,,,,9,12
779,2025-08-01T02:30:28Z,Young,1195,1133,3641,168.037,1.23,0.05,0.16,,,,,,,,,,,,,9,12
780,2025-08-01T02:30:28Z,Young,1588,1600,3641,169.234,1.31,0.03,0.17,,,,,,,,,,,,,9,12
781,2025-08-01T02:30:28Z,Young,2055,1693,3641,115.002,0.84,0.02,0.12,,,,,,,,,,,,,9,12
782,2025-08-01T02:30:28Z,Young,2148,1936,3641,182.511,1.33,0.02,0.18,,,,,,,,,,,,,9,12
783,2025-08-01T02:30:29Z,Young,2391,2211,3641,124.049,0.97,0.0,0.12,,,,,,,,,,,,,9,12
784,2025-08-01T02:30:29Z,Young,2666,2676,3641,236.604,1.83,0.03,0.24,,,,,,,,,,,,,9,12
785,2025-08-01T02:30:29Z,Young,3131,2802,3641,170.25,1.31,0.02,0.17,,,,,,,,,,,,,9,12
786,2025-08-01T02:30:29Z,Full,2802,753,3641,193.011,1.33,0.0,0.19,,,,,,,,,,,,,9,12
787,2025-08-01T02:30:30Z,Young,1208,1093,3641,67.963,0.53,0.0,0.07,,,,,,,,,,,,,9,12
788,2025-08-01T02:30:30Z,Young,1548,1359,3641,123.277,0.95,0.01,0.12,,,,,,,,,,,,,9,12
789,2025-08-01T02:30:30Z,Young,1814,1824,3641,150.372,1.18,0.0,0.16,,,,,,,,,,,,,9,12
790,2025-08-01T02:30:30Z,Young,2279,1971,3641,112.186,0.88,0.01,0.12,,,,,,,,,,,,,9,12
791,2025-08-01T02:30:31Z,Young,2426,2201,3641,199.957,1.43,0.06,0.2,,,,,,,,,,,,,9,12
792,2025-08-01T02:30:31Z,Young,2656,2476,3641,195.008,1.47,0.05,0.19,,,,,,,,,,,,,9,12
793,2025-08-01T02:30:31Z,Young,2931,2944,3641,238.219,1.8,0.05,0.24,,,,,,,,,,,,,9,12
794,2025-08-01T02:30:31Z,Full,2944,1217,3641,292.885,2.11,0.01,0.29,,,,,,,,,,,,,9,12
795,2025-08-01T02:30:32Z,Young,1672,1573,3641,150.058,1.13,0.05,0.15,,,,,,,,,,,,,9,12
796,2025-08-01T02:30:32Z,Young,2028,2037,3641,149.859,1.1,0.0,0.15,,,,,,,,,,,,,9,12
797,2025-08-01T02:30:32Z,Young,2492,2205,3641,218.008,1.67,0.04,0.22,,,,,,,,,,,,,9,12
798,2025-08-01T02:30:33Z,Young,2660,2672,3641,165.514,1.26,0.02,0.17,,,,,,,,,,,,,9,12
799,2025-08-01T02:30:33Z,Young,3127,2820,3641,143.324,1.1,0.02,0.14,,,,,,,,,,,,,9,12
800,2025-08-01T02:30:33Z,Full,2820,776,3641,215.378,1.51,0.03,0.21,,,,,,,,,,,,,9,12
801,2025-08-01T02:30:33Z,Young,1231,1238,3641,155.369,1.19,0.02,0.16,,,,,,,,,,,,,9,12
802,2025-08-01T02:30:33Z,Young,1693,1399,3641,187.957,1.47,0.01,0.19,,,,,,,,,,,,,9,12
803,2025-08-01T02:30:34Z,Young,1854,1865,3641,184.196,1.4,0.04,0.18,,,,,,,,,,,,,9,12
804,2025-08-01T02:30:34Z,Young,2320,2020,3641,141.398,1.09,0.02,0.14,,,,,,,,,,,,,9,12
805,2025-08-01T02:30:34Z,Young,2475,2487,3641,218.616,1.68,0.04,0.22,,,,,,,,,,,,,9,12
806,2025-08-01T02:30:35Z,Young,2942,2674,3641,202.854,1.51,0.05,0.2,,,,,,,,,,,,,9,12
807,2025-08-01T02:30:35Z,Full,2674,789,3641,184.556,1.29,0.0,0.18,,,,,,,,,,,,,9,12
808,2025-08-01T02:30:35Z,Young,1244,1245,3641,117.749,0.85,0.01,0.12,,,,,,,,,,,,,9,12
809,2025-08-01T02:30:35Z,Young,1700,1393,3641,135.014,1.04,0.02,0.13,,,,,,,,,,,,,9,12
810,2025-08-01T02:30:35Z,Young,1848,1855,3641,176.383,1.36,0.03,0.17,,,,,,,,,,,,,9,12
811,2025-08-01T02:30:36Z,Young,2310,2006,3641,127.6,0.94,0.03,0.13,,,,,,,,,,,,,9,12
812,2025-08-01T02:30:36Z,Young,2461,2472,3641,188.277,1.43,0.05,0.19,,,,,,,,,,,,,9,12
813,2025-08-01T02:30:36Z,Young,2927,2660,3641,175.725,1.33,0.04,0.17,,,,,,,,,,,,,9,12
814,2025-08-01T02:30:36Z,Full,2660,798,3641,185.602,1.3,0.0,0.19,,,,,,,,,,,,,9,12
815,2025-08-01T02:30:37Z,Young,1253,1260,3641,101.154,0.76,0.02,0.1,,,,,,,,,,,,,9,12
816,2025-08-01T02:30:37Z,Young,1715,1399,3641,127.871,0.91,0.02,0.13,,,,,,,,,,,,,9,12
817,2025-08-01T02:30:37Z,Young,1854,1621,3641,156.456,1.15,0.03,0.15,,,,,,,,,,,,,9,12
818,2025-08-01T02:30:37Z,Young,2076,1957,3641,134.595,1.05,0.01,0.13,,,,,,,,,,,,,9,12
819,2025-08-01T02:30:38Z,Young,2412,2422,3641,182.416,1.4,0.01,0.18,,,,,,,,,,,,,9,12
820,2025-08-01T02:30:38Z,Young,2877,2524,3641,128.669,0.99,0.02,0.13,,,,,,,,,,,,,9,12
821,2025-08-01T02:30:38Z,Young,2979,2804,3641,136.504,1.04,0.02,0.13,,,,,,,,,,,,,9,12
822,2025-08-01T02:30:38Z,Full,2804,817,3641,256.785,1.81,0.06,0.26,,,,,,,,,,,,,9,12
823,2025-08-01T02:30:38Z,Young,1272,1274,3641,93.562,0.72,0.01,0.09,,,,,,,,,,,,,9,12
824,2025-08-01T02:30:39Z,Young,1729,1740,3641,211.013,1.59,0.04,0.22,,,,,,,,,,,,,9,12
825,2025-08-01T02:30:39Z,Young,2195,1830,3641,132.91,1.02,0.03,0.13,,,,,,,,,,,,,9,12
826,2025-08-01T02:30:39Z,Young,2285,1903,3641,72.293,0.55,0.0,0.07,,,,,,,,,,,,,9,12
827,2025-08-01T02:30:39Z,Young,2358,2367,3641,195.431,1.53,0.02,0.2,,,,,,,,,,,,,9,12
828,2025-08-01T02:30:40Z,Young,2822,2833,3641,204.935,1.56,0.05,0.2,,,,,,,,,,,,,9,12
829,2025-08-01T02:30:40Z,Full,2833,1278,3641,304.099,2.2,0.01,0.31,,,,,,,,,,,,,9,12
830,2025-08-01T02:30:40Z,Young,1733,1553,3641,74.006,0.55,0.02,0.07,,,,,,,,,,,,,9,12
831,2025-08-01T02:30:40Z,Young,2008,1635,3641,104.719,0.8,0.02,0.11,,,,,,,,,,,,,9,12
832,2025-08-01T02:30:41Z,Young,2090,2103,3641,190.321,1.43,0.05,0.19,,,,,,,,,,,,,9,12
833,2025-08-01T02:30:41Z,Young,2558,2567,3641,196.149,1.48,0.04,0.2,,,,,,,,,,,,,9,12
834,2025-08-01T02:30:41Z,Full,2567,1283,3641,301.366,2.23,0.01,0.3,,,,,,,,,,,,,9,12
835,2025-08-01T02:30:41Z,Young,1738,1560,3641,107.151,0.77,0.05,0.11,,,,,,,,,,,,,9,12
836,2025-08-01T02:30:42Z,Young,2015,1649,3641,104.627,0.78,0.03,0.11,,,,,,,,,,,,,9,12
837,2025-08-01T02:30:42Z,Young,2104,2113,3641,226.607,1.65,0.08,0.23,,,,,,,,,,,,,9,12
838,2025-08-01T02:30:42Z,Young,2568,2577,3641,194.749,1.52,0.02,0.19,,,,,,,,,,,,,9,12
839,2025-08-01T02:30:43Z,Full,2577,1291,3641,302.626,2.24,0.02,0.31,,,,,,,,,,,,,9,12
840,2025-08-01T02:30:43Z,Young,1746,1567,3641,94.528,0.7,0.02,0.1,,,,,,,,,,,,,9,12
841,2025-08-01T02:30:43Z,Young,2022,1662,3641,115.883,0.8,0.07,0.12,,,,,,,,,,,,,9,12
842,2025-08-01T02:30:43Z,Young,2117,2126,3641,238.171,1.83,0.04,0.23,,,,,,,,,,,,,9,12
843,2025-08-01T02:30:44Z,Young,2581,2592,3641,303.542,2.34,0.05,0.3,,,,,,,,,,,,,9,12
844,2025-08-01T02:30:44Z,Full,2592,1298,3641,308.185,2.24,0.02,0.31,,,,,,,,,,,,,9,12
845,2025-08-01T02:30:44Z,Young,1753,1581,3641,74.349,0.55,0.02,0.08,,,,,,,,,,,,,9,12
846,2025-08-01T02:30:44Z,Young,2036,1675,3641,111.231,0.86,0.01,0.11,,,,,,,,,,,,,9,12
847,2025-08-01T02:30:45Z,Young,2130,2141,3641,169.797,1.3,0.03,0.17,,,,,,,,,,,,,9,12
848,2025-08-01T02:30:45Z,Young,2596,2609,3641,338.758,2.51,0.08,0.34,,,,,,,,,,,,,9,12
849,2025-08-01T02:30:46Z,Full,2609,1306,3641,298.113,2.17,0.01,0.3,,,,,,,,,,,,,9,12
850,2025-08-01T02:30:46Z,Young,1761,1591,3641,136.632,1.04,0.02,0.13,,,,,,,,,,,,,9,12
851,2025-08-01T02:30:46Z,Young,2046,1694,3641,94.306,0.69,0.02,0.09,,,,,,,,,,,,,9,12
852,2025-08-01T02:30:46Z,Young,2149,2159,3641,227.007,1.75,0.04,0.22,,,,,,,,,,,,,9,12
853,2025-08-01T02:30:47Z,Young,2614,2626,3641,191.487,1.48,0.04,0.19,,,,,,,,,,,,,9,12
854,2025-08-01T02:30:47Z,Full,2626,1317,3641,341.264,2.49,0.05,0.34,,,,,,,,,,,,,9,12
855,2025-08-01T02:30:47Z,Young,1772,1441,3641,58.692,0.41,0.01,0.06,,,,,,,,,,,,,9,12
856,2025-08-01T02:30:47Z,Young,1896,1715,3641,162.935,1.17,0.06,0.16,,,,,,,,,,,,,9,12
857,2025-08-01T02:30:48Z,Young,2170,2181,3641,179.004,1.38,0.03,0.18,,,,,,,,,,,,,9,12
858,2025-08-01T02:30:48Z,Young,2636,2651,3641,294.751,2.24,0.08,0.29,,,,,,,,,,,,,9,12
859,2025-08-01T02:30:48Z,Full,2651,1328,3641,348.031,2.58,0.04,0.35,,,,,,,,,,,,,9,12
860,2025-08-01T02:30:49Z,Young,1783,1478,3641,77.071,0.58,0.02,0.08,,,,,,,,,,,,,9,12
861,2025-08-01T02:30:49Z,Young,1933,1736,3641,159.752,1.21,0.04,0.16,,,,,,,,,,,,,9,12
862,2025-08-01T02:30:49Z,Young,2191,2203,3641,197.055,1.53,0.02,0.2,,,,,,,,,,,,,9,12
863,2025-08-01T02:30:49Z,Young,2658,2670,3641,227.14,1.75,0.03,0.22,,,,,,,,,,,,,9,12
864,2025-08-01T02:30:50Z,Full,2670,1337,3641,330.666,2.44,0.02,0.33,,,,,,,,,,,,,9,12
865,2025-08-01T02:30:50Z,Young,1792,1602,3641,83.067,0.61,0.03,0.08,,,,,,,,,,,,,9,12
866,2025-08-01T02:30:50Z,Young,2057,1757,3641,115.045,0.87,0.03,0.11,,,,,,,,,,,,,9,12
867,2025-08-01T02:30:50Z,Young,2212,2222,3641,180.203,1.37,0.02,0.18,,,,,,,,,,,,,9,12
868,2025-08-01T02:30:51Z,Young,2677,2690,3641,208.67,1.61,0.05,0.2,,,,,,,,,,,,,9,12
869,2025-08-01T02:30:51Z,Full,2690,1349,3641,346.681,2.53,0.05,0.35,,,,,,,,,,,,,9,12
870,2025-08-01T02:30:51Z,Young,1804,1649,3641,111.041,0.85,0.02,0.12,,,,,,,,,,,,,9,12
871,2025-08-01T02:30:52Z,Young,2104,1777,3641,111.511,0.82,0.03,0.11,,,,,,,,,,,,,9,12
872,2025-08-01T02:30:52Z,Young,2232,2241,3641,187.307,1.45,0.03,0.18,,,,,,,,,,,,,9,12
873,2025-08-01T02:30:52Z,Young,2696,2711,3641,224.024,1.72,0.03,0.23,,,,,,,,,,,,,9,12
874,2025-08-01T02:30:52Z,Full,2711,1358,3641,306.605,2.28,0.0,0.3,,,,,,,,,,,,,9,12
875,2025-08-01T02:30:53Z,Young,1813,1669,3641,81.435,0.55,0.02,0.08,,,,,,,,,,,,,9,12
876,2025-08-01T02:30:53Z,Young,2124,1794,3641,106.89,0.83,0.02,0.1,,,,,,,,,,,,,9,12
877,2025-08-01T02:30:53Z,Young,2249,2257,3641,164.413,1.29,0.01,0.16,,,,,,,,,,,,,9,12
878,2025-08-01T02:30:53Z,Young,2712,2722,3641,189.413,1.48,0.02,0.19,,,,,,,,,,,,,9,12
879,2025-08-01T02:30:54Z,Full,2722,1362,3641,305.991,2.25,0.01,0.31,,,,,,,,,,,,,9,12
880,2025-08-01T02:30:54Z,Young,1817,1707,3641,122.742,0.92,0.03,0.12,,,,,,,,,,,,,9,12
881,2025-08-01T02:30:54Z,Young,2162,1806,3641,138.911,1.03,0.06,0.14,,,,,,,,,,,,,9,12
882,2025-08-01T02:30:54Z,Young,2261,2270,3641,181.863,1.42,0.02,0.18,,,,,,,,,,,,,9,12
883,2025-08-01T02:30:55Z,Young,2725,2739,3641,249.889,1.87,0.08,0.25,,,,,,,,,,,,,9,12
884,2025-08-01T02:30:55Z,Full,2739,1372,3641,333.882,2.44,0.03,0.33,,,,,,,,,,,,,9,12
885,2025-08-01T02:30:55Z,Young,1827,1696,3641,65.631,0.49,0.0,0.06,,,,,,,,,,,,,9,12
886,2025-08-01T02:30:55Z,Young,2151,1822,3641,119.332,0.91,0.03,0.12,,,,,,,,,,,,,9,12
887,2025-08-01T02:30:56Z,Young,2277,2285,3641,187.585,1.44,0.04,0.19,,,,,,,,,,,,,9,12
888,2025-08-01T02:30:56Z,Young,2740,2753,3641,188.704,1.47,0.03,0.19,,,,,,,,,,,,,9,12
889,2025-08-01T02:30:56Z,Full,2753,1379,3641,333.206,2.44,0.03,0.33,,,,,,,,,,,,,9,12
890,2025-08-01T02:30:56Z,Young,1834,1697,3641,64.104,0.49,0.01,0.07,,,,,,,,,,,,,9,12
891,2025-08-01T02:30:57Z,Young,2152,1836,3641,166.218,1.27,0.05,0.17,,,,,,,,,,,,,9,12
892,2025-08-01T02:30:57Z,Young,2291,2300,3641,267.161,2.03,0.07,0.27,,,,,,,,,,,,,9,12
893,2025-08-01T02:30:57Z,Young,2755,2768,3641,258.679,1.99,0.05,0.26,,,,,,,,,,,,,9,12
894,2025-08-01T02:30:58Z,Full,2768,1385,3641,308.438,2.27,0.01,0.31,,,,,,,,,,,,,9,12
895,2025-08-01T02:30:58Z,Young,1840,1738,3641,96.102,0.73,0.02,0.09,,,,,,,,,,,,,9,12
896,2025-08-01T02:30:58Z,Young,2193,1852,3641,170.35,1.3,0.04,0.17,,,,,,,,,,,,,9,12
897,2025-08-01T02:30:58Z,Young,2307,2316,3641,148.542,1.17,0.0,0.15,,,,,,,,,,,,,9,12
898,2025-08-01T02:30:59Z,Young,2771,2783,3641,200.095,1.54,0.04,0.2,,,,,,,,,,,,,9,12
899,2025-08-01T02:30:59Z,Full,2783,1395,3641,341.109,2.46,0.06,0.34,,,,,,,,,,,,,9,12
900,2025-08-01T02:30:59Z,Young,1850,1740,3641,141.017,1.07,0.03,0.14,,,,,,,,,,,,,9,12
901,2025-08-01T02:30:59Z,Young,2195,1870,3641,95.302,0.75,0.01,0.09,,,,,,,,,,,,,9,12
902,2025-08-01T02:31:00Z,Young,2325,2335,3641,155.913,1.22,0.02,0.16,,,,,,,,,,,,,9,12
903,2025-08-01T02:31:00Z,Young,2790,2800,3641,174.349,1.34,0.01,0.18,,,,,,,,,,,,,9,12
904,2025-08-01T02:31:00Z,Full,2800,1404,3641,320.853,2.38,0.01,0.32,,,,,,,,,,,,,9,12
905,2025-08-01T02:31:00Z,Young,1859,1748,3641,73.44,0.56,0.01,0.08,,,,,,,,,,,,,9,12
906,2025-08-01T02:31:01Z,Young,2203,1887,3641,123.493,0.93,0.02,0.12,,,,,,,,,,,,,9,12
907,2025-08-01T02:31:01Z,Young,2342,2351,3641,157.148,1.2,0.02,0.15,,,,,,,,,,,,,9,12
908,2025-08-01T02:31:01Z,Young,2806,2819,3641,202.93,1.56,0.04,0.21,,,,,,,,,,,,,9,12
909,2025-08-01T02:31:01Z,Full,2819,1411,3641,315.196,2.34,0.0,0.31,,,,,,,,,,,,,9,12
910,2025-08-01T02:31:02Z,Young,1866,1758,3641,130.568,0.98,0.03,0.13,,,,,,,,,,,,,9,12
911,2025-08-01T02:31:02Z,Young,2213,1904,3641,154.414,1.1,0.05,0.15,,,,,,,,,,,,,9,12
912,2025-08-01T02:31:02Z,Young,2359,2367,3641,209.351,1.62,0.03,0.21,,,,,,,,,,,,,9,12
913,2025-08-01T02:31:03Z,Young,2822,2832,3641,167.616,1.32,0.0,0.17,,,,,,,,,,,,,9,12
914,2025-08-01T02:31:03Z,Full,2832,1418,3641,351.204,2.58,0.05,0.35,,,,,,,,,,,,,9,12
915,2025-08-01T02:31:03Z,Young,1873,1794,3641,107.032,0.69,0.05,0.11,,,,,,,,,,,,,9,12
916,2025-08-01T02:31:03Z,Young,2249,1917,3641,94.463,0.73,0.02,0.1,,,,,,,,,,,,,9,12
917,2025-08-01T02:31:03Z,Young,2372,2380,3641,167.688,1.3,0.03,0.17,,,,,,,,,,,,,9,12
918,2025-08-01T02:31:04Z,Young,2835,2846,3641,217.64,1.68,0.04,0.22,,,,,,,,,,,,,9,12
919,2025-08-01T02:31:04Z,Full,2846,1425,3641,342.644,2.47,0.05,0.34,,,,,,,,,,,,,9,12
920,2025-08-01T02:31:04Z,Young,1880,1793,3641,125.109,0.92,0.02,0.12,,,,,,,,,,,,,9,12
921,2025-08-01T02:31:05Z,Young,2248,1933,3641,142.237,1.1,0.02,0.14,,,,,,,,,,,,,9,12
922,2025-08-01T02:31:05Z,Young,2388,2398,3641,213.756,1.66,0.02,0.21,,,,,,,,,,,,,9,12
923,2025-08-01T02:31:05Z,Young,2853,2865,3641,202.401,1.53,0.04,0.21,,,,,,,,,,,,,9,12
924,2025-08-01T02:31:05Z,Full,2865,1435,3641,317.055,2.35,0.0,0.31,,,,,,,,,,,,,9,12
925,2025-08-01T02:31:06Z,Young,1890,1672,3641,75.206,0.58,0.0,0.08,,,,,,,,,,,,,9,12
926,2025-08-01T02:31:06Z,Young,2127,1950,3641,94.218,0.74,0.01,0.09,,,,,,,,,,,,,9,12
927,2025-08-01T02:31:06Z,Young,2405,2414,3641,191.281,1.46,0.03,0.19,,,,,,,,,,,,,9,12
928,2025-08-01T02:31:06Z,Young,2869,2880,3641,170.791,1.34,0.02,0.17,,,,,,,,,,,,,9,12
929,2025-08-01T02:31:07Z,Full,2880,1442,3641,314.816,2.33,0.0,0.31,,,,,,,,,,,,,9,12
930,2025-08-01T02:31:07Z,Young,1897,1875,3641,177.299,1.37,0.02,0.18,,,,,,,,,,,,,9,12
931,2025-08-01T02:31:07Z,Young,2330,1964,3641,170.495,1.22,0.07,0.17,,,,,,,,,,,,,9,12
932,2025-08-01T02:31:08Z,Young,2419,2430,3641,227.209,1.78,0.02,0.23,,,,,,,,,,,,,9,12
933,2025-08-01T02:31:08Z,Young,2885,2892,3641,164.013,1.3,0.0,0.16,,,,,,,,,,,,,9,12
934,2025-08-01T02:31:08Z,Full,2892,1449,3641,322.612,2.39,0.0,0.33,,,,,,,,,,,,,9,12
935,2025-08-01T02:31:08Z,Young,1904,1892,3641,125.874,0.9,0.03,0.12,,,,,,,,,,,,,9,12
936,2025-08-01T02:31:09Z,Young,2347,1975,3641,132.055,1.02,0.03,0.14,,,,,,,,,,,,,9,12
937,2025-08-01T02:31:09Z,Young,2430,2443,3641,204.617,1.55,0.04,0.21,,,,,,,,,,,,,9,12
938,2025-08-01T02:31:09Z,Full,2443,1001,3641,225.518,1.66,0.0,0.22,,,,,,,,,,,,,9,12
939,2025-08-01T02:31:09Z,Young,1456,1369,3641,71.206,0.56,0.0,0.07,,,,,,,,,,,,,9,12
940,2025-08-01T02:31:10Z,Young,1824,1836,3641,160.411,1.22,0.02,0.16,,,,,,,,,,,,,9,12
941,2025-08-01T02:31:10Z,Young,2291,1886,3641,152.918,1.18,0.01,0.15,,,,,,,,,,,,,9,12
942,2025-08-01T02:31:10Z,Young,2341,2352,3641,254.155,1.96,0.05,0.25,,,,,,,,,,,,,9,12
943,2025-08-01T02:31:10Z,Young,2807,2621,3641,146.991,1.13,0.0,0.14,,,,,,,,,,,,,9,12
944,2025-08-01T02:31:11Z,Full,2621,1012,3641,221.399,1.59,0.0,0.22,,,,,,,,,,,,,9,12
945,2025-08-01T02:31:11Z,Young,1467,1474,3641,104.0,0.79,0.03,0.11,,,,,,,,,,,,,9,12
946,2025-08-01T02:31:11Z,Young,1929,1545,3641,181.801,1.37,0.05,0.18,,,,,,,,,,,,,9,12
947,2025-08-01T02:31:11Z,Young,2000,2008,3641,180.367,1.41,0.02,0.18,,,,,,,,,,,,,9,12
948,2025-08-01T02:31:12Z,Young,2463,2286,3641,157.558,1.19,0.04,0.15,,,,,,,,,,,,,9,12
949,2025-08-01T02:31:12Z,Young,2741,2516,3641,162.808,1.24,0.04,0.16,,,,,,,,,,,,,9,12
950,2025-08-01T02:31:12Z,Full,2516,1022,3641,251.322,1.81,0.02,0.25,,,,,,,,,,,,,9,12
951,2025-08-01T02:31:12Z,Young,1477,1433,3641,89.345,0.68,0.02,0.09,,,,,,,,,,,,,9,12
952,2025-08-01T02:31:12Z,Young,1888,1898,3641,179.123,1.39,0.01,0.18,,,,,,,,,,,,,9,12
953,2025-08-01T02:31:13Z,Young,2353,2155,3641,154.164,1.21,0.02,0.16,,,,,,,,,,,,,9,12
954,2025-08-01T02:31:13Z,Young,2610,2412,3641,149.438,1.15,0.03,0.15,,,,,,,,,,,,,9,12
955,2025-08-01T02:31:13Z,Young,2867,2602,3641,131.322,1.01,0.02,0.13,,,,,,,,,,,,,9,12
956,2025-08-01T02:31:13Z,Full,2602,581,3641,152.961,1.03,0.0,0.15,,,,,,,,,,,,,9,12
957,2025-08-01T02:31:14Z,Young,1036,1041,3641,116.141,0.89,0.02,0.11,,,,,,,,,,,,,9,12
958,2025-08-01T02:31:14Z,Young,1496,1280,3641,144.484,1.13,0.02,0.14,,,,,,,,,,,,,9,12
959,2025-08-01T02:31:14Z,Young,1735,1546,3641,195.408,1.51,0.03,0.2,,,,,,,,,,,,,9,12
960,2025-08-01T02:31:14Z,Young,2001,1741,3641,108.808,0.85,0.01,0.1,,,,,,,,,,,,,9,12
961,2025-08-01T02:31:15Z,Young,2196,2210,3641,233.115,1.79,0.06,0.23,,,,,,,,,,,,,9,12
962,2025-08-01T02:31:15Z,Young,2665,2447,3641,150.938,1.18,0.01,0.15,,,,,,,,,,,,,9,12
963,2025-08-01T02:31:15Z,Young,2902,2462,3641,134.248,1.03,0.03,0.14,,,,,,,,,,,,,9,12
964,2025-08-01T02:31:15Z,Full,2462,589,3641,150.758,1.03,0.01,0.15,,,,,,,,,,,,,9,12
965,2025-08-01T02:31:15Z,Young,1044,1041,3641,76.979,0.59,0.0,0.08,,,,,,,,,,,,,9,12
966,2025-08-01T02:31:16Z,Young,1496,1509,3641,253.159,1.9,0.06,0.25,,,,,,,,,,,,,9,12
967,2025-08-01T02:31:16Z,Young,1964,1976,3641,262.746,2.03,0.05,0.27,,,,,,,,,,,,,9,12
968,2025-08-01T02:31:16Z,Young,2431,1641,3641,60.255,0.44,0.02,0.06,,,,,,,,,,,,,9,12
969,2025-08-01T02:31:17Z,Young,2096,2105,3641,191.69,1.49,0.03,0.19,,,,,,,,,,,,,9,12
970,2025-08-01T02:31:17Z,Young,2560,2572,3641,195.802,1.44,0.05,0.19,,,,,,,,,,,,,9,12
971,2025-08-01T02:31:17Z,Full,2572,1058,3641,235.016,1.7,0.0,0.24,,,,,,,,,,,,,9,12
972,2025-08-01T02:31:17Z,Young,1513,1520,3641,184.726,1.43,0.03,0.19,,,,,,,,,,,,,9,12
973,2025-08-01T02:31:18Z,Young,1975,1198,3641,61.161,0.45,0.01,0.06,,,,,,,,,,,,,9,12
974,2025-08-01T02:31:18Z,Young,1653,1660,3641,140.043,1.04,0.03,0.14,,,,,,,,,,,,,9,12
975,2025-08-01T02:31:18Z,Young,2115,2127,3641,259.04,1.97,0.07,0.26,,,,,,,,,,,,,9,12
976,2025-08-01T02:31:18Z,Young,2582,2361,3641,136.516,1.07,0.0,0.13,,,,,,,,,,,,,9,12
977,2025-08-01T02:31:18Z,Young,2816,2379,3641,71.833,0.57,0.0,0.07,,,,,,,,,,,,,9,12
978,2025-08-01T02:31:19Z,Full,2379,619,3641,145.244,1.0,0.0,0.14,,,,,,,,,,,,,9,12
979,2025-08-01T02:31:19Z,Young,1074,1078,3641,82.53,0.63,0.0,0.09,,,,,,,,,,,,,9,12
980,2025-08-01T02:31:19Z,Young,1533,1544,3641,253.965,1.99,0.03,0.25,,,,,,,,,,,,,9,12
981,2025-08-01T02:31:19Z,Young,1999,1812,3641,142.714,1.13,0.0,0.14,,,,,,,,,,,,,9,12
982,2025-08-01T02:31:20Z,Young,2267,1833,3641,78.901,0.61,0.0,0.08,,,,,,,,,,,,,9,12
983,2025-08-01T02:31:20Z,Young,2288,2162,3641,112.386,0.87,0.01,0.11,,,,,,,,,,,,,9,12
984,2025-08-01T02:31:20Z,Young,2617,2629,3641,213.701,1.57,0.05,0.21,,,,,,,,,,,,,9,12
985,2025-08-01T02:31:20Z,Full,2629,1080,3641,241.577,1.75,0.0,0.24,,,,,,,,,,,,,9,12
986,2025-08-01T02:31:20Z,Young,1535,1449,3641,81.041,0.61,0.01,0.08,,,,,,,,,,,,,9,12
987,2025-08-01T02:31:21Z,Young,1904,1731,3641,164.864,1.24,0.03,0.17,,,,,,,,,,,,,9,12
988,2025-08-01T02:31:21Z,Young,2186,1929,3641,189.216,1.38,0.07,0.19,,,,,,,,,,,,,9,12
989,2025-08-01T02:31:21Z,Young,2384,2393,3641,168.101,1.32,0.01,0.17,,,,,,,,,,,,,9,12
990,2025-08-01T02:31:21Z,Young,2848,2658,3641,131.366,1.05,0.0,0.13,,,,,,,,,,,,,9,12
991,2025-08-01T02:31:22Z,Full,2658,1089,3641,241.601,1.75,0.0,0.24,,,,,,,,,,,,,9,12
992,2025-08-01T02:31:22Z,Young,1544,1351,3641,49.892,0.39,0.0,0.05,,,,,,,,,,,,,9,12
993,2025-08-01T02:31:22Z,Young,1806,1680,3641,107.505,0.83,0.0,0.11,,,,,,,,,,,,,9,12
994,2025-08-01T02:31:22Z,Young,2135,2144,3641,165.633,1.24,0.0,0.17,,,,,,,,,,,,,9,12
995,2025-08-01T02:31:22Z,Young,2599,2409,3641,134.65,1.07,0.01,0.14,,,,,,,,,,,,,9,12
996,2025-08-01T02:31:23Z,Young,2864,2447,3641,79.281,0.62,0.0,0.08,,,,,,,,,,,,,9,12
997,2025-08-01T02:31:23Z,Full,2447,646,3641,150.154,1.04,0.0,0.15,,,,,,,,,,,,,9,12
998,2025-08-01T02:31:23Z,Young,1101,1085,3641,78.117,0.55,0.0,0.08,,,,,,,,,,,,,9,12
999,2025-08-01T02:31:23Z,Young,1540,1550,3641,189.614,1.44,0.01,0.18,,,,,,,,,,,,,9,12
1000,2025-08-01T02:31:23Z,Young,2005,1812,3641,147.282,1.13,0.02,0.15,,,,,,,,,,,,,9,12
1001,2025-08-01T02:31:24Z,Young,2267,1889,3641,133.911,1.05,0.0,0.13,,,,,,,,,,,,,9,12
1002,2025-08-01T02:31:24Z,Young,2344,2195,3641,164.96,1.26,0.04,0.17,,,,,,,,,,,,,9,12
1003,2025-08-01T02:31:24Z,Young,2650,2665,3641,220.187,1.61,0.07,0.22,,,,,,,,,,,,,9,12
1004,2025-08-01T02:31:25Z,Full,2665,1106,3641,245.483,1.8,0.0,0.25,,,,,,,,,,,,,9,12
1005,2025-08-01T02:31:25Z,Young,1561,1476,3641,135.081,1.04,0.03,0.13,,,,,,,,,,,,,9,12
1006,2025-08-01T02:31:25Z,Young,1931,1568,3641,97.68,0.76,0.02,0.1,,,,,,,,,,,,,9,12
1007,2025-08-01T02:31:25Z,Young,2023,1866,3641,166.937,1.2,0.03,0.17,,,,,,,,,,,,,9,12
1008,2025-08-01T02:31:26Z,Young,2321,2332,3641,183.81,1.42,0.02,0.18,,,,,,,,,,,,,9,12
1009,2025-08-01T02:31:26Z,Young,2787,2611,3641,186.002,1.44,0.02,0.18,,,,,,,,,,,,,9,12
1010,2025-08-01T02:31:26Z,Full,2611,1119,3641,249.532,1.81,0.0,0.25,,,,,,,,,,,,,9,12
1011,2025-08-01T02:31:26Z,Young,1574,1399,3641,62.007,0.48,0.01,0.07,,,,,,,,,,,,,9,12
1012,2025-08-01T02:31:26Z,Young,1854,1679,3641,154.735,1.18,0.03,0.16,,,,,,,,,,,,,9,12
1013,2025-08-01T02:31:27Z,Young,2134,2144,3641,210.798,1.64,0.03,0.21,,,,,,,,,,,,,9,12
1014,2025-08-01T02:31:27Z,Young,2599,2475,3641,274.973,2.15,0.02,0.27,,,,,,,,,,,,,9,12
1015,2025-08-01T02:31:27Z,Young,2930,2523,3641,96.293,0.74,0.01,0.1,,,,,,,,,,,,,9,12
1016,2025-08-01T02:31:28Z,Full,2523,679,3641,157.546,1.08,0.01,0.16,,,,,,,,,,,,,9,12
1017,2025-08-01T02:31:28Z,Young,1134,1068,3641,80.604,0.58,0.01,0.08,,,,,,,,,,,,,9,12
1018,2025-08-01T02:31:28Z,Young,1523,1535,3641,198.354,1.53,0.04,0.19,,,,,,,,,,,,,9,12
1019,2025-08-01T02:31:28Z,Young,1990,1870,3641,165.795,1.26,0.01,0.16,,,,,,,,,,,,,9,12
1020,2025-08-01T02:31:29Z,Young,2325,1928,3641,138.379,1.06,0.03,0.14,,,,,,,,,,,,,9,12
1021,2025-08-01T02:31:29Z,Young,2383,2207,3641,126.106,0.94,0.03,0.13,,,,,,,,,,,,,9,12
1022,2025-08-01T02:31:29Z,Young,2662,2442,3641,202.296,1.55,0.04,0.21,,,,,,,,,,,,,9,12
1023,2025-08-01T02:31:29Z,Young,2897,2907,3641,180.427,1.4,0.01,0.18,,,,,,,,,,,,,9,12
1024,2025-08-01T02:31:30Z,Full,2907,1142,3641,275.408,1.96,0.01,0.28,,,,,,,,,,,,,9,12
1025,2025-08-01T02:31:30Z,Young,1597,1409,3641,120.875,0.91,0.03,0.12,,,,,,,,,,,,,9,12
1026,2025-08-01T02:31:30Z,Young,1864,1690,3641,156.232,1.17,0.04,0.15,,,,,,,,,,,,,9,12
1027,2025-08-01T02:31:30Z,Young,2145,1971,3641,137.558,1.07,0.0,0.14,,,,,,,,,,,,,9,12
1028,2025-08-01T02:31:31Z,Young,2426,2437,3641,169.186,1.32,0.02,0.17,,,,,,,,,,,,,9,12
1029,2025-08-01T02:31:31Z,Young,2892,2468,3641,191.05,1.45,0.04,0.19,,,,,,,,,,,,,9,12
1030,2025-08-01T02:31:31Z,Young,2923,2737,3641,173.599,1.33,0.03,0.17,,,,,,,,,,,,,9,12
1031,2025-08-01T02:31:31Z,Full,2737,710,3641,167.225,1.17,0.0,0.17,,,,,,,,,,,,,9,12
1032,2025-08-01T02:31:32Z,Young,1165,1113,3641,164.994,1.25,0.04,0.16,,,,,,,,,,,,,9,12
1033,2025-08-01T02:31:32Z,Young,1568,1579,3641,182.514,1.41,0.03,0.19,,,,,,,,,,,,,9,12
1034,2025-08-01T02:31:32Z,Young,2034,1608,3641,127.695,0.93,0.03,0.13,,,,,,,,,,,,,9,12
1035,2025-08-01T02:31:32Z,Young,2063,1874,3641,141.57,1.06,0.04,0.14,,,,,,,,,,,,,9,12
1036,2025-08-01T02:31:33Z,Young,2329,2185,3641,195.256,1.49,0.01,0.19,,,,,,,,,,,,,9,12
1037,2025-08-01T02:31:33Z,Young,2640,2651,3641,229.798,1.82,0.01,0.23,,,,,,,,,,,,,9,12
1038,2025-08-01T02:31:33Z,Young,3106,2662,3641,113.814,0.88,0.01,0.11,,,,,,,,,,,,,9,12
1039,2025-08-01T02:31:33Z,Full,2662,722,3641,169.785,1.2,0.01,0.17,,,,,,,,,,,,,9,12
1040,2025-08-01T02:31:34Z,Young,1177,964,3641,57.406,0.41,0.02,0.05,,,,,,,,,,,,,9,12
1041,2025-08-01T02:31:34Z,Young,1419,1429,3641,169.27,1.3,0.03,0.17,,,,,,,,,,,,,9,12
1042,2025-08-01T02:31:34Z,Young,1884,1897,3641,224.945,1.74,0.04,0.22,,,,,,,,,,,,,9,12
1043,2025-08-01T02:31:34Z,Young,2352,1893,3641,83.561,0.65,0.0,0.08,,,,,,,,,,,,,9,12
1044,2025-08-01T02:31:34Z,Young,2348,1914,3641,98.293,0.69,0.03,0.09,,,,,,,,,,,,,9,12
1045,2025-08-01T02:31:35Z,Young,2369,2376,3641,140.829,1.1,0.01,0.14,,,,,,,,,,,,,9,12
1046,2025-08-01T02:31:35Z,Young,2831,2844,3641,249.004,1.89,0.06,0.25,,,,,,,,,,,,,9,12
1047,2025-08-01T02:31:35Z,Full,2844,1189,3641,278.352,2.04,0.02,0.27,,,,,,,,,,,,,9,12
1048,2025-08-01T02:31:35Z,Young,1644,1430,3641,76.143,0.58,0.01,0.07,,,,,,,,,,,,,9,12
1049,2025-08-01T02:31:36Z,Young,1885,1448,3641,67.237,0.49,0.02,0.06,,,,,,,,,,,,,9,12
1050,2025-08-01T02:31:36Z,Young,1903,1914,3641,179.244,1.36,0.03,0.18,,,,,,,,,,,,,9,12
1051,2025-08-01T02:31:36Z,Young,2369,2383,3641,201.431,1.53,0.05,0.2,,,,,,,,,,,,,9,12
1052,2025-08-01T02:31:36Z,Young,2838,2414,3641,103.709,0.81,0.01,0.1,,,,,,,,,,,,,9,12
1053,2025-08-01T02:31:37Z,Young,2869,2420,3641,106.52,0.74,0.05,0.1,,,,,,,,,,,,,9,12
1054,2025-08-01T02:31:37Z,Young,2875,2884,3641,138.906,1.1,0.0,0.14,,,,,,,,,,,,,9,12
1055,2025-08-01T02:31:37Z,Full,2884,753,3641,172.776,1.19,0.0,0.18,,,,,,,,,,,,,9,12
1056,2025-08-01T02:31:37Z,Young,1208,1211,3641,173.44,1.33,0.04,0.17,,,,,,,,,,,,,9,12
1057,2025-08-01T02:31:37Z,Young,1666,1449,3641,137.225,1.05,0.03,0.13,,,,,,,,,,,,,9,12
1058,2025-08-01T02:31:38Z,Young,1904,1603,3641,87.413,0.64,0.0,0.08,,,,,,,,,,,,,9,12
1059,2025-08-01T02:31:38Z,Young,2058,1951,3641,256.061,2.0,0.02,0.25,,,,,,,,,,,,,9,12
1060,2025-08-01T02:31:38Z,Young,2406,2419,3641,231.646,1.8,0.04,0.23,,,,,,,,,,,,,9,12
1061,2025-08-01T02:31:39Z,Young,2874,2701,3641,126.196,0.99,0.0,0.12,,,,,,,,,,,,,9,12
1062,2025-08-01T02:31:39Z,Full,2701,1215,3641,288.198,2.1,0.0,0.29,,,,,,,,,,,,,9,12
1063,2025-08-01T02:31:39Z,Young,1670,1597,3641,154.75,1.16,0.05,0.15,,,,,,,,,,,,,9,12
1064,2025-08-01T02:31:39Z,Young,2052,1922,3641,140.873,1.11,0.01,0.14,,,,,,,,,,,,,9,12
1065,2025-08-01T02:31:40Z,Young,2377,2388,3641,204.321,1.58,0.04,0.2,,,,,,,,,,,,,9,12
1066,2025-08-01T02:31:40Z,Young,2843,2669,3641,158.644,1.23,0.02,0.16,,,,,,,,,,,,,9,12
1067,2025-08-01T02:31:40Z,Full,2669,1224,3641,283.963,2.08,0.0,0.28,,,,,,,,,,,,,9,12
1068,2025-08-01T02:31:40Z,Young,1679,1580,3641,77.595,0.59,0.02,0.07,,,,,,,,,,,,,9,12
1069,2025-08-01T02:31:41Z,Young,2035,1908,3641,139.779,1.08,0.02,0.14,,,,,,,,,,,,,9,12
1070,2025-08-01T02:31:41Z,Young,2363,2374,3641,176.109,1.33,0.03,0.17,,,,,,,,,,,,,9,12
1071,2025-08-01T02:31:41Z,Young,2829,2653,3641,157.813,1.24,0.02,0.16,,,,,,,,,,,,,9,12
1072,2025-08-01T02:31:41Z,Full,2653,1229,3641,283.123,2.09,0.0,0.28,,,,,,,,,,,,,9,12
1073,2025-08-01T02:31:42Z,Young,1684,1605,3641,150.067,1.12,0.04,0.15,,,,,,,,,,,,,9,12
1074,2025-08-01T02:31:42Z,Young,2060,1936,3641,198.912,1.45,0.08,0.2,,,,,,,,,,,,,9,12
1075,2025-08-01T02:31:42Z,Young,2391,2403,3641,166.831,1.32,0.0,0.17,,,,,,,,,,,,,9,12
1076,2025-08-01T02:31:42Z,Young,2858,2691,3641,141.745,1.1,0.02,0.14,,,,,,,,,,,,,9,12
1077,2025-08-01T02:31:43Z,Full,2691,1238,3641,275.26,2.02,0.0,0.27,,,,,,,,,,,,,9,12
1078,2025-08-01T02:31:43Z,Young,1693,1613,3641,73.211,0.58,0.0,0.07,,,,,,,,,,,,,9,12
1079,2025-08-01T02:31:43Z,Young,2068,1955,3641,233.154,1.81,0.04,0.24,,,,,,,,,,,,,9,12
1080,2025-08-01T02:31:44Z,Young,2410,2423,3641,225.08,1.76,0.02,0.22,,,,,,,,,,,,,9,12
1081,2025-08-01T02:31:44Z,Young,2878,2718,3641,179.079,1.37,0.05,0.18,,,,,,,,,,,,,9,12
1082,2025-08-01T02:31:44Z,Full,2718,1249,3641,304.74,2.2,0.03,0.3,,,,,,,,,,,,,9,12
1083,2025-08-01T02:31:44Z,Young,1704,1624,3641,121.021,0.92,0.02,0.12,,,,,,,,,,,,,9,12
1084,2025-08-01T02:31:45Z,Young,2079,1969,3641,155.283,1.17,0.03,0.16,,,,,,,,,,,,,9,12
1085,2025-08-01T02:31:45Z,Young,2424,2434,3641,194.262,1.51,0.03,0.19,,,,,,,,,,,,,9,12
1086,2025-08-01T02:31:45Z,Young,2889,2741,3641,158.15,1.2,0.02,0.16,,,,,,,,,,,,,9,12
1087,2025-08-01T02:31:45Z,Full,2741,1260,3641,276.58,2.06,0.0,0.27,,,,,,,,,,,,,9,12
1088,2025-08-01T02:31:46Z,Young,1715,1638,3641,146.523,1.12,0.04,0.14,,,,,,,,,,,,,9,12
1089,2025-08-01T02:31:46Z,Young,2093,1971,3641,153.963,1.17,0.04,0.16,,,,,,,,,,,,,9,12
1090,2025-08-01T02:31:46Z,Young,2426,2162,3641,140.252,1.07,0.03,0.14,,,,,,,,,,,,,9,12
1091,2025-08-01T02:31:46Z,Young,2617,2623,3641,159.924,1.23,0.01,0.16,,,,,,,,,,,,,9,12
1092,2025-08-01T02:31:47Z,Young,3078,2762,3641,113.207,0.88,0.0,0.11,,,,,,,,,,,,,9,12
1093,2025-08-01T02:31:47Z,Full,2762,817,3641,202.211,1.4,0.01,0.2,,,,,,,,,,,,,9,12
1094,2025-08-01T02:31:47Z,Young,1272,1263,3641,144.211,1.01,0.07,0.15,,,,,,,,,,,,,9,12
1095,2025-08-01T02:31:47Z,Young,1718,1506,3641,157.865,1.2,0.05,0.16,,,,,,,,,,,,,9,12
1096,2025-08-01T02:31:47Z,Young,1961,1972,3641,162.028,1.25,0.01,0.16,,,,,,,,,,,,,9,12
1097,2025-08-01T02:31:48Z,Young,2427,1863,3641,133.725,1.03,0.02,0.13,,,,,,,,,,,,,9,12
1098,2025-08-01T02:31:48Z,Young,2318,2328,3641,204.5,1.57,0.04,0.2,,,,,,,,,,,,,9,12
1099,2025-08-01T02:31:48Z,Young,2783,2794,3641,209.535,1.64,0.03,0.21,,,,,,,,,,,,,9,12
1100,2025-08-01T02:31:49Z,Full,2794,1282,3641,280.071,2.05,0.0,0.28,,,,,,,,,,,,,9,12
1101,2025-08-01T02:31:49Z,Young,1737,1735,3641,95.052,0.74,0.01,0.09,,,,,,,,,,,,,9,12
1102,2025-08-01T02:31:49Z,Young,2190,1634,3641,136.457,1.02,0.05,0.13,,,,,,,,,,,,,9,12
1103,2025-08-01T02:31:49Z,Young,2089,2097,3641,144.006,1.13,0.0,0.14,,,,,,,,,,,,,9,12
1104,2025-08-01T02:31:49Z,Young,2552,2562,3641,178.179,1.4,0.01,0.18,,,,,,,,,,,,,9,12
1105,2025-08-01T02:31:50Z,Young,3017,2910,3641,215.218,1.68,0.01,0.22,,,,,,,,,,,,,9,12
1106,2025-08-01T02:31:50Z,Full,2910,1288,3641,281.936,2.08,0.01,0.28,,,,,,,,,,,,,9,12
1107,2025-08-01T02:31:50Z,Young,1743,1553,3641,110.549,0.78,0.02,0.11,,,,,,,,,,,,,9,12
1108,2025-08-01T02:31:51Z,Young,2008,2018,3641,152.77,1.19,0.02,0.15,,,,,,,,,,,,,9,12
1109,2025-08-01T02:31:51Z,Young,2473,2248,3641,138.414,1.06,0.02,0.14,,,,,,,,,,,,,9,12
1110,2025-08-01T02:31:51Z,Young,2703,2711,3641,174.855,1.32,0.01,0.18,,,,,,,,,,,,,9,12
1111,2025-08-01T02:31:51Z,Full,2711,1294,3641,288.362,2.09,0.0,0.28,,,,,,,,,,,,,9,12
1112,2025-08-01T02:31:51Z,Young,1749,1529,3641,86.567,0.63,0.01,0.08,,,,,,,,,,,,,9,12
1113,2025-08-01T02:31:52Z,Young,1984,1990,3641,210.095,1.62,0.04,0.21,,,,,,,,,,,,,9,12
1114,2025-08-01T02:31:52Z,Young,2445,2240,3641,192.146,1.47,0.04,0.19,,,,,,,,,,,,,9,12
1115,2025-08-01T02:31:52Z,Young,2695,2703,3641,160.933,1.19,0.03,0.16,,,,,,,,,,,,,9,12
1116,2025-08-01T02:31:53Z,Full,2703,1298,3641,290.405,2.16,0.0,0.29,,,,,,,,,,,,,9,12
1117,2025-08-01T02:31:53Z,Young,1753,1529,3641,79.701,0.6,0.02,0.08,,,,,,,,,,,,,9,12
1118,2025-08-01T02:31:53Z,Young,1984,1992,3641,206.508,1.6,0.03,0.2,,,,,,,,,,,,,9,12
1119,2025-08-01T02:31:53Z,Young,2447,2253,3641,141.126,1.05,0.03,0.14,,,,,,,,,,,,,9,12
1120,2025-08-01T02:31:53Z,Young,2708,2718,3641,144.855,1.14,0.0,0.15,,,,,,,,,,,,,9,12
1121,2025-08-01T02:31:54Z,Full,2718,1305,3641,290.052,2.13,0.0,0.29,,,,,,,,,,,,,9,12
1122,2025-08-01T02:31:54Z,Young,1760,1545,3641,84.031,0.64,0.02,0.09,,,,,,,,,,,,,9,12
1123,2025-08-01T02:31:54Z,Young,2000,2010,3641,147.596,1.14,0.02,0.15,,,,,,,,,,,,,9,12
1124,2025-08-01T02:31:55Z,Young,2465,2263,3641,223.623,1.73,0.03,0.22,,,,,,,,,,,,,9,12
1125,2025-08-01T02:31:55Z,Young,2718,2728,3641,224.486,1.76,0.01,0.22,,,,,,,,,,,,,9,12
1126,2025-08-01T02:31:55Z,Full,2728,1312,3641,289.701,2.13,0.0,0.29,,,,,,,,,,,,,9,12
1127,2025-08-01T02:31:55Z,Young,1767,1571,3641,105.248,0.73,0.04,0.11,,,,,,,,,,,,,9,12
1128,2025-08-01T02:31:56Z,Young,2026,2035,3641,148.368,1.14,0.02,0.15,,,,,,,,,,,,,9,12
1129,2025-08-01T02:31:56Z,Young,2490,2281,3641,181.722,1.4,0.02,0.18,,,,,,,,,,,,,9,12
1130,2025-08-01T02:31:56Z,Young,2736,2745,3641,157.179,1.23,0.02,0.16,,,,,,,,,,,,,9,12
1131,2025-08-01T02:31:56Z,Full,2745,1320,3641,281.937,2.09,0.0,0.28,,,,,,,,,,,,,9,12
1132,2025-08-01T02:31:57Z,Young,1775,1559,3641,57.488,0.41,0.01,0.05,,,,,,,,,,,,,9,12
1133,2025-08-01T02:31:57Z,Young,2014,2024,3641,177.925,1.33,0.03,0.18,,,,,,,,,,,,,9,12
1134,2025-08-01T02:31:57Z,Young,2479,2306,3641,157.169,1.21,0.03,0.16,,,,,,,,,,,,,9,12
1135,2025-08-01T02:31:57Z,Young,2761,2768,3641,160.714,1.27,0.01,0.16,,,,,,,,,,,,,9,12
1136,2025-08-01T02:31:58Z,Full,2768,1329,3641,287.554,2.09,0.0,0.29,,,,,,,,,,,,,9,12
1137,2025-08-01T02:31:58Z,Young,1784,1544,3641,89.391,0.68,0.02,0.09,,,,,,,,,,,,,9,12
1138,2025-08-01T02:31:58Z,Young,1999,2007,3641,150.254,1.14,0.02,0.15,,,,,,,,,,,,,9,12
1139,2025-08-01T02:31:58Z,Young,2462,2318,3641,140.602,1.11,0.01,0.14,,,,,,,,,,,,,9,12
1140,2025-08-01T02:31:59Z,Young,2773,2785,3641,209.094,1.59,0.03,0.21,,,,,,,,,,,,,9,12
1141,2025-08-01T02:31:59Z,Full,2785,1339,3641,302.099,2.23,0.0,0.3,,,,,,,,,,,,,9,12
1142,2025-08-01T02:31:59Z,Young,1794,1568,3641,101.078,0.75,0.03,0.1,,,,,,,,,,,,,9,12
1143,2025-08-01T02:31:59Z,Young,2023,2032,3641,142.131,1.1,0.01,0.14,,,,,,,,,,,,,9,12
1144,2025-08-01T02:32:00Z,Young,2487,2328,3641,150.862,1.13,0.03,0.16,,,,,,,,,,,,,9,12
1145,2025-08-01T02:32:00Z,Young,2783,2792,3641,156.526,1.24,0.0,0.16,,,,,,,,,,,,,9,12
1146,2025-08-01T02:32:00Z,Full,2792,1351,3641,297.999,2.19,0.0,0.29,,,,,,,,,,,,,9,12
