gc_id,timestamp,pause_type,heap_before,heap_after,heap_total,pause_ms,user_time,sys_time,real_time,eden_before,eden_after,eden_total,from_before,from_after,from_total,tenured_before,tenured_after,tenured_total,metaspace_used,metaspace_committed
0,2025-08-01T02:44:29Z,Young,1092,961,3959,2015.497,0.84,1.17,2.01,,,,,,,,,,9.0,12.0
1,2025-08-01T02:44:30Z,Young,2054,1055,3959,471.171,0.2,0.28,0.47,,,,,,,,,,9.0,12.0
2,2025-08-01T02:44:32Z,Young,2147,2130,3959,2422.713,1.04,1.38,2.42,,,,,,,,,,9.0,12.0
3,2025-08-01T02:44:33Z,Young,3222,575,3959,820.654,0.82,0.01,0.82,,,,,,,,,,9.0,12.0
4,2025-08-01T02:44:33Z,Full,3222,575,3959,820.352,,,,,,,,,,,,,,
5,2025-08-01T02:44:34Z,Young,1668,1125,3959,378.619,0.38,0.0,0.38,,,,,,,,,,9.0,12.0
6,2025-08-01T02:44:35Z,Young,2217,1908,3959,631.77,0.64,0.0,0.63,,,,,,,,,,9.0,12.0
7,2025-08-01T02:44:36Z,Young,3000,220,3959,625.47,0.63,0.0,0.63,,,,,,,,,,9.0,12.0
8,2025-08-01T02:44:36Z,Full,3000,220,3959,625.284,,,,,,,,,,,,,,
9,2025-08-01T02:44:37Z,Young,1312,1303,3959,738.166,0.74,0.0,0.74,,,,,,,,,,9.0,12.0
10,2025-08-01T02:44:37Z,Young,2395,1749,3959,351.54,0.35,0.0,0.35,,,,,,,,,,9.0,12.0
11,2025-08-01T02:44:39Z,Young,2841,772,3959,1040.995,1.04,0.0,1.04,,,,,,,,,,9.0,12.0
12,2025-08-01T02:44:39Z,Full,2841,772,3959,1040.794,,,,,,,,,,,,,,
13,2025-08-01T02:44:40Z,Young,1865,1723,3959,608.231,0.61,0.0,0.61,,,,,,,,,,9.0,12.0
14,2025-08-01T02:44:40Z,Young,2815,228,3959,605.531,0.61,0.01,0.6,,,,,,,,,,9.0,12.0
15,2025-08-01T02:44:40Z,Full,2815,228,3959,605.389,,,,,,,,,,,,,,
16,2025-08-01T02:44:41Z,Young,1321,1307,3959,730.808,0.73,0.0,0.73,,,,,,,,,,9.0,12.0
17,2025-08-01T02:44:42Z,Young,2400,1752,3959,373.589,0.37,0.0,0.37,,,,,,,,,,9.0,12.0
18,2025-08-01T02:44:43Z,Young,2845,774,3959,1030.008,1.04,0.0,1.03,,,,,,,,,,9.0,12.0
19,2025-08-01T02:44:43Z,Full,2845,774,3959,1029.835,,,,,,,,,,,,,,
20,2025-08-01T02:44:44Z,Young,1866,1732,3959,613.492,0.61,0.0,0.61,,,,,,,,,,9.0,12.0
21,2025-08-01T02:44:45Z,Young,2824,270,3959,688.538,0.69,0.0,0.68,,,,,,,,,,9.0,12.0
22,2025-08-01T02:44:45Z,Full,2824,270,3959,688.342,,,,,,,,,,,,,,
23,2025-08-01T02:44:46Z,Young,1362,1357,3959,660.895,0.67,0.0,0.66,,,,,,,,,,9.0,12.0
24,2025-08-01T02:44:46Z,Young,2449,1809,3959,378.33,0.38,0.0,0.38,,,,,,,,,,9.0,12.0
25,2025-08-01T02:44:48Z,Young,2901,903,3959,1050.95,1.06,0.0,1.05,,,,,,,,,,9.0,12.0
26,2025-08-01T02:44:48Z,Full,2901,903,3959,1050.719,,,,,,,,,,,,,,
27,2025-08-01T02:44:48Z,Young,1996,1854,3959,576.301,0.58,0.0,0.57,,,,,,,,,,9.0,12.0
28,2025-08-01T02:44:49Z,Young,2947,243,3959,600.944,0.6,0.0,0.6,,,,,,,,,,9.0,12.0
29,2025-08-01T02:44:49Z,Full,2947,243,3959,600.755,,,,,,,,,,,,,,
30,2025-08-01T02:44:50Z,Young,1335,1320,3959,720.495,0.72,0.0,0.72,,,,,,,,,,9.0,12.0
31,2025-08-01T02:44:51Z,Young,2413,1783,3959,414.543,0.42,0.0,0.41,,,,,,,,,,9.0,12.0
32,2025-08-01T02:44:52Z,Young,2875,877,3959,1033.132,1.04,0.0,1.03,,,,,,,,,,9.0,12.0
33,2025-08-01T02:44:52Z,Full,2875,877,3959,1032.71,,,,,,,,,,,,,,
34,2025-08-01T02:44:53Z,Young,1969,1840,3959,669.338,0.66,0.0,0.67,,,,,,,,,,9.0,12.0
35,2025-08-01T02:44:54Z,Young,2932,378,3959,635.617,0.64,0.0,0.63,,,,,,,,,,9.0,12.0
36,2025-08-01T02:44:54Z,Full,2932,378,3959,635.411,,,,,,,,,,,,,,
37,2025-08-01T02:44:55Z,Young,1470,1467,3959,777.144,0.78,0.01,0.78,,,,,,,,,,9.0,12.0
38,2025-08-01T02:44:55Z,Young,2560,1931,3959,363.551,0.36,0.0,0.36,,,,,,,,,,9.0,12.0
39,2025-08-01T02:44:57Z,Young,3024,929,3959,989.23,0.99,0.01,0.99,,,,,,,,,,9.0,12.0
40,2025-08-01T02:44:57Z,Full,3024,929,3959,988.978,,,,,,,,,,,,,,
41,2025-08-01T02:44:57Z,Young,2021,1893,3959,622.325,0.62,0.0,0.62,,,,,,,,,,9.0,12.0
42,2025-08-01T02:44:58Z,Young,2985,257,3959,660.606,0.66,0.01,0.66,,,,,,,,,,9.0,12.0
43,2025-08-01T02:44:58Z,Full,2985,257,3959,660.414,,,,,,,,,,,,,,
44,2025-08-01T02:44:59Z,Young,1349,1335,3959,698.932,0.7,0.0,0.7,,,,,,,,,,9.0,12.0
45,2025-08-01T02:45:00Z,Young,2427,1811,3959,444.162,0.44,0.0,0.45,,,,,,,,,,9.0,12.0
46,2025-08-01T02:45:01Z,Young,2904,921,3959,1026.522,1.03,0.0,1.02,,,,,,,,,,9.0,12.0
47,2025-08-01T02:45:01Z,Full,2904,921,3959,1026.347,,,,,,,,,,,,,,
48,2025-08-01T02:45:02Z,Young,2013,1898,3959,623.805,0.62,0.01,0.62,,,,,,,,,,9.0,12.0
49,2025-08-01T02:45:03Z,Young,2990,383,3959,594.666,0.59,0.0,0.6,,,,,,,,,,9.0,12.0
50,2025-08-01T02:45:03Z,Full,2990,383,3959,594.48,,,,,,,,,,,,,,
51,2025-08-01T02:45:04Z,Young,1475,1472,3959,654.329,0.65,0.0,0.66,,,,,,,,,,9.0,12.0
52,2025-08-01T02:45:04Z,Young,2565,1950,3959,391.848,0.39,0.0,0.39,,,,,,,,,,9.0,12.0
53,2025-08-01T02:45:06Z,Young,3042,940,3959,1026.095,1.03,0.0,1.03,,,,,,,,,,9.0,12.0
54,2025-08-01T02:45:06Z,Full,3042,940,3959,1025.836,,,,,,,,,,,,,,
55,2025-08-01T02:45:06Z,Young,2033,1918,3959,668.764,0.68,0.0,0.67,,,,,,,,,,9.0,12.0
56,2025-08-01T02:45:07Z,Young,3010,271,3959,614.033,0.61,0.01,0.61,,,,,,,,,,9.0,12.0
57,2025-08-01T02:45:07Z,Full,3010,271,3959,613.845,,,,,,,,,,,,,,
58,2025-08-01T02:45:08Z,Young,1363,1349,3959,620.427,0.63,0.0,0.63,,,,,,,,,,9.0,12.0
59,2025-08-01T02:45:09Z,Young,2442,1839,3959,352.946,0.35,0.0,0.36,,,,,,,,,,9.0,12.0
60,2025-08-01T02:45:10Z,Young,2932,893,3959,1032.821,1.03,0.01,1.03,,,,,,,,,,9.0,12.0
61,2025-08-01T02:45:10Z,Full,2932,893,3959,1032.599,,,,,,,,,,,,,,
62,2025-08-01T02:45:11Z,Young,1985,1881,3959,673.509,0.67,0.0,0.67,,,,,,,,,,9.0,12.0
63,2025-08-01T02:45:12Z,Young,2974,402,3959,783.24,0.78,0.01,0.79,,,,,,,,,,9.0,12.0
64,2025-08-01T02:45:12Z,Full,2974,402,3959,783.002,,,,,,,,,,,,,,
65,2025-08-01T02:45:13Z,Young,1495,1492,3959,711.773,0.71,0.0,0.71,,,,,,,,,,9.0,12.0
66,2025-08-01T02:45:13Z,Young,2584,1981,3959,393.998,0.39,0.0,0.4,,,,,,,,,,9.0,12.0
67,2025-08-01T02:45:14Z,Young,3074,501,3959,793.996,0.79,0.0,0.79,,,,,,,,,,9.0,12.0
68,2025-08-01T02:45:14Z,Full,3074,501,3959,793.696,,,,,,,,,,,,,,
69,2025-08-01T02:45:15Z,Young,1594,1492,3959,694.4,0.69,0.01,0.69,,,,,,,,,,9.0,12.0
70,2025-08-01T02:45:16Z,Young,2584,1629,3959,181.147,0.18,0.0,0.18,,,,,,,,,,9.0,12.0
71,2025-08-01T02:45:18Z,Young,2721,2716,3959,1716.269,0.99,0.74,1.72,,,,,,,,,,9.0,12.0
72,2025-08-01T02:45:19Z,Young,3809,641,3959,1006.363,1.01,0.0,1.0,,,,,,,,,,9.0,12.0
73,2025-08-01T02:45:19Z,Full,3809,641,3959,1006.114,,,,,,,,,,,,,,
74,2025-08-01T02:45:19Z,Young,1733,915,3959,201.151,0.2,0.0,0.2,,,,,,,,,,9.0,12.0
75,2025-08-01T02:45:20Z,Young,2007,1767,3959,696.516,0.7,0.0,0.7,,,,,,,,,,9.0,12.0
76,2025-08-01T02:45:21Z,Young,2859,807,3959,1005.241,1.0,0.01,1.01,,,,,,,,,,9.0,12.0
77,2025-08-01T02:45:21Z,Full,2859,807,3959,1005.039,,,,,,,,,,,,,,
78,2025-08-01T02:45:22Z,Young,1899,1881,3959,730.415,0.73,0.0,0.73,,,,,,,,,,9.0,12.0
79,2025-08-01T02:45:23Z,Young,2973,712,3959,908.143,0.9,0.01,0.91,,,,,,,,,,9.0,12.0
80,2025-08-01T02:45:23Z,Full,2973,712,3959,907.993,,,,,,,,,,,,,,
81,2025-08-01T02:45:24Z,Young,1804,987,3959,192.97,0.19,0.0,0.19,,,,,,,,,,9.0,12.0
82,2025-08-01T02:45:25Z,Young,2080,1839,3959,672.081,0.68,0.0,0.68,,,,,,,,,,9.0,12.0
83,2025-08-01T02:45:26Z,Young,2932,808,3959,973.03,0.98,0.01,0.98,,,,,,,,,,9.0,12.0
84,2025-08-01T02:45:26Z,Full,2932,808,3959,972.841,,,,,,,,,,,,,,
85,2025-08-01T02:45:27Z,Young,1901,1888,3959,783.128,0.77,0.02,0.78,,,,,,,,,,9.0,12.0
86,2025-08-01T02:45:28Z,Young,2981,635,3959,881.624,0.88,0.0,0.88,,,,,,,,,,9.0,12.0
87,2025-08-01T02:45:28Z,Full,2981,635,3959,881.419,,,,,,,,,,,,,,
88,2025-08-01T02:45:28Z,Young,1728,912,3959,164.62,0.16,0.0,0.17,,,,,,,,,,9.0,12.0
89,2025-08-01T02:45:29Z,Young,2004,1767,3959,667.68,0.67,0.0,0.66,,,,,,,,,,9.0,12.0
90,2025-08-01T02:45:30Z,Young,2859,405,3959,759.147,0.76,0.0,0.76,,,,,,,,,,9.0,12.0
91,2025-08-01T02:45:30Z,Full,2859,405,3959,758.97,,,,,,,,,,,,,,
92,2025-08-01T02:45:31Z,Young,1498,1486,3959,813.581,0.82,0.0,0.81,,,,,,,,,,9.0,12.0
93,2025-08-01T02:45:32Z,Young,2579,1988,3959,452.271,0.45,0.0,0.45,,,,,,,,,,9.0,12.0
94,2025-08-01T02:45:33Z,Young,3081,505,3959,787.233,0.79,0.01,0.79,,,,,,,,,,9.0,12.0
95,2025-08-01T02:45:33Z,Full,3081,505,3959,787.033,,,,,,,,,,,,,,
96,2025-08-01T02:45:34Z,Young,1597,1503,3959,849.209,0.86,0.0,0.85,,,,,,,,,,9.0,12.0
97,2025-08-01T02:45:35Z,Young,2595,1637,3959,189.457,0.19,0.0,0.18,,,,,,,,,,9.0,12.0
98,2025-08-01T02:45:36Z,Young,2729,2720,3959,921.899,0.91,0.01,0.92,,,,,,,,,,9.0,12.0
99,2025-08-01T02:45:37Z,Young,3812,778,3959,1291.093,1.3,0.0,1.29,,,,,,,,,,9.0,12.0
100,2025-08-01T02:45:37Z,Full,3812,778,3959,1290.712,,,,,,,,,,,,,,
101,2025-08-01T02:45:38Z,Young,1870,1051,3959,205.895,0.21,0.0,0.21,,,,,,,,,,9.0,12.0
102,2025-08-01T02:45:39Z,Young,2143,1910,3959,670.861,0.68,0.0,0.67,,,,,,,,,,9.0,12.0
103,2025-08-01T02:45:40Z,Young,3003,288,3959,726.601,0.72,0.0,0.73,,,,,,,,,,9.0,12.0
104,2025-08-01T02:45:40Z,Full,3003,288,3959,726.422,,,,,,,,,,,,,,
105,2025-08-01T02:45:41Z,Young,1380,1364,3959,762.824,0.76,0.0,0.76,,,,,,,,,,9.0,12.0
106,2025-08-01T02:45:41Z,Young,2457,1858,3959,381.98,0.39,0.0,0.38,,,,,,,,,,9.0,12.0
107,2025-08-01T02:45:43Z,Young,2950,931,3959,1073.055,1.07,0.0,1.07,,,,,,,,,,9.0,12.0
108,2025-08-01T02:45:43Z,Full,2950,931,3959,1072.833,,,,,,,,,,,,,,
109,2025-08-01T02:45:44Z,Young,2024,1924,3959,705.817,0.71,0.0,0.7,,,,,,,,,,9.0,12.0
110,2025-08-01T02:45:45Z,Young,3016,397,3959,710.061,0.72,0.0,0.71,,,,,,,,,,9.0,12.0
111,2025-08-01T02:45:45Z,Full,3016,397,3959,709.87,,,,,,,,,,,,,,
112,2025-08-01T02:45:46Z,Young,1489,1486,3959,749.643,0.75,0.0,0.75,,,,,,,,,,9.0,12.0
113,2025-08-01T02:45:46Z,Young,2578,1989,3959,519.287,0.52,0.0,0.52,,,,,,,,,,9.0,12.0
114,2025-08-01T02:45:47Z,Young,3079,3079,3959,0.218,0.0,0.0,0.0,,,,,,,,,,9.0,12.0
115,2025-08-01T02:45:47Z,Full,3079,377,3959,817.806,0.82,0.0,0.82,,,,,,,,,,9.0,12.0
116,2025-08-01T02:45:48Z,Young,1469,1373,3959,664.151,0.67,0.0,0.66,,,,,,,,,,9.0,12.0
117,2025-08-01T02:45:49Z,Young,2465,1508,3959,217.396,0.22,0.0,0.22,,,,,,,,,,9.0,12.0
118,2025-08-01T02:45:50Z,Young,2600,2590,3959,935.148,0.93,0.01,0.93,,,,,,,,,,9.0,12.0
119,2025-08-01T02:45:51Z,Young,3682,643,3959,1146.258,1.14,0.0,1.14,,,,,,,,,,9.0,12.0
120,2025-08-01T02:45:51Z,Full,3682,643,3959,1146.11,,,,,,,,,,,,,,
121,2025-08-01T02:45:52Z,Young,1735,913,3959,216.542,0.22,0.0,0.22,,,,,,,,,,9.0,12.0
122,2025-08-01T02:45:53Z,Young,2006,1769,3959,749.708,0.75,0.0,0.75,,,,,,,,,,9.0,12.0
123,2025-08-01T02:45:54Z,Young,2861,351,3959,690.301,0.69,0.0,0.69,,,,,,,,,,9.0,12.0
124,2025-08-01T02:45:54Z,Full,2861,351,3959,690.129,,,,,,,,,,,,,,
125,2025-08-01T02:45:55Z,Young,1443,1440,3959,838.358,0.84,0.01,0.84,,,,,,,,,,9.0,12.0
126,2025-08-01T02:45:56Z,Young,2532,1935,3959,487.181,0.49,0.0,0.49,,,,,,,,,,9.0,12.0
127,2025-08-01T02:45:57Z,Young,3027,452,3959,849.7,0.85,0.01,0.85,,,,,,,,,,9.0,12.0
128,2025-08-01T02:45:57Z,Full,3027,452,3959,849.358,,,,,,,,,,,,,,
129,2025-08-01T02:45:58Z,Young,1544,1445,3959,729.424,0.73,0.0,0.73,,,,,,,,,,9.0,12.0
130,2025-08-01T02:45:58Z,Young,2537,1579,3959,187.217,0.19,0.0,0.18,,,,,,,,,,9.0,12.0
131,2025-08-01T02:45:59Z,Young,2671,2662,3959,809.053,0.81,0.0,0.81,,,,,,,,,,9.0,12.0
132,2025-08-01T02:46:00Z,Young,3754,724,3959,1066.241,1.07,0.0,1.07,,,,,,,,,,9.0,12.0
133,2025-08-01T02:46:00Z,Full,3754,724,3959,1066.008,,,,,,,,,,,,,,
134,2025-08-01T02:46:01Z,Young,1817,998,3959,186.127,0.19,0.0,0.19,,,,,,,,,,9.0,12.0
135,2025-08-01T02:46:02Z,Young,2091,1852,3959,756.447,0.76,0.0,0.76,,,,,,,,,,9.0,12.0
136,2025-08-01T02:46:03Z,Young,2944,287,3959,741.009,0.74,0.0,0.74,,,,,,,,,,9.0,12.0
137,2025-08-01T02:46:03Z,Full,2944,287,3959,740.742,,,,,,,,,,,,,,
138,2025-08-01T02:46:04Z,Young,1380,1372,3959,839.195,0.83,0.0,0.84,,,,,,,,,,9.0,12.0
139,2025-08-01T02:46:05Z,Young,2465,1880,3959,490.94,0.49,0.01,0.49,,,,,,,,,,9.0,12.0
140,2025-08-01T02:46:06Z,Young,2972,486,3959,873.552,0.88,0.0,0.87,,,,,,,,,,9.0,12.0
141,2025-08-01T02:46:06Z,Full,2972,486,3959,873.33,,,,,,,,,,,,,,
142,2025-08-01T02:46:07Z,Young,1578,1486,3959,759.507,0.77,0.0,0.76,,,,,,,,,,9.0,12.0
143,2025-08-01T02:46:07Z,Young,2578,1643,3959,219.044,0.23,0.0,0.22,,,,,,,,,,9.0,12.0
144,2025-08-01T02:46:09Z,Young,2735,1497,3959,1597.464,1.61,0.0,1.6,,,,,,,,,,9.0,12.0
145,2025-08-01T02:46:09Z,Full,2735,1497,3959,1597.21,,,,,,,,,,,,,,
146,2025-08-01T02:46:10Z,Young,2589,2157,3959,494.32,0.5,0.0,0.49,,,,,,,,,,9.0,12.0
147,2025-08-01T02:46:11Z,Young,3249,504,3959,861.366,0.86,0.0,0.86,,,,,,,,,,9.0,12.0
148,2025-08-01T02:46:11Z,Full,3249,504,3959,860.923,,,,,,,,,,,,,,
149,2025-08-01T02:46:12Z,Young,1596,1494,3959,725.564,0.72,0.0,0.72,,,,,,,,,,9.0,12.0
150,2025-08-01T02:46:12Z,Young,2586,1655,3959,199.575,0.2,0.01,0.2,,,,,,,,,,9.0,12.0
151,2025-08-01T02:46:14Z,Young,2748,1389,3959,1601.359,1.6,0.0,1.6,,,,,,,,,,9.0,12.0
152,2025-08-01T02:46:14Z,Full,2748,1389,3959,1601.038,,,,,,,,,,,,,,
153,2025-08-01T02:46:15Z,Young,2481,2041,3959,490.848,0.49,0.0,0.49,,,,,,,,,,9.0,12.0
154,2025-08-01T02:46:16Z,Young,3133,399,3959,838.208,0.84,0.0,0.83,,,,,,,,,,9.0,12.0
155,2025-08-01T02:46:16Z,Full,3133,399,3959,837.969,,,,,,,,,,,,,,
156,2025-08-01T02:46:17Z,Young,1492,1393,3959,737.907,0.74,0.0,0.74,,,,,,,,,,9.0,12.0
157,2025-08-01T02:46:18Z,Young,2486,1559,3959,202.568,0.21,0.0,0.2,,,,,,,,,,9.0,12.0
158,2025-08-01T02:46:19Z,Young,2651,2643,3959,806.433,0.81,0.01,0.81,,,,,,,,,,9.0,12.0
159,2025-08-01T02:46:20Z,Young,3736,789,3959,1179.146,1.18,0.01,1.18,,,,,,,,,,9.0,12.0
160,2025-08-01T02:46:20Z,Full,3736,789,3959,1178.933,,,,,,,,,,,,,,
161,2025-08-01T02:46:21Z,Young,1882,1104,3959,214.671,0.21,0.0,0.22,,,,,,,,,,9.0,12.0
162,2025-08-01T02:46:21Z,Young,2197,1990,3959,673.165,0.68,0.0,0.67,,,,,,,,,,9.0,12.0
163,2025-08-01T02:46:23Z,Young,3082,457,3959,782.98,0.78,0.0,0.79,,,,,,,,,,9.0,12.0
164,2025-08-01T02:46:23Z,Full,3082,457,3959,782.767,,,,,,,,,,,,,,
165,2025-08-01T02:46:24Z,Young,1550,1541,3959,811.882,0.82,0.01,0.81,,,,,,,,,,9.0,12.0
166,2025-08-01T02:46:24Z,Young,2633,2091,3959,520.448,0.52,0.0,0.52,,,,,,,,,,9.0,12.0
167,2025-08-01T02:46:25Z,Young,3183,428,3959,830.866,0.84,0.0,0.83,,,,,,,,,,9.0,12.0
168,2025-08-01T02:46:25Z,Full,3183,428,3959,830.691,,,,,,,,,,,,,,
169,2025-08-01T02:46:26Z,Young,1520,1478,3959,666.767,0.66,0.0,0.67,,,,,,,,,,9.0,12.0
170,2025-08-01T02:46:27Z,Young,2571,1669,3959,226.815,0.23,0.0,0.23,,,,,,,,,,9.0,12.0
171,2025-08-01T02:46:28Z,Young,2761,1559,3959,1585.871,1.59,0.0,1.59,,,,,,,,,,9.0,12.0
172,2025-08-01T02:46:28Z,Full,2761,1559,3959,1585.621,,,,,,,,,,,,,,
173,2025-08-01T02:46:29Z,Young,2651,2245,3959,445.252,0.45,0.0,0.45,,,,,,,,,,9.0,12.0
174,2025-08-01T02:46:30Z,Young,3337,569,3959,947.595,0.95,0.0,0.94,,,,,,,,,,9.0,12.0
175,2025-08-01T02:46:30Z,Full,3337,569,3959,947.366,,,,,,,,,,,,,,
176,2025-08-01T02:46:31Z,Young,1662,1621,3959,805.938,0.81,0.01,0.81,,,,,,,,,,9.0,12.0
177,2025-08-01T02:46:32Z,Young,2714,1823,3959,243.455,0.25,0.0,0.24,,,,,,,,,,9.0,12.0
178,2025-08-01T02:46:34Z,Young,2915,1565,3959,1650.198,1.65,0.0,1.65,,,,,,,,,,9.0,12.0
179,2025-08-01T02:46:34Z,Full,2915,1565,3959,1649.979,,,,,,,,,,,,,,
180,2025-08-01T02:46:34Z,Young,2657,2266,3959,547.01,0.55,0.0,0.55,,,,,,,,,,9.0,12.0
181,2025-08-01T02:46:36Z,Young,3359,442,3959,938.993,0.94,0.0,0.94,,,,,,,,,,9.0,12.0
182,2025-08-01T02:46:36Z,Full,3359,442,3959,938.646,,,,,,,,,,,,,,
183,2025-08-01T02:46:37Z,Young,1534,1507,3959,785.801,0.79,0.0,0.79,,,,,,,,,,9.0,12.0
184,2025-08-01T02:46:37Z,Young,2600,1710,3959,279.712,0.28,0.0,0.28,,,,,,,,,,9.0,12.0
185,2025-08-01T02:46:39Z,Young,2802,1580,3959,1752.261,1.75,0.01,1.75,,,,,,,,,,9.0,12.0
186,2025-08-01T02:46:39Z,Full,2802,1580,3959,1751.931,,,,,,,,,,,,,,
187,2025-08-01T02:46:40Z,Young,2673,2283,3959,528.343,0.53,0.0,0.53,,,,,,,,,,9.0,12.0
188,2025-08-01T02:46:41Z,Young,3376,591,3959,1094.601,1.09,0.0,1.09,,,,,,,,,,9.0,12.0
189,2025-08-01T02:46:41Z,Full,3376,591,3959,1094.367,,,,,,,,,,,,,,
190,2025-08-01T02:46:42Z,Young,1683,1657,3959,789.326,0.79,0.0,0.79,,,,,,,,,,9.0,12.0
191,2025-08-01T02:46:43Z,Young,2750,504,3959,779.057,0.79,0.0,0.78,,,,,,,,,,9.0,12.0
192,2025-08-01T02:46:43Z,Full,2750,504,3959,778.838,,,,,,,,,,,,,,
193,2025-08-01T02:46:44Z,Young,1596,1582,3959,846.045,0.85,0.0,0.84,,,,,,,,,,9.0,12.0
194,2025-08-01T02:46:45Z,Young,2674,2161,3959,610.866,0.61,0.0,0.61,,,,,,,,,,9.0,12.0
195,2025-08-01T02:46:46Z,Young,3253,456,3959,932.007,0.93,0.01,0.93,,,,,,,,,,9.0,12.0
196,2025-08-01T02:46:46Z,Full,3253,456,3959,931.802,,,,,,,,,,,,,,
197,2025-08-01T02:46:47Z,Young,1549,1535,3959,826.69,0.82,0.0,0.82,,,,,,,,,,9.0,12.0
198,2025-08-01T02:46:48Z,Young,2628,1752,3959,262.845,0.27,0.0,0.27,,,,,,,,,,9.0,12.0
199,2025-08-01T02:46:49Z,Young,2844,1594,3959,1440.776,1.44,0.01,1.44,,,,,,,,,,9.0,12.0
200,2025-08-01T02:46:49Z,Full,2844,1594,3959,1440.625,,,,,,,,,,,,,,
201,2025-08-01T02:46:50Z,Young,2686,2310,3959,508.283,0.51,0.0,0.51,,,,,,,,,,9.0,12.0
202,2025-08-01T02:46:51Z,Young,3402,154,3959,607.22,0.6,0.0,0.61,,,,,,,,,,9.0,12.0
203,2025-08-01T02:46:51Z,Full,3402,154,3959,607.037,,,,,,,,,,,,,,
204,2025-08-01T02:46:52Z,Young,1247,1236,3959,788.986,0.79,0.0,0.79,,,,,,,,,,9.0,12.0
205,2025-08-01T02:46:53Z,Young,2328,1458,3959,207.229,0.21,0.0,0.21,,,,,,,,,,9.0,12.0
206,2025-08-01T02:46:54Z,Young,2550,2547,3959,796.734,0.8,0.0,0.8,,,,,,,,,,9.0,12.0
207,2025-08-01T02:46:55Z,Young,3639,873,3959,1031.886,1.03,0.01,1.03,,,,,,,,,,9.0,12.0
208,2025-08-01T02:46:55Z,Full,3639,873,3959,1031.701,,,,,,,,,,,,,,
209,2025-08-01T02:46:55Z,Young,1966,878,3959,4.378,0.0,0.0,0.0,,,,,,,,,,9.0,12.0
210,2025-08-01T02:46:56Z,Young,1970,1956,3959,734.719,0.73,0.0,0.74,,,,,,,,,,9.0,12.0
211,2025-08-01T02:46:57Z,Young,3048,382,3959,837.366,0.84,0.0,0.84,,,,,,,,,,9.0,12.0
212,2025-08-01T02:46:57Z,Full,3048,382,3959,837.121,,,,,,,,,,,,,,
213,2025-08-01T02:46:58Z,Young,1474,1460,3959,744.843,0.74,0.0,0.75,,,,,,,,,,9.0,12.0
214,2025-08-01T02:46:59Z,Young,2553,2051,3959,490.305,0.49,0.0,0.49,,,,,,,,,,9.0,12.0
215,2025-08-01T02:47:00Z,Young,3143,129,3959,497.226,0.5,0.0,0.5,,,,,,,,,,9.0,12.0
216,2025-08-01T02:47:00Z,Full,3143,129,3959,497.029,,,,,,,,,,,,,,
217,2025-08-01T02:47:01Z,Young,1222,1216,3959,855.045,0.85,0.0,0.86,,,,,,,,,,9.0,12.0
218,2025-08-01T02:47:01Z,Young,2308,1441,3959,283.907,0.29,0.01,0.28,,,,,,,,,,9.0,12.0
219,2025-08-01T02:47:02Z,Young,2533,2527,3959,1001.591,1.0,0.01,1.01,,,,,,,,,,9.0,12.0
220,2025-08-01T02:47:04Z,Young,3619,856,3959,1076.036,1.07,0.0,1.08,,,,,,,,,,9.0,12.0
221,2025-08-01T02:47:04Z,Full,3619,856,3959,1075.787,,,,,,,,,,,,,,
222,2025-08-01T02:47:04Z,Young,1948,860,3959,2.787,0.0,0.0,0.01,,,,,,,,,,9.0,12.0
223,2025-08-01T02:47:05Z,Young,1952,1946,3959,791.587,0.78,0.01,0.79,,,,,,,,,,9.0,12.0
224,2025-08-01T02:47:06Z,Young,3039,510,3959,872.362,0.88,0.0,0.87,,,,,,,,,,9.0,12.0
225,2025-08-01T02:47:06Z,Full,3039,510,3959,872.123,,,,,,,,,,,,,,
226,2025-08-01T02:47:07Z,Young,1603,1597,3959,808.898,0.81,0.0,0.81,,,,,,,,,,9.0,12.0
227,2025-08-01T02:47:08Z,Young,2689,2192,3959,487.94,0.49,0.0,0.49,,,,,,,,,,9.0,12.0
228,2025-08-01T02:47:09Z,Young,3285,32,3959,599.972,0.6,0.01,0.6,,,,,,,,,,9.0,12.0
229,2025-08-01T02:47:09Z,Full,3285,32,3959,599.786,,,,,,,,,,,,,,
230,2025-08-01T02:47:10Z,Young,1124,1124,3959,834.582,0.84,0.0,0.83,,,,,,,,,,9.0,12.0
231,2025-08-01T02:47:11Z,Young,2216,1372,3959,294.731,0.29,0.0,0.29,,,,,,,,,,9.0,12.0
232,2025-08-01T02:47:12Z,Young,2464,2453,3959,888.638,0.9,0.0,0.89,,,,,,,,,,9.0,12.0
233,2025-08-01T02:47:13Z,Young,3545,772,3959,1185.364,1.19,0.0,1.18,,,,,,,,,,9.0,12.0
234,2025-08-01T02:47:13Z,Full,3545,772,3959,1184.972,,,,,,,,,,,,,,
235,2025-08-01T02:47:14Z,Young,1864,794,3959,13.933,0.01,0.0,0.01,,,,,,,,,,9.0,12.0
236,2025-08-01T02:47:15Z,Young,1886,1873,3959,733.441,0.73,0.0,0.73,,,,,,,,,,9.0,12.0
237,2025-08-01T02:47:16Z,Young,2966,490,3959,814.065,0.81,0.0,0.81,,,,,,,,,,9.0,12.0
238,2025-08-01T02:47:16Z,Full,2966,490,3959,813.776,,,,,,,,,,,,,,
239,2025-08-01T02:47:17Z,Young,1582,1577,3959,781.673,0.78,0.0,0.78,,,,,,,,,,9.0,12.0
240,2025-08-01T02:47:18Z,Young,2669,2194,3959,554.299,0.56,0.0,0.56,,,,,,,,,,9.0,12.0
241,2025-08-01T02:47:18Z,Young,3286,148,3959,572.873,0.58,0.0,0.57,,,,,,,,,,9.0,12.0
242,2025-08-01T02:47:18Z,Full,3286,148,3959,572.712,,,,,,,,,,,,,,
243,2025-08-01T02:47:20Z,Young,1240,1237,3959,854.359,0.85,0.0,0.85,,,,,,,,,,9.0,12.0
244,2025-08-01T02:47:20Z,Young,2329,1495,3959,268.215,0.27,0.0,0.27,,,,,,,,,,9.0,12.0
245,2025-08-01T02:47:21Z,Young,2587,2574,3959,823.63,0.82,0.0,0.82,,,,,,,,,,9.0,12.0
246,2025-08-01T02:47:23Z,Young,3667,772,3959,1158.491,1.15,0.01,1.16,,,,,,,,,,9.0,12.0
247,2025-08-01T02:47:23Z,Full,3667,772,3959,1158.347,,,,,,,,,,,,,,
248,2025-08-01T02:47:23Z,Young,1865,800,3959,17.132,0.02,0.0,0.02,,,,,,,,,,9.0,12.0
249,2025-08-01T02:47:24Z,Young,1892,1882,3959,783.541,0.78,0.0,0.79,,,,,,,,,,9.0,12.0
250,2025-08-01T02:47:25Z,Young,2974,531,3959,886.929,0.89,0.01,0.88,,,,,,,,,,9.0,12.0
251,2025-08-01T02:47:25Z,Full,2974,531,3959,886.735,,,,,,,,,,,,,,
252,2025-08-01T02:47:26Z,Young,1623,1615,3959,750.565,0.75,0.01,0.75,,,,,,,,,,9.0,12.0
253,2025-08-01T02:47:27Z,Young,2707,2238,3959,479.64,0.48,0.0,0.48,,,,,,,,,,9.0,12.0
254,2025-08-01T02:47:27Z,Young,3330,190,3959,500.747,0.5,0.0,0.5,,,,,,,,,,9.0,12.0
255,2025-08-01T02:47:27Z,Full,3330,190,3959,500.57,,,,,,,,,,,,,,
256,2025-08-01T02:47:28Z,Young,1282,1276,3959,713.713,0.72,0.0,0.71,,,,,,,,,,9.0,12.0
257,2025-08-01T02:47:29Z,Young,2368,1541,3959,273.194,0.27,0.0,0.27,,,,,,,,,,9.0,12.0
258,2025-08-01T02:47:30Z,Young,2634,2627,3959,886.349,0.88,0.0,0.88,,,,,,,,,,9.0,12.0
259,2025-08-01T02:47:31Z,Young,3719,919,3959,979.106,0.98,0.0,0.98,,,,,,,,,,9.0,12.0
260,2025-08-01T02:47:31Z,Full,3719,919,3959,978.873,,,,,,,,,,,,,,
261,2025-08-01T02:47:31Z,Young,2012,966,3959,32.955,0.03,0.0,0.04,,,,,,,,,,9.0,12.0
262,2025-08-01T02:47:32Z,Young,2059,2049,3959,713.762,0.72,0.0,0.71,,,,,,,,,,9.0,12.0
263,2025-08-01T02:47:33Z,Young,3141,431,3959,715.899,0.71,0.0,0.72,,,,,,,,,,9.0,12.0
264,2025-08-01T02:47:33Z,Full,3141,431,3959,715.681,,,,,,,,,,,,,,
265,2025-08-01T02:47:34Z,Young,1523,1513,3959,676.049,0.67,0.0,0.68,,,,,,,,,,9.0,12.0
266,2025-08-01T02:47:35Z,Young,2605,2150,3959,414.742,0.41,0.0,0.42,,,,,,,,,,9.0,12.0
267,2025-08-01T02:47:36Z,Young,3243,193,3959,526.577,0.53,0.0,0.53,,,,,,,,,,9.0,12.0
268,2025-08-01T02:47:36Z,Full,3243,193,3959,526.362,,,,,,,,,,,,,,
269,2025-08-01T02:47:37Z,Young,1286,1280,3959,718.189,0.72,0.0,0.71,,,,,,,,,,9.0,12.0
270,2025-08-01T02:47:37Z,Young,2373,1563,3959,241.857,0.24,0.01,0.24,,,,,,,,,,9.0,12.0
271,2025-08-01T02:47:38Z,Young,2655,2649,3959,812.032,0.81,0.0,0.81,,,,,,,,,,9.0,12.0
272,2025-08-01T02:47:39Z,Young,3741,930,3959,1082.922,1.09,0.0,1.09,,,,,,,,,,9.0,12.0
273,2025-08-01T02:47:39Z,Full,3741,930,3959,1082.767,,,,,,,,,,,,,,
274,2025-08-01T02:47:40Z,Young,2023,994,3959,37.493,0.03,0.0,0.04,,,,,,,,,,9.0,12.0
275,2025-08-01T02:47:41Z,Young,2086,2073,3959,908.518,0.91,0.0,0.91,,,,,,,,,,9.0,12.0
276,2025-08-01T02:47:42Z,Young,3166,586,3959,975.396,0.97,0.01,0.97,,,,,,,,,,9.0,12.0
277,2025-08-01T02:47:42Z,Full,3166,586,3959,975.198,,,,,,,,,,,,,,
278,2025-08-01T02:47:43Z,Young,1678,1665,3959,740.717,0.74,0.0,0.74,,,,,,,,,,9.0,12.0
279,2025-08-01T02:47:44Z,Young,2757,814,3959,1074.82,1.07,0.0,1.08,,,,,,,,,,9.0,12.0
280,2025-08-01T02:47:44Z,Full,2757,814,3959,1074.582,,,,,,,,,,,,,,
281,2025-08-01T02:47:45Z,Young,1907,881,3959,60.24,0.06,0.0,0.06,,,,,,,,,,9.0,12.0
282,2025-08-01T02:47:46Z,Young,1974,1971,3959,815.122,0.81,0.0,0.82,,,,,,,,,,9.0,12.0
283,2025-08-01T02:47:47Z,Young,3063,552,3959,965.131,0.96,0.0,0.96,,,,,,,,,,9.0,12.0
284,2025-08-01T02:47:47Z,Full,3063,552,3959,964.922,,,,,,,,,,,,,,
285,2025-08-01T02:47:48Z,Young,1644,1641,3959,787.229,0.79,0.0,0.78,,,,,,,,,,9.0,12.0
286,2025-08-01T02:47:49Z,Young,2734,927,3959,1018.952,1.02,0.0,1.02,,,,,,,,,,9.0,12.0
287,2025-08-01T02:47:49Z,Full,2734,927,3959,1018.78,,,,,,,,,,,,,,
288,2025-08-01T02:47:49Z,Young,2020,1007,3959,46.61,0.05,0.0,0.05,,,,,,,,,,9.0,12.0
289,2025-08-01T02:47:50Z,Young,2099,2085,3959,867.643,0.87,0.0,0.87,,,,,,,,,,9.0,12.0
290,2025-08-01T02:47:52Z,Young,3178,584,3959,942.683,0.94,0.0,0.94,,,,,,,,,,9.0,12.0
291,2025-08-01T02:47:52Z,Full,3178,584,3959,942.25,,,,,,,,,,,,,,
292,2025-08-01T02:47:52Z,Young,1676,1663,3959,681.049,0.68,0.0,0.68,,,,,,,,,,9.0,12.0
293,2025-08-01T02:47:54Z,Young,2755,829,3959,1027.377,1.02,0.0,1.03,,,,,,,,,,9.0,12.0
294,2025-08-01T02:47:54Z,Full,2755,829,3959,1027.062,,,,,,,,,,,,,,
295,2025-08-01T02:47:54Z,Young,1921,909,3959,47.738,0.04,0.0,0.04,,,,,,,,,,9.0,12.0
296,2025-08-01T02:47:55Z,Young,2002,1999,3959,749.389,0.75,0.0,0.75,,,,,,,,,,9.0,12.0
297,2025-08-01T02:47:56Z,Young,3091,563,3959,811.168,0.81,0.0,0.81,,,,,,,,,,9.0,12.0
298,2025-08-01T02:47:56Z,Full,3091,563,3959,810.962,,,,,,,,,,,,,,
299,2025-08-01T02:47:57Z,Young,1655,1375,3959,513.47,0.51,0.0,0.51,,,,,,,,,,9.0,12.0
300,2025-08-01T02:47:57Z,Young,2467,2046,3959,502.725,0.51,0.0,0.5,,,,,,,,,,9.0,12.0
301,2025-08-01T02:47:58Z,Young,3139,222,3959,680.637,0.68,0.0,0.68,,,,,,,,,,9.0,12.0
302,2025-08-01T02:47:58Z,Full,3139,222,3959,680.406,,,,,,,,,,,,,,
303,2025-08-01T02:47:59Z,Young,1314,1307,3959,721.476,0.73,0.0,0.72,,,,,,,,,,9.0,12.0
304,2025-08-01T02:48:00Z,Young,2399,1626,3959,289.887,0.29,0.0,0.29,,,,,,,,,,9.0,12.0
305,2025-08-01T02:48:01Z,Young,2719,2387,3959,585.167,0.59,0.0,0.58,,,,,,,,,,9.0,12.0
306,2025-08-01T02:48:02Z,Young,3479,959,3959,1062.874,1.07,0.0,1.06,,,,,,,,,,9.0,12.0
307,2025-08-01T02:48:02Z,Full,3479,959,3959,1062.67,,,,,,,,,,,,,,
308,2025-08-01T02:48:02Z,Young,2052,1057,3959,57.799,0.06,0.0,0.06,,,,,,,,,,9.0,12.0
309,2025-08-01T02:48:04Z,Young,2149,2142,3959,868.152,0.87,0.01,0.87,,,,,,,,,,9.0,12.0
310,2025-08-01T02:48:05Z,Young,3234,487,3959,901.472,0.91,0.0,0.9,,,,,,,,,,9.0,12.0
311,2025-08-01T02:48:05Z,Full,3234,487,3959,901.251,,,,,,,,,,,,,,
312,2025-08-01T02:48:06Z,Young,1579,1309,3959,606.241,0.61,0.0,0.61,,,,,,,,,,9.0,12.0
313,2025-08-01T02:48:07Z,Young,2402,1999,3959,608.295,0.61,0.01,0.61,,,,,,,,,,9.0,12.0
314,2025-08-01T02:48:07Z,Young,3091,242,3959,559.688,0.56,0.0,0.56,,,,,,,,,,9.0,12.0
315,2025-08-01T02:48:07Z,Full,3091,242,3959,559.481,,,,,,,,,,,,,,
316,2025-08-01T02:48:08Z,Young,1334,1320,3959,794.676,0.8,0.0,0.8,,,,,,,,,,9.0,12.0
317,2025-08-01T02:48:09Z,Young,2412,1644,3959,316.451,0.32,0.0,0.32,,,,,,,,,,9.0,12.0
318,2025-08-01T02:48:11Z,Young,2736,1256,3959,1316.497,1.31,0.0,1.32,,,,,,,,,,9.0,12.0
319,2025-08-01T02:48:11Z,Full,2736,1256,3959,1316.312,,,,,,,,,,,,,,
320,2025-08-01T02:48:11Z,Young,2348,2082,3959,584.498,0.59,0.0,0.59,,,,,,,,,,9.0,12.0
321,2025-08-01T02:48:12Z,Young,3175,268,3959,567.496,0.57,0.0,0.57,,,,,,,,,,9.0,12.0
322,2025-08-01T02:48:12Z,Full,3175,268,3959,567.266,,,,,,,,,,,,,,
323,2025-08-01T02:48:13Z,Young,1361,1352,3959,764.281,0.76,0.0,0.77,,,,,,,,,,9.0,12.0
324,2025-08-01T02:48:14Z,Young,2444,1687,3959,333.705,0.34,0.0,0.33,,,,,,,,,,9.0,12.0
325,2025-08-01T02:48:15Z,Young,2779,1127,3959,1297.317,1.3,0.0,1.3,,,,,,,,,,9.0,12.0
326,2025-08-01T02:48:15Z,Full,2779,1127,3959,1297.14,,,,,,,,,,,,,,
327,2025-08-01T02:48:16Z,Young,2219,1938,3959,558.354,0.56,0.0,0.56,,,,,,,,,,9.0,12.0
328,2025-08-01T02:48:17Z,Young,3030,142,3959,653.976,0.66,0.0,0.65,,,,,,,,,,9.0,12.0
329,2025-08-01T02:48:17Z,Full,3030,142,3959,653.745,,,,,,,,,,,,,,
330,2025-08-01T02:48:18Z,Young,1234,1225,3959,790.588,0.79,0.0,0.79,,,,,,,,,,9.0,12.0
331,2025-08-01T02:48:19Z,Young,2318,1568,3959,326.764,0.32,0.0,0.32,,,,,,,,,,9.0,12.0
332,2025-08-01T02:48:20Z,Young,2661,2349,3959,555.098,0.56,0.0,0.55,,,,,,,,,,9.0,12.0
333,2025-08-01T02:48:21Z,Young,3441,986,3959,1232.156,1.23,0.0,1.23,,,,,,,,,,9.0,12.0
334,2025-08-01T02:48:21Z,Full,3441,986,3959,1231.96,,,,,,,,,,,,,,
335,2025-08-01T02:48:21Z,Young,2078,1107,3959,85.621,0.09,0.0,0.09,,,,,,,,,,9.0,12.0
336,2025-08-01T02:48:22Z,Young,2200,2193,3959,837.177,0.84,0.0,0.83,,,,,,,,,,9.0,12.0
337,2025-08-01T02:48:24Z,Young,3285,628,3959,864.853,0.87,0.0,0.86,,,,,,,,,,9.0,12.0
338,2025-08-01T02:48:24Z,Full,3285,628,3959,864.55,,,,,,,,,,,,,,
339,2025-08-01T02:48:24Z,Young,1720,1477,3959,544.486,0.55,0.0,0.54,,,,,,,,,,9.0,12.0
340,2025-08-01T02:48:25Z,Young,2569,2162,3959,554.96,0.55,0.01,0.55,,,,,,,,,,9.0,12.0
341,2025-08-01T02:48:26Z,Young,3255,155,3959,578.186,0.57,0.0,0.58,,,,,,,,,,9.0,12.0
342,2025-08-01T02:48:26Z,Full,3255,155,3959,578.007,,,,,,,,,,,,,,
343,2025-08-01T02:48:27Z,Young,1247,1237,3959,706.69,0.71,0.0,0.7,,,,,,,,,,9.0,12.0
344,2025-08-01T02:48:27Z,Young,2329,1594,3959,309.535,0.31,0.0,0.31,,,,,,,,,,9.0,12.0
345,2025-08-01T02:48:28Z,Young,2686,2384,3959,630.241,0.63,0.0,0.63,,,,,,,,,,9.0,12.0
346,2025-08-01T02:48:30Z,Young,3476,1012,3959,1348.757,1.35,0.0,1.35,,,,,,,,,,9.0,12.0
347,2025-08-01T02:48:30Z,Full,3476,1012,3959,1348.522,,,,,,,,,,,,,,
348,2025-08-01T02:48:30Z,Young,2104,1147,3959,99.299,0.1,0.01,0.09,,,,,,,,,,9.0,12.0
349,2025-08-01T02:48:31Z,Young,2239,2233,3959,982.046,0.98,0.0,0.99,,,,,,,,,,9.0,12.0
350,2025-08-01T02:48:33Z,Young,3325,654,3959,993.992,0.99,0.01,0.99,,,,,,,,,,9.0,12.0
351,2025-08-01T02:48:33Z,Full,3325,654,3959,993.749,,,,,,,,,,,,,,
352,2025-08-01T02:48:34Z,Young,1747,1517,3959,648.018,0.65,0.0,0.65,,,,,,,,,,9.0,12.0
353,2025-08-01T02:48:34Z,Young,2609,2205,3959,591.952,0.6,0.0,0.59,,,,,,,,,,9.0,12.0
354,2025-08-01T02:48:35Z,Young,3297,299,3959,703.194,0.7,0.0,0.7,,,,,,,,,,9.0,12.0
355,2025-08-01T02:48:35Z,Full,3297,299,3959,702.982,,,,,,,,,,,,,,
356,2025-08-01T02:48:36Z,Young,1392,1382,3959,755.04,0.75,0.0,0.75,,,,,,,,,,9.0,12.0
357,2025-08-01T02:48:37Z,Young,2474,1751,3959,378.792,0.37,0.0,0.38,,,,,,,,,,9.0,12.0
358,2025-08-01T02:48:39Z,Young,2843,1163,3959,1451.326,1.45,0.01,1.45,,,,,,,,,,9.0,12.0
359,2025-08-01T02:48:39Z,Full,2843,1163,3959,1451.163,,,,,,,,,,,,,,
360,2025-08-01T02:48:39Z,Young,2255,1978,3959,521.166,0.53,0.0,0.52,,,,,,,,,,9.0,12.0
361,2025-08-01T02:48:40Z,Young,3070,186,3959,657.832,0.66,0.0,0.66,,,,,,,,,,9.0,12.0
362,2025-08-01T02:48:40Z,Full,3070,186,3959,657.631,,,,,,,,,,,,,,
363,2025-08-01T02:48:41Z,Young,1278,1272,3959,756.719,0.76,0.01,0.76,,,,,,,,,,9.0,12.0
364,2025-08-01T02:48:42Z,Young,2364,1646,3959,363.756,0.37,0.0,0.37,,,,,,,,,,9.0,12.0
365,2025-08-01T02:48:44Z,Young,2739,1296,3959,1457.272,1.46,0.0,1.45,,,,,,,,,,9.0,12.0
366,2025-08-01T02:48:44Z,Full,2739,1296,3959,1456.923,,,,,,,,,,,,,,
367,2025-08-01T02:48:44Z,Young,2388,2107,3959,511.71,0.51,0.0,0.51,,,,,,,,,,9.0,12.0
368,2025-08-01T02:48:45Z,Young,3200,317,3959,763.934,0.76,0.01,0.77,,,,,,,,,,9.0,12.0
369,2025-08-01T02:48:45Z,Full,3200,317,3959,763.672,,,,,,,,,,,,,,
370,2025-08-01T02:48:46Z,Young,1409,1399,3959,685.909,0.69,0.0,0.68,,,,,,,,,,9.0,12.0
371,2025-08-01T02:48:47Z,Young,2491,1782,3959,341.79,0.34,0.0,0.34,,,,,,,,,,9.0,12.0
372,2025-08-01T02:48:48Z,Young,2874,1177,3959,1276.476,1.28,0.0,1.27,,,,,,,,,,9.0,12.0
373,2025-08-01T02:48:48Z,Full,2874,1177,3959,1276.298,,,,,,,,,,,,,,
374,2025-08-01T02:48:49Z,Young,2269,1992,3959,517.845,0.52,0.0,0.52,,,,,,,,,,9.0,12.0
375,2025-08-01T02:48:50Z,Young,3085,204,3959,560.484,0.56,0.0,0.56,,,,,,,,,,9.0,12.0
376,2025-08-01T02:48:50Z,Full,3085,204,3959,560.293,,,,,,,,,,,,,,
377,2025-08-01T02:48:51Z,Young,1297,1290,3959,629.543,0.63,0.0,0.63,,,,,,,,,,9.0,12.0
378,2025-08-01T02:48:51Z,Young,2383,1678,3959,328.987,0.33,0.0,0.33,,,,,,,,,,9.0,12.0
379,2025-08-01T02:48:53Z,Young,2771,1323,3959,1196.268,1.2,0.0,1.2,,,,,,,,,,9.0,12.0
380,2025-08-01T02:48:53Z,Full,2771,1323,3959,1196.098,,,,,,,,,,,,,,
381,2025-08-01T02:48:53Z,Young,2415,2134,3959,549.993,0.55,0.01,0.55,,,,,,,,,,9.0,12.0
382,2025-08-01T02:48:54Z,Young,3226,333,3959,756.752,0.76,0.0,0.76,,,,,,,,,,9.0,12.0
383,2025-08-01T02:48:54Z,Full,3226,333,3959,756.533,,,,,,,,,,,,,,
384,2025-08-01T02:48:55Z,Young,1425,1414,3959,713.224,0.72,0.0,0.71,,,,,,,,,,9.0,12.0
385,2025-08-01T02:48:56Z,Young,2506,1809,3959,361.109,0.36,0.0,0.36,,,,,,,,,,9.0,12.0
386,2025-08-01T02:48:57Z,Young,2902,1190,3959,1346.475,1.35,0.0,1.34,,,,,,,,,,9.0,12.0
387,2025-08-01T02:48:57Z,Full,2902,1190,3959,1346.326,,,,,,,,,,,,,,
388,2025-08-01T02:48:58Z,Young,2282,2005,3959,504.924,0.51,0.0,0.5,,,,,,,,,,9.0,12.0
389,2025-08-01T02:48:59Z,Young,3098,221,3959,672.087,0.67,0.0,0.67,,,,,,,,,,9.0,12.0
390,2025-08-01T02:48:59Z,Full,3098,221,3959,671.854,,,,,,,,,,,,,,
391,2025-08-01T02:49:00Z,Young,1313,1307,3959,625.588,0.62,0.0,0.63,,,,,,,,,,9.0,12.0
392,2025-08-01T02:49:00Z,Young,2399,1707,3959,322.155,0.32,0.0,0.32,,,,,,,,,,9.0,12.0
393,2025-08-01T02:49:02Z,Young,2800,1335,3959,1347.851,1.35,0.0,1.35,,,,,,,,,,9.0,12.0
394,2025-08-01T02:49:02Z,Full,2800,1335,3959,1347.66,,,,,,,,,,,,,,
395,2025-08-01T02:49:03Z,Young,2427,2147,3959,498.125,0.5,0.0,0.5,,,,,,,,,,9.0,12.0
396,2025-08-01T02:49:03Z,Young,3239,344,3959,676.519,0.67,0.01,0.68,,,,,,,,,,9.0,12.0
397,2025-08-01T02:49:03Z,Full,3239,344,3959,676.225,,,,,,,,,,,,,,
398,2025-08-01T02:49:04Z,Young,1436,1156,3959,501.071,0.5,0.0,0.5,,,,,,,,,,9.0,12.0
399,2025-08-01T02:49:05Z,Young,2248,1561,3959,325.924,0.32,0.0,0.32,,,,,,,,,,9.0,12.0
400,2025-08-01T02:49:05Z,Young,2653,2385,3959,550.983,0.55,0.0,0.55,,,,,,,,,,9.0,12.0
401,2025-08-01T02:49:07Z,Young,3478,930,3959,1088.705,1.09,0.0,1.09,,,,,,,,,,9.0,12.0
402,2025-08-01T02:49:07Z,Full,3478,930,3959,1088.452,,,,,,,,,,,,,,
403,2025-08-01T02:49:07Z,Young,2023,1381,3959,284.607,0.29,0.0,0.28,,,,,,,,,,9.0,12.0
404,2025-08-01T02:49:08Z,Young,2473,2060,3959,530.521,0.53,0.0,0.53,,,,,,,,,,9.0,12.0
405,2025-08-01T02:49:09Z,Young,3152,708,3959,898.034,0.9,0.0,0.89,,,,,,,,,,9.0,12.0
406,2025-08-01T02:49:09Z,Full,3152,708,3959,897.846,,,,,,,,,,,,,,
407,2025-08-01T02:49:10Z,Young,1800,1612,3959,574.114,0.58,0.0,0.57,,,,,,,,,,9.0,12.0
408,2025-08-01T02:49:11Z,Young,2704,2322,3959,520.522,0.52,0.0,0.52,,,,,,,,,,9.0,12.0
409,2025-08-01T02:49:12Z,Young,3414,356,3959,673.432,0.68,0.0,0.67,,,,,,,,,,9.0,12.0
410,2025-08-01T02:49:12Z,Full,3414,356,3959,673.226,,,,,,,,,,,,,,
411,2025-08-01T02:49:13Z,Young,1448,1170,3959,566.862,0.57,0.0,0.56,,,,,,,,,,9.0,12.0
412,2025-08-01T02:49:13Z,Young,2263,1591,3959,426.301,0.43,0.0,0.43,,,,,,,,,,9.0,12.0
413,2025-08-01T02:49:14Z,Young,2684,2420,3959,640.457,0.64,0.0,0.64,,,,,,,,,,9.0,12.0
414,2025-08-01T02:49:15Z,Young,3512,1084,3959,1028.049,1.02,0.0,1.03,,,,,,,,,,9.0,12.0
415,2025-08-01T02:49:15Z,Full,3512,1084,3959,1027.879,,,,,,,,,,,,,,
416,2025-08-01T02:49:16Z,Young,2177,1281,3959,132.078,0.14,0.0,0.13,,,,,,,,,,9.0,12.0
417,2025-08-01T02:49:17Z,Young,2373,1962,3959,490.498,0.49,0.0,0.49,,,,,,,,,,9.0,12.0
418,2025-08-01T02:49:18Z,Young,3054,594,3959,970.513,0.97,0.0,0.97,,,,,,,,,,9.0,12.0
419,2025-08-01T02:49:18Z,Full,3054,594,3959,970.321,,,,,,,,,,,,,,
420,2025-08-01T02:49:19Z,Young,1687,1490,3959,606.997,0.61,0.0,0.61,,,,,,,,,,9.0,12.0
421,2025-08-01T02:49:19Z,Young,2582,2214,3959,540.569,0.55,0.0,0.54,,,,,,,,,,9.0,12.0
422,2025-08-01T02:49:20Z,Young,3307,371,3959,681.135,0.68,0.01,0.68,,,,,,,,,,9.0,12.0
423,2025-08-01T02:49:20Z,Full,3307,371,3959,680.894,,,,,,,,,,,,,,
424,2025-08-01T02:49:21Z,Young,1463,1183,3959,493.923,0.49,0.0,0.49,,,,,,,,,,9.0,12.0
425,2025-08-01T02:49:22Z,Young,2275,1616,3959,350.482,0.35,0.0,0.35,,,,,,,,,,9.0,12.0
426,2025-08-01T02:49:23Z,Young,2708,2445,3959,706.01,0.7,0.0,0.7,,,,,,,,,,9.0,12.0
427,2025-08-01T02:49:24Z,Young,3538,1101,3959,1362.397,1.36,0.01,1.36,,,,,,,,,,9.0,12.0
428,2025-08-01T02:49:24Z,Full,3538,1101,3959,1362.206,,,,,,,,,,,,,,
429,2025-08-01T02:49:25Z,Young,2193,1310,3959,143.097,0.14,0.0,0.14,,,,,,,,,,9.0,12.0
430,2025-08-01T02:49:25Z,Young,2402,1998,3959,574.856,0.58,0.0,0.57,,,,,,,,,,9.0,12.0
431,2025-08-01T02:49:27Z,Young,3090,735,3959,1103.663,1.11,0.0,1.1,,,,,,,,,,9.0,12.0
432,2025-08-01T02:49:27Z,Full,3090,735,3959,1103.319,,,,,,,,,,,,,,
