gc_id,timestamp,gc_type,heap_before_mb,heap_after_mb,heap_total_mb,pause_ms,concurrent_ms,user_time,sys_time,real_time,metaspace_used_mb,reclaimed_mb,live_mb,allocated_mb,garbage_mb
0,2025-08-01T14:44:07.303,Warmup,852.0,470.0,852.0,0.013,193.50300000000001,,,,10.0,0.0,398.0,374.0,71.0
1,2025-08-01T14:44:07.595,Warmup,1590.0,1032.0,1590.0,0.012,345.30299999999994,,,,10.0,0.0,951.0,558.0,80.0
2,2025-08-01T14:44:07.993,Warmup,1230.0,1210.0,1230.0,0.017,193.823,,,,10.0,796.0,773.0,362.0,870.0
3,2025-08-01T14:44:08.293,Allocation Rate,962.0,960.0,962.0,0.016,133.893,,,,10.0,1032.0,371.0,474.0,1110.0
4,2025-08-01T14:44:08.993,Allocation Rate,766.0,750.0,766.0,0.022,155.922,,,,10.0,1818.0,419.0,250.0,1904.0
5,2025-08-01T14:44:09.594,Allocation Rate,1072.0,1064.0,1072.0,0.022,171.72499999999997,,,,10.0,1828.0,698.0,278.0,1907.0
6,2025-08-01T14:44:10.193,Allocation Rate,1322.0,1316.0,1322.0,0.017,222.65000000000003,,,,10.0,1824.0,766.0,454.0,1909.0
7,2025-08-01T14:44:10.794,Allocation Rate,1636.0,1622.0,1636.0,0.018,273.23199999999997,,,,10.0,1826.0,834.0,700.0,1909.0
8,2025-08-01T14:44:11.294,Allocation Rate,1268.0,1258.0,1268.0,0.02,187.69600000000003,,,,10.0,1826.0,468.0,662.0,1905.0
9,2025-08-01T14:44:11.894,Allocation Rate,1686.0,1680.0,1686.0,0.018,195.75,,,,10.0,1826.0,789.0,784.0,1908.0
10,2025-08-01T14:44:12.294,Allocation Rate,1702.0,1702.0,1702.0,0.016,231.161,,,,10.0,1848.0,705.0,908.0,1928.0
11,2025-08-01T14:44:12.593,Allocation Rate,924.0,916.0,924.0,0.019,105.104,,,,10.0,1578.0,334.0,454.0,1651.0
12,2025-08-01T14:44:12.793,Allocation Rate,1374.0,1354.0,1374.0,0.02,160.71699999999996,,,,10.0,666.0,621.0,584.0,738.0
13,2025-08-01T14:44:13.094,Allocation Rate,1326.0,1324.0,1326.0,0.017,147.84800000000007,,,,10.0,1400.0,518.0,690.0,1475.0
14,2025-08-01T14:44:13.493,Allocation Rate,1346.0,1332.0,1346.0,0.018,153.828,,,,10.0,1860.0,560.0,738.0,1907.0
15,2025-08-01T14:44:13.993,Allocation Rate,932.0,898.0,932.0,0.025,111.28599999999999,,,,10.0,2626.0,378.0,448.0,2705.0
16,2025-08-01T14:44:14.493,Allocation Rate,1162.0,1152.0,1162.0,0.015,138.35999999999999,,,,10.0,2382.0,454.0,638.0,2425.0
17,2025-08-01T14:44:14.994,Allocation Rate,1328.0,1324.0,1328.0,0.015,166.69600000000005,,,,10.0,2292.0,652.0,610.0,2335.0
18,2025-08-01T14:44:15.393,Allocation Rate,1676.0,1668.0,1676.0,0.141,214.87900000000002,,,,10.0,1790.0,693.0,866.0,1838.0
19,2025-08-01T14:44:15.693,Allocation Rate,1226.0,1188.0,1226.0,0.02,146.421,,,,10.0,1414.0,561.0,488.0,1458.0
20,2025-08-01T14:44:16.093,Allocation Rate,982.0,968.0,982.0,0.015,127.18900000000001,,,,10.0,1830.0,425.0,510.0,1876.0
21,2025-08-01T14:44:16.594,Allocation Rate,1574.0,1566.0,1574.0,0.017,214.18899999999996,,,,10.0,2098.0,703.0,798.0,2148.0
22,2025-08-01T14:44:16.894,Allocation Rate,1106.0,1094.0,1106.0,0.021,132.451,,,,10.0,1558.0,432.0,610.0,1603.0
23,2025-08-01T14:44:17.293,Allocation Rate,1364.0,1362.0,1364.0,0.015,159.267,,,,10.0,1832.0,624.0,600.0,1875.0
24,2025-08-01T14:44:17.693,Allocation Rate,1252.0,1244.0,1252.0,0.014,140.579,,,,10.0,1836.0,550.0,658.0,1879.0
25,2025-08-01T14:44:18.193,Allocation Rate,1058.0,1050.0,1058.0,0.074,116.39800000000002,,,,10.0,2490.0,470.0,548.0,2529.0
26,2025-08-01T14:44:18.694,Allocation Rate,808.0,792.0,808.0,0.021,100.72899999999998,,,,10.0,2546.0,339.0,410.0,2594.0
27,2025-08-01T14:44:19.293,Allocation Rate,1486.0,1482.0,1486.0,0.04,173.45999999999998,,,,10.0,2300.0,697.0,670.0,2344.0
28,2025-08-01T14:44:19.693,Allocation Rate,1256.0,1250.0,1256.0,0.02,149.84400000000002,,,,10.0,1832.0,523.0,686.0,1876.0
29,2025-08-01T14:44:20.193,Allocation Rate,1586.0,1576.0,1586.0,0.017,197.96000000000004,,,,10.0,1958.0,712.0,830.0,2001.0
30,2025-08-01T14:44:20.594,Allocation Rate,1812.0,1798.0,1812.0,0.018,222.43300000000002,,,,10.0,1704.0,901.0,862.0,1752.0
31,2025-08-01T14:44:20.894,Allocation Rate,698.0,690.0,698.0,0.069,90.222,,,,10.0,1838.0,288.0,370.0,1877.0
32,2025-08-01T14:44:21.294,Allocation Rate,696.0,694.0,696.0,0.12,128.148,,,,10.0,1836.0,288.0,370.0,1873.0
33,2025-08-01T14:44:21.794,Allocation Rate,1532.0,1520.0,1532.0,0.017,167.02400000000003,,,,10.0,1832.0,684.0,802.0,1877.0
34,2025-08-01T14:44:22.194,Allocation Rate,1562.0,1546.0,1562.0,0.021,242.578,,,,10.0,1892.0,635.0,876.0,1942.0
35,2025-08-01T14:44:22.492,Allocation Rate,784.0,764.0,784.0,0.018,123.11,,,,10.0,1502.0,352.0,378.0,1555.0
36,2025-08-01T14:44:22.995,Allocation Rate,848.0,842.0,848.0,0.02,93.46000000000001,,,,10.0,2084.0,337.0,404.0,2130.0
37,2025-08-01T14:44:23.493,Allocation Rate,1924.0,1920.0,1924.0,0.075,236.962,,,,10.0,1830.0,921.0,932.0,1880.0
38,2025-08-01T14:44:23.794,Allocation Rate,924.0,922.0,924.0,0.021,101.582,,,,10.0,1836.0,359.0,434.0,1876.0
39,2025-08-01T14:44:24.093,Allocation Rate,482.0,474.0,482.0,0.023,51.419000000000004,,,,10.0,1744.0,106.0,260.0,1779.0
40,2025-08-01T14:44:24.594,Allocation Rate,1586.0,1566.0,1586.0,0.021,184.443,,,,10.0,1920.0,668.0,804.0,1967.0
41,2025-08-01T14:44:24.893,Allocation Rate,704.0,692.0,704.0,0.014,86.89599999999999,,,,10.0,1832.0,246.0,412.0,1875.0
42,2025-08-01T14:44:25.393,Allocation Rate,1274.0,1268.0,1274.0,0.033,224.67099999999996,,,,10.0,1832.0,484.0,646.0,1877.0
43,2025-08-01T14:44:25.693,Allocation Rate,994.0,990.0,994.0,0.02,105.73900000000002,,,,10.0,1124.0,389.0,532.0,1164.0
44,2025-08-01T14:44:25.994,Allocation Rate,1518.0,1496.0,1518.0,0.015,159.20300000000003,,,,10.0,1180.0,668.0,788.0,1241.0
45,2025-08-01T14:44:26.395,Allocation Rate,1080.0,1072.0,1080.0,0.019,152.17999999999998,,,,10.0,2338.0,346.0,634.0,2381.0
46,2025-08-01T14:44:26.793,Allocation Rate,1328.0,1318.0,1328.0,0.013,139.29400000000004,,,,10.0,1672.0,551.0,698.0,1726.0
47,2025-08-01T14:44:27.193,Allocation Rate,892.0,886.0,892.0,0.025,107.81099999999999,,,,10.0,2062.0,418.0,400.0,2101.0
48,2025-08-01T14:44:27.694,Allocation Rate,156.0,152.0,156.0,0.015,30.907,,,,10.0,2610.0,107.0,2.0,2646.0
49,2025-08-01T14:44:28.294,Allocation Rate,1804.0,1798.0,1804.0,0.02,242.517,,,,10.0,1874.0,799.0,882.0,1918.0
50,2025-08-01T14:44:28.593,Allocation Rate,610.0,600.0,610.0,0.019,64.282,,,,10.0,1794.0,199.0,354.0,1834.0
51,2025-08-01T14:44:28.993,Allocation Rate,780.0,768.0,780.0,0.022,86.05999999999999,,,,10.0,1830.0,291.0,370.0,1876.0
52,2025-08-01T14:44:29.393,Allocation Rate,1076.0,1068.0,1076.0,0.022,117.45799999999998,,,,10.0,1832.0,401.0,592.0,1876.0
53,2025-08-01T14:44:29.793,Allocation Rate,1502.0,1496.0,1502.0,0.018,218.64200000000002,,,,10.0,1834.0,563.0,852.0,1878.0
54,2025-08-01T14:44:30.093,Allocation Rate,146.0,142.0,146.0,0.021,20.239,,,,10.0,1840.0,20.0,64.0,1873.0
55,2025-08-01T14:44:30.493,Allocation Rate,466.0,462.0,466.0,0.026,47.514,,,,10.0,1838.0,108.0,270.0,1871.0
56,2025-08-01T14:44:30.993,Allocation Rate,1646.0,1646.0,1646.0,0.015,218.63,,,,10.0,1832.0,671.0,870.0,1874.0
57,2025-08-01T14:44:31.293,Allocation Rate,306.0,302.0,306.0,0.063,47.799,,,,10.0,1814.0,198.0,28.0,1851.0
58,2025-08-01T14:44:31.693,Allocation Rate,458.0,450.0,458.0,0.026,79.48500000000001,,,,10.0,1770.0,176.0,144.0,1811.0
59,2025-08-01T14:44:32.293,Allocation Rate,1490.0,1474.0,1490.0,0.014,192.411,,,,10.0,2240.0,619.0,780.0,2288.0
60,2025-08-01T14:44:32.698,Allocation Rate,1246.0,1236.0,1246.0,0.027,171.95800000000003,,,,10.0,1782.0,508.0,658.0,1827.0
61,2025-08-01T14:44:33.093,Allocation Rate,1580.0,1572.0,1580.0,0.023,164.84500000000003,,,,10.0,1604.0,710.0,800.0,1651.0
62,2025-08-01T14:44:33.493,Allocation Rate,1236.0,1226.0,1236.0,0.02,130.651,,,,10.0,2218.0,511.0,630.0,2266.0
63,2025-08-01T14:44:33.894,Allocation Rate,1018.0,1014.0,1018.0,0.019,121.635,,,,10.0,2114.0,475.0,476.0,2158.0
64,2025-08-01T14:44:34.294,Allocation Rate,820.0,812.0,820.0,0.067,118.23599999999999,,,,10.0,2114.0,308.0,450.0,2163.0
65,2025-08-01T14:44:34.794,Allocation Rate,796.0,788.0,796.0,0.018,96.708,,,,10.0,2332.0,335.0,370.0,2386.0
66,2025-08-01T14:44:35.395,Allocation Rate,1754.0,1742.0,1754.0,0.018,249.955,,,,10.0,2236.0,980.0,672.0,2283.0
67,2025-08-01T14:44:35.693,Allocation Rate,900.0,898.0,900.0,0.02,127.11200000000001,,,,10.0,1522.0,335.0,428.0,1564.0
68,2025-08-01T14:44:35.994,Allocation Rate,950.0,908.0,950.0,0.021,125.40399999999998,,,,10.0,1156.0,350.0,444.0,1217.0
69,2025-08-01T14:44:36.394,Allocation Rate,930.0,908.0,930.0,0.027,124.21900000000002,,,,10.0,1792.0,393.0,462.0,1836.0
70,2025-08-01T14:44:36.893,Allocation Rate,888.0,882.0,888.0,0.022,116.108,,,,10.0,2302.0,385.0,462.0,2342.0
71,2025-08-01T14:44:37.394,Allocation Rate,1592.0,1578.0,1592.0,0.044,181.268,,,,10.0,1958.0,710.0,820.0,2007.0
72,2025-08-01T14:44:37.794,Allocation Rate,1358.0,1354.0,1358.0,0.02,143.30900000000003,,,,10.0,2028.0,608.0,636.0,2073.0
73,2025-08-01T14:44:38.193,Allocation Rate,1334.0,1332.0,1334.0,0.2,144.26899999999998,,,,10.0,1966.0,568.0,648.0,2007.0
74,2025-08-01T14:44:38.595,Allocation Rate,1440.0,1432.0,1440.0,0.017,178.07500000000002,,,,10.0,1834.0,660.0,716.0,1875.0
75,2025-08-01T14:44:38.994,Allocation Rate,1472.0,1466.0,1472.0,0.014,190.23700000000002,,,,10.0,1862.0,568.0,830.0,1911.0
76,2025-08-01T14:44:39.396,Allocation Rate,1658.0,1648.0,1658.0,0.017,244.126,,,,10.0,1810.0,588.0,968.0,1861.0
77,2025-08-01T14:44:39.793,Allocation Rate,1376.0,1370.0,1376.0,0.024,166.26599999999996,,,,10.0,1814.0,552.0,744.0,1857.0
78,2025-08-01T14:44:40.193,Allocation Rate,1444.0,1432.0,1444.0,0.018,152.263,,,,10.0,1834.0,661.0,720.0,1878.0
79,2025-08-01T14:44:40.593,Allocation Rate,1294.0,1288.0,1294.0,0.014,133.374,,,,10.0,2068.0,517.0,698.0,2110.0
80,2025-08-01T14:44:40.996,Allocation Rate,1434.0,1430.0,1434.0,0.02,151.96900000000002,,,,10.0,1974.0,624.0,706.0,2027.0
81,2025-08-01T14:44:41.393,Allocation Rate,1564.0,1542.0,1564.0,0.021,200.34799999999998,,,,10.0,2050.0,597.0,866.0,2098.0
82,2025-08-01T14:44:41.793,Allocation Rate,1040.0,1030.0,1040.0,0.021,110.56400000000001,,,,10.0,2074.0,408.0,540.0,2131.0
83,2025-08-01T14:44:42.193,Allocation Rate,1164.0,1152.0,1164.0,0.018,127.411,,,,10.0,1992.0,510.0,566.0,2045.0
84,2025-08-01T14:44:42.594,Allocation Rate,924.0,920.0,924.0,0.017,110.567,,,,10.0,2188.0,387.0,456.0,2228.0
85,2025-08-01T14:44:43.094,Allocation Rate,1314.0,1312.0,1314.0,0.021,148.886,,,,10.0,2296.0,574.0,666.0,2339.0
86,2025-08-01T14:44:43.494,Allocation Rate,1578.0,1568.0,1578.0,0.017,173.46399999999997,,,,10.0,1894.0,704.0,800.0,1951.0
87,2025-08-01T14:44:43.894,Allocation Rate,1328.0,1322.0,1328.0,0.015,157.11599999999999,,,,10.0,2128.0,570.0,678.0,2171.0
88,2025-08-01T14:44:44.293,Allocation Rate,1112.0,1110.0,1112.0,0.022,127.33699999999999,,,,10.0,1998.0,500.0,492.0,2041.0
89,2025-08-01T14:44:44.794,Allocation Rate,650.0,644.0,650.0,0.029,113.86500000000001,,,,10.0,2554.0,242.0,370.0,2591.0
90,2025-08-01T14:44:45.393,Allocation Rate,1010.0,1008.0,1010.0,0.023,141.98000000000002,,,,10.0,2420.0,479.0,396.0,2462.0
91,2025-08-01T14:44:45.894,Allocation Rate,1278.0,1254.0,1278.0,0.022,140.417,,,,10.0,2182.0,571.0,568.0,2224.0
92,2025-08-01T14:44:46.393,Allocation Rate,1226.0,1204.0,1226.0,0.095,154.827,,,,10.0,2444.0,440.0,702.0,2503.0
93,2025-08-01T14:44:46.893,Allocation Rate,1100.0,1090.0,1100.0,0.012,121.714,,,,10.0,2414.0,524.0,502.0,2465.0
94,2025-08-01T14:44:47.294,Allocation Rate,1060.0,1054.0,1060.0,0.02,115.988,,,,10.0,2116.0,425.0,520.0,2160.0
95,2025-08-01T14:44:47.793,Allocation Rate,1116.0,1108.0,1116.0,0.052,120.287,,,,10.0,2442.0,435.0,600.0,2486.0
96,2025-08-01T14:44:48.293,Allocation Rate,810.0,804.0,810.0,0.02,97.706,,,,10.0,2602.0,349.0,396.0,2642.0
97,2025-08-01T14:44:48.794,Allocation Rate,1150.0,1142.0,1150.0,0.018,128.916,,,,10.0,2300.0,448.0,600.0,2345.0
98,2025-08-01T14:44:49.293,Allocation Rate,1134.0,1130.0,1134.0,0.018,134.86,,,,10.0,2500.0,456.0,604.0,2541.0
99,2025-08-01T14:44:49.793,Allocation Rate,802.0,796.0,802.0,0.021,90.129,,,,10.0,2552.0,375.0,386.0,2592.0
100,2025-08-01T14:44:50.294,Allocation Rate,1232.0,1230.0,1232.0,0.019,128.22,,,,10.0,2222.0,481.0,668.0,2262.0
101,2025-08-01T14:44:50.794,Allocation Rate,1008.0,1000.0,1008.0,0.017,112.842,,,,10.0,2534.0,459.0,504.0,2578.0
102,2025-08-01T14:44:51.295,Allocation Rate,888.0,886.0,888.0,0.027,120.45,,,,10.0,2590.0,300.0,484.0,2631.0
103,2025-08-01T14:44:51.894,Allocation Rate,1604.0,1578.0,1604.0,0.067,184.18200000000002,,,,10.0,2434.0,783.0,732.0,2482.0
104,2025-08-01T14:44:52.294,Allocation Rate,1404.0,1392.0,1404.0,0.019,153.19800000000004,,,,10.0,1936.0,613.0,730.0,1984.0
105,2025-08-01T14:44:52.694,Allocation Rate,1314.0,1304.0,1314.0,0.018,145.395,,,,10.0,1910.0,581.0,688.0,1954.0
106,2025-08-01T14:44:53.193,Allocation Rate,964.0,960.0,964.0,0.019,99.37700000000001,,,,10.0,2642.0,429.0,458.0,2684.0
107,2025-08-01T14:44:53.694,Allocation Rate,984.0,982.0,984.0,0.017,99.73,,,,10.0,2418.0,432.0,440.0,2459.0
108,2025-08-01T14:44:54.193,Allocation Rate,1448.0,1440.0,1448.0,0.018,152.869,,,,10.0,2388.0,632.0,692.0,2435.0
109,2025-08-01T14:44:54.593,Allocation Rate,1110.0,1106.0,1110.0,0.02,118.59300000000002,,,,10.0,2028.0,518.0,476.0,2073.0
110,2025-08-01T14:44:55.094,Allocation Rate,1266.0,1258.0,1266.0,0.023,163.12999999999997,,,,10.0,2412.0,483.0,738.0,2456.0
111,2025-08-01T14:44:55.493,Allocation Rate,1416.0,1402.0,1416.0,0.04,184.137,,,,10.0,1776.0,536.0,820.0,1825.0
112,2025-08-01T14:44:55.893,Allocation Rate,1182.0,1176.0,1182.0,0.017,126.355,,,,10.0,1978.0,484.0,594.0,2023.0
113,2025-08-01T14:44:56.293,Allocation Rate,1158.0,1150.0,1158.0,0.015,128.593,,,,10.0,2072.0,423.0,622.0,2118.0
114,2025-08-01T14:44:56.693,Allocation Rate,1240.0,1234.0,1240.0,0.018,131.91799999999998,,,,10.0,1892.0,518.0,678.0,1935.0
115,2025-08-01T14:44:57.093,Allocation Rate,1234.0,1232.0,1234.0,0.019,130.459,,,,10.0,2042.0,571.0,602.0,2082.0
116,2025-08-01T14:44:57.593,Allocation Rate,768.0,764.0,768.0,0.021,102.175,,,,10.0,2704.0,300.0,388.0,2745.0
117,2025-08-01T14:44:58.093,Allocation Rate,1238.0,1236.0,1238.0,0.02,128.12,,,,10.0,2224.0,506.0,652.0,2265.0
118,2025-08-01T14:44:58.593,Allocation Rate,1232.0,1208.0,1232.0,0.02,141.21900000000002,,,,10.0,2450.0,575.0,542.0,2492.0
119,2025-08-01T14:44:59.093,Allocation Rate,952.0,946.0,952.0,0.022,104.347,,,,10.0,2548.0,406.0,452.0,2589.0
120,2025-08-01T14:44:59.594,Allocation Rate,1788.0,1774.0,1788.0,0.018,226.75300000000001,,,,10.0,2078.0,719.0,946.0,2132.0
121,2025-08-01T14:44:59.894,Allocation Rate,770.0,762.0,770.0,0.143,91.869,,,,10.0,1750.0,301.0,396.0,1792.0
122,2025-08-01T14:45:00.293,Allocation Rate,874.0,868.0,874.0,0.02,105.705,,,,10.0,1890.0,301.0,450.0,1932.0
123,2025-08-01T14:45:00.793,Allocation Rate,1916.0,1896.0,1916.0,0.021,201.00400000000002,,,,10.0,1926.0,828.0,960.0,1983.0
124,2025-08-01T14:45:01.092,Allocation Rate,1456.0,1444.0,1456.0,0.013,159.23100000000002,,,,10.0,1730.0,623.0,776.0,1778.0
125,2025-08-01T14:45:01.393,Allocation Rate,726.0,720.0,726.0,0.018,84.431,,,,10.0,1824.0,302.0,368.0,1865.0
126,2025-08-01T14:45:01.894,Allocation Rate,1316.0,1298.0,1316.0,0.026,167.9,,,,10.0,2166.0,523.0,738.0,2220.0
127,2025-08-01T14:45:02.292,Allocation Rate,1274.0,1260.0,1274.0,0.022,162.47199999999998,,,,10.0,1866.0,487.0,728.0,1914.0
128,2025-08-01T14:45:02.694,Allocation Rate,1428.0,1414.0,1428.0,0.019,158.892,,,,10.0,1674.0,637.0,738.0,1726.0
129,2025-08-01T14:45:03.094,Allocation Rate,1432.0,1426.0,1432.0,0.065,174.24999999999997,,,,10.0,1986.0,577.0,754.0,2032.0
130,2025-08-01T14:45:03.595,Allocation Rate,1166.0,1158.0,1166.0,0.018,156.98,,,,10.0,2236.0,481.0,594.0,2284.0
131,2025-08-01T14:45:04.093,Allocation Rate,840.0,830.0,840.0,0.088,94.68900000000001,,,,10.0,2532.0,354.0,412.0,2581.0
132,2025-08-01T14:45:04.593,Allocation Rate,1384.0,1380.0,1384.0,0.042,155.39600000000002,,,,10.0,2204.0,575.0,740.0,2248.0
133,2025-08-01T14:45:04.894,Allocation Rate,748.0,744.0,748.0,0.014,80.212,,,,10.0,1802.0,303.0,390.0,1842.0
134,2025-08-01T14:45:05.393,Allocation Rate,1722.0,1698.0,1722.0,0.014,217.094,,,,10.0,2152.0,665.0,968.0,2214.0
135,2025-08-01T14:45:05.693,Allocation Rate,1284.0,1276.0,1284.0,0.09,142.137,,,,10.0,1532.0,499.0,724.0,1580.0
136,2025-08-01T14:45:06.093,Allocation Rate,1344.0,1338.0,1344.0,0.054,143.326,,,,10.0,1990.0,560.0,698.0,2037.0
137,2025-08-01T14:45:06.494,Allocation Rate,1722.0,1710.0,1722.0,0.025,195.49,,,,10.0,1910.0,706.0,924.0,1971.0
138,2025-08-01T14:45:06.793,Allocation Rate,1338.0,1330.0,1338.0,0.018,131.361,,,,10.0,1584.0,600.0,646.0,1631.0
139,2025-08-01T14:45:07.193,Allocation Rate,1122.0,1110.0,1122.0,0.016,120.072,,,,10.0,2178.0,524.0,536.0,2225.0
140,2025-08-01T14:45:07.592,Allocation Rate,1076.0,1070.0,1076.0,0.022,113.41,,,,10.0,2046.0,474.0,500.0,2095.0
141,2025-08-01T14:45:08.094,Allocation Rate,1006.0,996.0,1006.0,0.018,100.43199999999999,,,,10.0,2604.0,393.0,508.0,2660.0
142,2025-08-01T14:45:08.593,Allocation Rate,1436.0,1430.0,1436.0,0.017,147.18900000000005,,,,10.0,2330.0,604.0,744.0,2379.0
143,2025-08-01T14:45:08.994,Allocation Rate,1384.0,1374.0,1384.0,0.016,148.856,,,,10.0,1906.0,597.0,738.0,1954.0
144,2025-08-01T14:45:09.393,Allocation Rate,1432.0,1424.0,1432.0,0.018,151.82999999999996,,,,10.0,1876.0,647.0,738.0,1922.0
145,2025-08-01T14:45:09.793,Allocation Rate,1368.0,1354.0,1368.0,0.018,148.65599999999998,,,,10.0,1990.0,577.0,738.0,2042.0
146,2025-08-01T14:45:10.293,Allocation Rate,1250.0,1238.0,1250.0,0.021,167.984,,,,10.0,2406.0,464.0,738.0,2453.0
147,2025-08-01T14:45:10.793,Allocation Rate,1278.0,1270.0,1278.0,0.021,193.89999999999998,,,,10.0,2170.0,476.0,678.0,2215.0
148,2025-08-01T14:45:11.294,Allocation Rate,544.0,534.0,544.0,0.02,75.08600000000001,,,,10.0,2294.0,213.0,286.0,2338.0
149,2025-08-01T14:45:11.793,Allocation Rate,718.0,716.0,718.0,0.018,102.098,,,,10.0,2028.0,305.0,370.0,2068.0
150,2025-08-01T14:45:12.294,Allocation Rate,1360.0,1352.0,1360.0,0.022,147.283,,,,10.0,2012.0,579.0,656.0,2062.0
151,2025-08-01T14:45:12.793,Allocation Rate,1532.0,1520.0,1532.0,0.023,167.56099999999998,,,,10.0,2126.0,681.0,800.0,2176.0
152,2025-08-01T14:45:13.194,Allocation Rate,1310.0,1306.0,1310.0,0.018,145.178,,,,10.0,2010.0,568.0,626.0,2055.0
153,2025-08-01T14:45:13.694,Allocation Rate,796.0,770.0,796.0,0.019,111.392,,,,10.0,2572.0,300.0,420.0,2647.0
154,2025-08-01T14:45:14.193,Allocation Rate,1106.0,1100.0,1106.0,0.022,106.7,,,,10.0,2252.0,437.0,592.0,2298.0
155,2025-08-01T14:45:14.693,Allocation Rate,1416.0,1406.0,1416.0,0.018,147.051,,,,10.0,2426.0,628.0,716.0,2471.0
156,2025-08-01T14:45:15.094,Allocation Rate,1486.0,1476.0,1486.0,0.018,156.02900000000002,,,,10.0,1914.0,661.0,730.0,1972.0
157,2025-08-01T14:45:15.494,Allocation Rate,1096.0,1046.0,1096.0,0.034,144.377,,,,10.0,2200.0,353.0,564.0,2250.0
158,2025-08-01T14:45:15.993,Allocation Rate,788.0,780.0,788.0,0.016,104.329,,,,10.0,2410.0,318.0,382.0,2465.0
159,2025-08-01T14:45:16.493,Allocation Rate,1428.0,1420.0,1428.0,0.017,169.32999999999996,,,,10.0,2026.0,613.0,724.0,2076.0
160,2025-08-01T14:45:16.894,Allocation Rate,1462.0,1448.0,1462.0,0.018,189.026,,,,10.0,1830.0,673.0,738.0,1880.0
161,2025-08-01T14:45:17.295,Allocation Rate,1554.0,1544.0,1554.0,0.02,220.946,,,,10.0,1832.0,624.0,852.0,1879.0
162,2025-08-01T14:45:17.695,Allocation Rate,1232.0,1228.0,1232.0,0.018,131.886,,,,10.0,1836.0,490.0,644.0,1881.0
163,2025-08-01T14:45:18.094,Allocation Rate,1340.0,1334.0,1340.0,0.017,136.393,,,,10.0,1832.0,582.0,670.0,1879.0
164,2025-08-01T14:45:18.494,Allocation Rate,1706.0,1700.0,1706.0,0.015,184.165,,,,10.0,1888.0,707.0,872.0,1944.0
165,2025-08-01T14:45:18.798,Allocation Rate,1086.0,1078.0,1086.0,0.019,119.946,,,,10.0,1772.0,398.0,574.0,1819.0
166,2025-08-01T14:45:19.192,Allocation Rate,1274.0,1266.0,1274.0,0.025,130.86399999999998,,,,10.0,1834.0,491.0,706.0,1878.0
167,2025-08-01T14:45:19.693,Allocation Rate,1118.0,1114.0,1118.0,0.019,115.88000000000001,,,,10.0,2532.0,496.0,532.0,2579.0
168,2025-08-01T14:45:20.193,Allocation Rate,620.0,612.0,620.0,0.019,67.599,,,,10.0,2706.0,208.0,368.0,2749.0
169,2025-08-01T14:45:20.693,Allocation Rate,1402.0,1396.0,1402.0,0.066,183.314,,,,10.0,2096.0,527.0,752.0,2146.0
170,2025-08-01T14:45:20.994,Allocation Rate,726.0,710.0,726.0,0.018,84.675,,,,10.0,1648.0,301.0,370.0,1702.0
171,2025-08-01T14:45:21.393,Allocation Rate,780.0,768.0,780.0,0.019,93.259,,,,10.0,1960.0,278.0,396.0,2007.0
172,2025-08-01T14:45:21.893,Allocation Rate,1374.0,1352.0,1374.0,0.019,158.484,,,,10.0,2154.0,575.0,738.0,2214.0
173,2025-08-01T14:45:22.293,Allocation Rate,1188.0,1180.0,1188.0,0.011,131.95600000000002,,,,10.0,2038.0,517.0,584.0,2094.0
174,2025-08-01T14:45:22.693,Allocation Rate,1378.0,1372.0,1378.0,0.016,165.04500000000002,,,,10.0,1890.0,572.0,694.0,1937.0
175,2025-08-01T14:45:23.093,Allocation Rate,1132.0,1130.0,1132.0,0.019,120.44300000000003,,,,10.0,1994.0,511.0,554.0,2040.0
176,2025-08-01T14:45:23.495,Allocation Rate,1338.0,1330.0,1338.0,0.021,146.16699999999997,,,,10.0,1976.0,553.0,688.0,2022.0
177,2025-08-01T14:45:23.993,Allocation Rate,694.0,688.0,694.0,0.025,78.398,,,,10.0,2756.0,256.0,324.0,2799.0
178,2025-08-01T14:45:24.492,Allocation Rate,1472.0,1454.0,1472.0,0.02,161.19799999999998,,,,10.0,2070.0,662.0,750.0,2129.0
179,2025-08-01T14:45:24.894,Allocation Rate,1472.0,1460.0,1472.0,0.019,163.666,,,,10.0,2004.0,633.0,744.0,2054.0
180,2025-08-01T14:45:25.293,Allocation Rate,1164.0,1150.0,1164.0,0.019,138.81199999999998,,,,10.0,2138.0,468.0,600.0,2187.0
181,2025-08-01T14:45:25.795,Allocation Rate,900.0,886.0,900.0,0.017,115.802,,,,10.0,2516.0,309.0,460.0,2594.0
182,2025-08-01T14:45:26.293,Allocation Rate,1338.0,1336.0,1338.0,0.018,195.42100000000002,,,,10.0,2294.0,493.0,762.0,2338.0
183,2025-08-01T14:45:26.694,Allocation Rate,1068.0,1062.0,1068.0,0.02,119.46999999999998,,,,10.0,1834.0,367.0,582.0,1880.0
184,2025-08-01T14:45:27.094,Allocation Rate,1284.0,1272.0,1284.0,0.019,138.12100000000004,,,,10.0,1834.0,518.0,706.0,1883.0
185,2025-08-01T14:45:27.593,Allocation Rate,1138.0,1132.0,1138.0,0.018,137.51299999999998,,,,10.0,2450.0,536.0,540.0,2499.0
186,2025-08-01T14:45:28.094,Allocation Rate,844.0,836.0,844.0,0.013,100.58000000000001,,,,10.0,2570.0,338.0,452.0,2613.0
187,2025-08-01T14:45:28.593,Allocation Rate,708.0,678.0,708.0,0.016,85.46900000000001,,,,10.0,2310.0,295.0,290.0,2352.0
188,2025-08-01T14:45:29.194,Allocation Rate,1228.0,1216.0,1228.0,0.017,121.486,,,,10.0,2540.0,507.0,632.0,2588.0
189,2025-08-01T14:45:29.693,Allocation Rate,918.0,914.0,918.0,0.031,97.09499999999998,,,,10.0,2584.0,352.0,462.0,2631.0
190,2025-08-01T14:45:30.293,Allocation Rate,1532.0,1528.0,1532.0,0.023,194.81900000000002,,,,10.0,2534.0,634.0,802.0,2581.0
191,2025-08-01T14:45:30.593,Allocation Rate,1056.0,1052.0,1056.0,0.02,109.896,,,,10.0,1524.0,495.0,454.0,1570.0
192,2025-08-01T14:45:30.993,Allocation Rate,1372.0,1364.0,1372.0,0.019,142.88299999999998,,,,10.0,1834.0,586.0,738.0,1881.0
193,2025-08-01T14:45:31.492,Allocation Rate,1538.0,1514.0,1538.0,0.018,176.10700000000003,,,,10.0,2220.0,646.0,830.0,2281.0
194,2025-08-01T14:45:31.893,Allocation Rate,1746.0,1736.0,1746.0,0.015,190.802,,,,10.0,1786.0,778.0,860.0,1839.0
195,2025-08-01T14:45:32.293,Allocation Rate,1324.0,1304.0,1324.0,0.018,155.49600000000004,,,,10.0,2170.0,534.0,708.0,2229.0
196,2025-08-01T14:45:32.694,Allocation Rate,1330.0,1320.0,1330.0,0.018,148.64100000000002,,,,10.0,1908.0,542.0,738.0,1957.0
197,2025-08-01T14:45:33.194,Allocation Rate,474.0,470.0,474.0,0.014,54.31,,,,10.0,2780.0,129.0,252.0,2818.0
198,2025-08-01T14:45:33.693,Allocation Rate,1552.0,1538.0,1552.0,0.042,173.24500000000003,,,,10.0,1960.0,718.0,782.0,2011.0
199,2025-08-01T14:45:33.994,Allocation Rate,862.0,856.0,862.0,0.019,93.762,,,,10.0,1824.0,360.0,418.0,1871.0
200,2025-08-01T14:45:34.395,Allocation Rate,1364.0,1356.0,1364.0,0.023,151.717,,,,10.0,1832.0,549.0,714.0,1880.0
201,2025-08-01T14:45:34.792,Allocation Rate,1654.0,1642.0,1654.0,0.022,184.704,,,,10.0,1830.0,695.0,870.0,1880.0
202,2025-08-01T14:45:35.094,Allocation Rate,932.0,926.0,932.0,0.011,105.686,,,,10.0,1832.0,393.0,474.0,1878.0
203,2025-08-01T14:45:35.493,Allocation Rate,1442.0,1434.0,1442.0,0.014,193.18399999999997,,,,10.0,1832.0,554.0,808.0,1881.0
204,2025-08-01T14:45:35.795,Allocation Rate,772.0,764.0,772.0,0.018,92.059,,,,10.0,1634.0,317.0,374.0,1688.0
205,2025-08-01T14:45:36.193,Allocation Rate,718.0,714.0,718.0,0.02,74.053,,,,10.0,2026.0,289.0,354.0,2068.0
206,2025-08-01T14:45:36.693,Allocation Rate,1414.0,1404.0,1414.0,0.017,150.20899999999997,,,,10.0,2232.0,606.0,702.0,2285.0
207,2025-08-01T14:45:37.093,Allocation Rate,1474.0,1466.0,1474.0,0.016,152.78100000000003,,,,10.0,1942.0,626.0,762.0,1991.0
208,2025-08-01T14:45:37.494,Allocation Rate,1286.0,1278.0,1286.0,0.02,146.15400000000002,,,,10.0,2050.0,501.0,720.0,2096.0
209,2025-08-01T14:45:37.993,Allocation Rate,516.0,506.0,516.0,0.018,63.803000000000004,,,,10.0,2792.0,170.0,300.0,2837.0
210,2025-08-01T14:45:38.494,Allocation Rate,1472.0,1458.0,1472.0,0.019,162.697,,,,10.0,1984.0,650.0,716.0,2035.0
211,2025-08-01T14:45:38.793,Allocation Rate,688.0,686.0,688.0,0.015,74.045,,,,10.0,1820.0,281.0,308.0,1862.0
212,2025-08-01T14:45:39.293,Allocation Rate,1618.0,1608.0,1618.0,0.021,177.31799999999998,,,,10.0,1976.0,737.0,830.0,2026.0
213,2025-08-01T14:45:39.593,Allocation Rate,1104.0,1094.0,1104.0,0.011,132.38100000000003,,,,10.0,1708.0,527.0,528.0,1756.0
214,2025-08-01T14:45:39.993,Allocation Rate,1262.0,1258.0,1262.0,0.02,151.965,,,,10.0,1834.0,575.0,588.0,1884.0
215,2025-08-01T14:45:40.394,Allocation Rate,1600.0,1596.0,1600.0,0.017,181.37299999999996,,,,10.0,1836.0,657.0,836.0,1884.0
216,2025-08-01T14:45:40.792,Allocation Rate,1690.0,1682.0,1690.0,0.016,207.87399999999997,,,,10.0,1836.0,679.0,920.0,1886.0
217,2025-08-01T14:45:41.194,Allocation Rate,1604.0,1600.0,1604.0,0.018,176.666,,,,10.0,1834.0,690.0,778.0,1883.0
218,2025-08-01T14:45:41.593,Allocation Rate,1638.0,1638.0,1638.0,0.015,161.312,,,,10.0,1948.0,722.0,812.0,1997.0
219,2025-08-01T14:45:41.993,Allocation Rate,1224.0,1218.0,1224.0,0.023,129.008,,,,10.0,2292.0,548.0,594.0,2339.0
220,2025-08-01T14:45:42.393,Allocation Rate,1320.0,1316.0,1320.0,0.02,142.77300000000002,,,,10.0,2026.0,572.0,652.0,2075.0
221,2025-08-01T14:45:42.794,Allocation Rate,884.0,880.0,884.0,0.015,108.21700000000001,,,,10.0,2224.0,357.0,446.0,2280.0
222,2025-08-01T14:45:43.297,Allocation Rate,848.0,828.0,848.0,0.023,106.47399999999999,,,,10.0,2444.0,306.0,416.0,2489.0
223,2025-08-01T14:45:43.794,Allocation Rate,1314.0,1310.0,1314.0,0.015,144.57400000000004,,,,10.0,2076.0,604.0,634.0,2125.0
224,2025-08-01T14:45:44.294,Allocation Rate,1426.0,1414.0,1426.0,0.019,173.95,,,,10.0,2338.0,620.0,664.0,2401.0
225,2025-08-01T14:45:44.694,Allocation Rate,1282.0,1278.0,1282.0,0.015,161.38100000000003,,,,10.0,1870.0,500.0,738.0,1913.0
226,2025-08-01T14:45:45.194,Allocation Rate,1282.0,1280.0,1282.0,0.019,141.853,,,,10.0,2288.0,506.0,678.0,2333.0
227,2025-08-01T14:45:45.693,Allocation Rate,1042.0,1036.0,1042.0,0.017,113.95200000000001,,,,10.0,2394.0,408.0,466.0,2437.0
228,2025-08-01T14:45:46.193,Allocation Rate,1230.0,1206.0,1230.0,0.02,130.201,,,,10.0,2260.0,478.0,688.0,2323.0
229,2025-08-01T14:45:46.693,Allocation Rate,1052.0,1034.0,1052.0,0.011,121.413,,,,10.0,2460.0,424.0,570.0,2517.0
230,2025-08-01T14:45:47.193,Allocation Rate,1222.0,1214.0,1222.0,0.106,152.42899999999997,,,,10.0,2210.0,584.0,526.0,2255.0
231,2025-08-01T14:45:47.696,Allocation Rate,1258.0,1252.0,1258.0,0.022,159.84199999999998,,,,10.0,2094.0,645.0,546.0,2144.0
232,2025-08-01T14:45:48.194,Allocation Rate,1412.0,1406.0,1412.0,0.018,205.26700000000002,,,,10.0,2038.0,612.0,738.0,2087.0
233,2025-08-01T14:45:48.593,Allocation Rate,1688.0,1676.0,1688.0,0.018,194.47199999999998,,,,10.0,1630.0,737.0,836.0,1684.0
234,2025-08-01T14:45:49.095,Allocation Rate,994.0,988.0,994.0,0.02,110.82900000000001,,,,10.0,2580.0,419.0,484.0,2630.0
235,2025-08-01T14:45:49.494,Allocation Rate,1112.0,1104.0,1112.0,0.02,140.84799999999998,,,,10.0,1846.0,379.0,644.0,1894.0
236,2025-08-01T14:45:49.993,Allocation Rate,1106.0,1094.0,1106.0,0.021,116.556,,,,10.0,2264.0,415.0,594.0,2324.0
237,2025-08-01T14:45:50.493,Allocation Rate,1072.0,1068.0,1072.0,0.019,129.424,,,,10.0,2410.0,451.0,540.0,2454.0
238,2025-08-01T14:45:50.993,Allocation Rate,954.0,950.0,954.0,0.013,129.359,,,,10.0,2486.0,411.0,466.0,2530.0
239,2025-08-01T14:45:51.493,Allocation Rate,1326.0,1324.0,1326.0,0.021,164.089,,,,10.0,2340.0,502.0,730.0,2385.0
240,2025-08-01T14:45:51.992,Allocation Rate,1438.0,1428.0,1438.0,0.019,167.00900000000004,,,,10.0,2286.0,594.0,778.0,2333.0
241,2025-08-01T14:45:52.393,Allocation Rate,1186.0,1174.0,1186.0,0.043,167.87999999999997,,,,10.0,2086.0,418.0,700.0,2137.0
242,2025-08-01T14:45:52.894,Allocation Rate,1410.0,1392.0,1410.0,0.02,197.622,,,,10.0,2160.0,523.0,828.0,2218.0
243,2025-08-01T14:45:53.294,Allocation Rate,1304.0,1290.0,1304.0,0.028,194.808,,,,10.0,1700.0,555.0,618.0,1750.0
244,2025-08-01T14:45:53.793,Allocation Rate,1420.0,1404.0,1420.0,0.019,167.04600000000002,,,,10.0,2040.0,626.0,738.0,2095.0
245,2025-08-01T14:45:54.194,Allocation Rate,1536.0,1514.0,1536.0,0.017,190.991,,,,10.0,1802.0,735.0,738.0,1864.0
246,2025-08-01T14:45:54.593,Allocation Rate,1114.0,1104.0,1114.0,0.021,146.961,,,,10.0,1968.0,440.0,604.0,2015.0
247,2025-08-01T14:45:55.094,Allocation Rate,1000.0,994.0,1000.0,0.018,116.44700000000002,,,,10.0,2406.0,394.0,552.0,2449.0
248,2025-08-01T14:45:55.594,Allocation Rate,1424.0,1414.0,1424.0,0.024,166.13799999999998,,,,10.0,2078.0,602.0,682.0,2141.0
249,2025-08-01T14:45:55.993,Allocation Rate,1270.0,1258.0,1270.0,0.013,156.701,,,,10.0,1956.0,531.0,648.0,2020.0
250,2025-08-01T14:45:56.493,Allocation Rate,1418.0,1412.0,1418.0,0.023,220.769,,,,10.0,2360.0,522.0,740.0,2409.0
251,2025-08-01T14:45:56.893,Allocation Rate,1130.0,1124.0,1130.0,0.017,152.983,,,,10.0,1608.0,572.0,448.0,1659.0
252,2025-08-01T14:45:57.295,Allocation Rate,968.0,958.0,968.0,0.022,102.565,,,,10.0,1930.0,432.0,464.0,1977.0
253,2025-08-01T14:45:57.693,Allocation Rate,1574.0,1568.0,1574.0,0.018,160.613,,,,10.0,1724.0,673.0,782.0,1774.0
254,2025-08-01T14:45:57.994,Allocation Rate,1158.0,1152.0,1158.0,0.018,126.561,,,,10.0,1632.0,551.0,490.0,1678.0
255,2025-08-01T14:45:58.393,Allocation Rate,1362.0,1350.0,1362.0,0.031,137.44800000000004,,,,10.0,1912.0,571.0,728.0,1964.0
256,2025-08-01T14:45:58.794,Allocation Rate,1150.0,1146.0,1150.0,0.033,151.39399999999998,,,,10.0,2152.0,428.0,584.0,2199.0
257,2025-08-01T14:45:59.293,Allocation Rate,1186.0,1176.0,1186.0,0.02,122.32499999999999,,,,10.0,2308.0,497.0,606.0,2354.0
258,2025-08-01T14:45:59.795,Allocation Rate,958.0,944.0,958.0,0.025,107.296,,,,10.0,2562.0,410.0,462.0,2631.0
259,2025-08-01T14:46:00.294,Allocation Rate,1346.0,1336.0,1346.0,0.024,197.721,,,,10.0,2332.0,550.0,738.0,2385.0
260,2025-08-01T14:46:00.693,Allocation Rate,1332.0,1326.0,1332.0,0.015,138.26099999999997,,,,10.0,1768.0,588.0,612.0,1829.0
261,2025-08-01T14:46:01.094,Allocation Rate,1566.0,1556.0,1566.0,0.021,160.414,,,,10.0,1888.0,723.0,748.0,1942.0
262,2025-08-01T14:46:01.494,Allocation Rate,1126.0,1120.0,1126.0,0.02,124.336,,,,10.0,2284.0,457.0,572.0,2342.0
263,2025-08-01T14:46:01.894,Allocation Rate,1488.0,1482.0,1488.0,0.018,160.23400000000004,,,,10.0,1858.0,619.0,764.0,1924.0
264,2025-08-01T14:46:02.293,Allocation Rate,1312.0,1306.0,1312.0,0.017,143.08400000000003,,,,10.0,2138.0,532.0,686.0,2187.0
265,2025-08-01T14:46:02.693,Allocation Rate,1360.0,1350.0,1360.0,0.019,152.075,,,,10.0,2022.0,549.0,750.0,2070.0
266,2025-08-01T14:46:03.194,Allocation Rate,962.0,960.0,962.0,0.03,139.11999999999998,,,,10.0,2778.0,323.0,552.0,2822.0
267,2025-08-01T14:46:03.693,Allocation Rate,1664.0,1652.0,1664.0,0.016,181.797,,,,10.0,1968.0,743.0,866.0,2018.0
268,2025-08-01T14:46:04.093,Allocation Rate,1366.0,1360.0,1366.0,0.021,142.063,,,,10.0,2100.0,636.0,586.0,2149.0
269,2025-08-01T14:46:04.492,Allocation Rate,1112.0,1100.0,1112.0,0.028,140.53199999999998,,,,10.0,2072.0,503.0,506.0,2126.0
270,2025-08-01T14:46:04.993,Allocation Rate,1044.0,1016.0,1044.0,0.017,125.017,,,,10.0,2442.0,399.0,514.0,2488.0
271,2025-08-01T14:46:05.494,Allocation Rate,1214.0,1204.0,1214.0,0.032,171.49299999999997,,,,10.0,2354.0,419.0,712.0,2402.0
272,2025-08-01T14:46:05.994,Allocation Rate,1252.0,1244.0,1252.0,0.022,128.12,,,,10.0,2226.0,511.0,648.0,2282.0
273,2025-08-01T14:46:06.495,Allocation Rate,1086.0,1082.0,1086.0,0.021,126.66999999999999,,,,10.0,2532.0,525.0,474.0,2578.0
274,2025-08-01T14:46:06.994,Allocation Rate,1194.0,1188.0,1194.0,0.021,129.551,,,,10.0,2422.0,487.0,570.0,2468.0
275,2025-08-01T14:46:07.494,Allocation Rate,1146.0,1142.0,1146.0,0.021,133.693,,,,10.0,2414.0,397.0,668.0,2464.0
276,2025-08-01T14:46:07.993,Allocation Rate,1554.0,1540.0,1554.0,0.017,189.679,,,,10.0,2260.0,638.0,838.0,2335.0
277,2025-08-01T14:46:08.394,Allocation Rate,1434.0,1424.0,1434.0,0.019,154.254,,,,10.0,1972.0,609.0,670.0,2024.0
278,2025-08-01T14:46:08.794,Allocation Rate,1472.0,1470.0,1472.0,0.021,174.35600000000002,,,,10.0,1878.0,647.0,736.0,1922.0
279,2025-08-01T14:46:09.194,Allocation Rate,1348.0,1344.0,1348.0,0.021,197.30200000000002,,,,10.0,1860.0,551.0,672.0,1912.0
280,2025-08-01T14:46:09.593,Allocation Rate,1270.0,1268.0,1270.0,0.017,131.607,,,,10.0,1762.0,508.0,658.0,1807.0
281,2025-08-01T14:46:09.993,Allocation Rate,1458.0,1426.0,1458.0,0.021,172.37599999999998,,,,10.0,1764.0,604.0,780.0,1837.0
282,2025-08-01T14:46:10.392,Allocation Rate,1436.0,1430.0,1436.0,0.017,154.35799999999998,,,,10.0,1896.0,594.0,758.0,1945.0
283,2025-08-01T14:46:10.793,Allocation Rate,1230.0,1222.0,1230.0,0.021,153.55599999999998,,,,10.0,2094.0,449.0,662.0,2148.0
284,2025-08-01T14:46:11.293,Allocation Rate,1086.0,1078.0,1086.0,0.019,164.77799999999996,,,,10.0,2504.0,352.0,646.0,2553.0
285,2025-08-01T14:46:11.793,Allocation Rate,1304.0,1294.0,1304.0,0.021,154.512,,,,10.0,2164.0,532.0,720.0,2215.0
286,2025-08-01T14:46:12.293,Allocation Rate,1452.0,1422.0,1452.0,0.019,183.78300000000002,,,,10.0,2420.0,575.0,800.0,2492.0
287,2025-08-01T14:46:12.693,Allocation Rate,1232.0,1228.0,1232.0,0.024,150.13099999999997,,,,10.0,2006.0,464.0,650.0,2063.0
288,2025-08-01T14:46:13.094,Allocation Rate,944.0,938.0,944.0,0.016,98.66499999999999,,,,10.0,1972.0,418.0,462.0,2019.0
289,2025-08-01T14:46:13.495,Allocation Rate,1150.0,1134.0,1150.0,0.016,122.27900000000001,,,,10.0,1928.0,511.0,540.0,1974.0
290,2025-08-01T14:46:13.893,Allocation Rate,650.0,644.0,650.0,0.013,63.033,,,,10.0,2298.0,261.0,344.0,2342.0
291,2025-08-01T14:46:14.295,Allocation Rate,1220.0,1206.0,1220.0,0.015,133.00700000000003,,,,10.0,1928.0,510.0,614.0,1973.0
292,2025-08-01T14:46:14.693,Allocation Rate,776.0,770.0,776.0,0.074,84.08200000000001,,,,10.0,2170.0,327.0,404.0,2214.0
293,2025-08-01T14:46:15.193,Allocation Rate,1318.0,1306.0,1318.0,0.013,111.94500000000001,,,,10.0,2126.0,605.0,662.0,2176.0
294,2025-08-01T14:46:15.593,Allocation Rate,976.0,966.0,976.0,0.015,124.15600000000002,,,,10.0,2266.0,352.0,538.0,2315.0
295,2025-08-01T14:46:16.093,Allocation Rate,1110.0,1104.0,1110.0,0.021,121.767,,,,10.0,2158.0,523.0,542.0,2202.0
296,2025-08-01T14:46:16.593,Allocation Rate,1298.0,1292.0,1298.0,0.076,119.836,,,,10.0,2354.0,623.0,554.0,2412.0
297,2025-08-01T14:46:17.093,Allocation Rate,880.0,858.0,880.0,0.017,90.80300000000001,,,,10.0,2826.0,396.0,408.0,2887.0
298,2025-08-01T14:46:17.593,Allocation Rate,1390.0,1380.0,1390.0,0.019,163.451,,,,10.0,2136.0,602.0,724.0,2185.0
299,2025-08-01T14:46:17.993,Allocation Rate,1538.0,1532.0,1538.0,0.017,171.48999999999998,,,,10.0,1840.0,660.0,782.0,1893.0
300,2025-08-01T14:46:18.393,Allocation Rate,1586.0,1572.0,1586.0,0.019,186.98200000000003,,,,10.0,1902.0,701.0,830.0,1956.0
301,2025-08-01T14:46:18.794,Allocation Rate,1826.0,1822.0,1826.0,0.019,207.639,,,,10.0,1752.0,872.0,842.0,1803.0
302,2025-08-01T14:46:19.094,Allocation Rate,1028.0,1014.0,1028.0,0.015,112.26,,,,10.0,1828.0,434.0,538.0,1879.0
303,2025-08-01T14:46:19.494,Allocation Rate,984.0,968.0,984.0,0.027,140.78599999999997,,,,10.0,1832.0,340.0,452.0,1881.0
304,2025-08-01T14:46:19.995,Allocation Rate,1576.0,1566.0,1576.0,0.017,201.62700000000004,,,,10.0,1834.0,695.0,830.0,1884.0
305,2025-08-01T14:46:20.294,Allocation Rate,492.0,486.0,492.0,0.056,54.68399999999999,,,,10.0,1834.0,229.0,200.0,1880.0
306,2025-08-01T14:46:20.694,Allocation Rate,934.0,924.0,934.0,0.016,91.75399999999999,,,,10.0,1834.0,406.0,472.0,1883.0
307,2025-08-01T14:46:21.093,Allocation Rate,1346.0,1338.0,1346.0,0.019,130.865,,,,10.0,1832.0,604.0,640.0,1883.0
308,2025-08-01T14:46:21.493,Allocation Rate,1268.0,1262.0,1268.0,0.046,122.711,,,,10.0,2110.0,539.0,646.0,2158.0
309,2025-08-01T14:46:21.893,Allocation Rate,1656.0,1640.0,1656.0,0.064,176.65200000000004,,,,10.0,1940.0,734.0,844.0,2001.0
310,2025-08-01T14:46:22.193,Allocation Rate,1684.0,1676.0,1684.0,0.032,189.39599999999996,,,,10.0,1444.0,765.0,808.0,1496.0
311,2025-08-01T14:46:22.494,Allocation Rate,816.0,812.0,816.0,0.024,93.255,,,,10.0,1836.0,329.0,406.0,1882.0
312,2025-08-01T14:46:22.893,Allocation Rate,1260.0,1252.0,1260.0,0.02,135.401,,,,10.0,1832.0,530.0,644.0,1883.0
313,2025-08-01T14:46:23.294,Allocation Rate,1554.0,1546.0,1554.0,0.017,213.42899999999997,,,,10.0,2022.0,550.0,858.0,2083.0
314,2025-08-01T14:46:23.593,Allocation Rate,766.0,762.0,766.0,0.016,75.989,,,,10.0,1638.0,330.0,370.0,1683.0
315,2025-08-01T14:46:23.994,Allocation Rate,1372.0,1366.0,1372.0,0.015,178.212,,,,10.0,1832.0,513.0,778.0,1882.0
316,2025-08-01T14:46:24.293,Allocation Rate,500.0,496.0,500.0,0.02,57.87800000000001,,,,10.0,1710.0,147.0,270.0,1754.0
317,2025-08-01T14:46:24.693,Allocation Rate,838.0,830.0,838.0,0.017,92.63799999999998,,,,10.0,1966.0,330.0,430.0,2011.0
318,2025-08-01T14:46:25.194,Allocation Rate,1552.0,1538.0,1552.0,0.016,156.939,,,,10.0,2136.0,692.0,754.0,2189.0
319,2025-08-01T14:46:25.494,Allocation Rate,1470.0,1458.0,1470.0,0.015,156.58299999999997,,,,10.0,1608.0,608.0,760.0,1667.0
320,2025-08-01T14:46:25.893,Allocation Rate,1402.0,1394.0,1402.0,0.021,151.721,,,,10.0,2020.0,596.0,748.0,2071.0
321,2025-08-01T14:46:26.294,Allocation Rate,1852.0,1834.0,1852.0,0.02,216.81900000000002,,,,10.0,1840.0,765.0,984.0,1900.0
322,2025-08-01T14:46:26.593,Allocation Rate,1402.0,1384.0,1402.0,0.02,157.79399999999998,,,,10.0,1544.0,605.0,680.0,1596.0
323,2025-08-01T14:46:26.994,Allocation Rate,1442.0,1428.0,1442.0,0.015,145.73800000000003,,,,10.0,1876.0,648.0,674.0,1931.0
324,2025-08-01T14:46:27.393,Allocation Rate,1656.0,1650.0,1656.0,0.013,209.89899999999997,,,,10.0,1854.0,800.0,750.0,1915.0
325,2025-08-01T14:46:27.694,Allocation Rate,880.0,872.0,880.0,0.013,85.92599999999999,,,,10.0,1740.0,384.0,370.0,1793.0
326,2025-08-01T14:46:28.094,Allocation Rate,1026.0,1018.0,1026.0,0.14,127.416,,,,10.0,1846.0,500.0,478.0,1893.0
327,2025-08-01T14:46:28.494,Allocation Rate,1162.0,1158.0,1162.0,0.02,150.221,,,,10.0,1836.0,511.0,560.0,1882.0
328,2025-08-01T14:46:28.893,Allocation Rate,1306.0,1298.0,1306.0,0.019,153.714,,,,10.0,1834.0,581.0,604.0,1884.0
329,2025-08-01T14:46:29.296,Allocation Rate,980.0,970.0,980.0,0.022,121.54599999999999,,,,10.0,2126.0,401.0,496.0,2176.0
330,2025-08-01T14:46:29.793,Allocation Rate,1392.0,1386.0,1392.0,0.019,223.12199999999999,,,,10.0,2254.0,538.0,772.0,2303.0
331,2025-08-01T14:46:30.093,Allocation Rate,1228.0,1224.0,1228.0,0.014,139.553,,,,10.0,1122.0,602.0,510.0,1169.0
332,2025-08-01T14:46:30.493,Allocation Rate,1476.0,1462.0,1476.0,0.017,185.57399999999998,,,,10.0,1848.0,644.0,776.0,1903.0
333,2025-08-01T14:46:30.894,Allocation Rate,1486.0,1472.0,1486.0,0.019,218.36400000000003,,,,10.0,1916.0,546.0,886.0,1969.0
334,2025-08-01T14:46:31.294,Allocation Rate,1258.0,1256.0,1258.0,0.083,161.1,,,,10.0,1736.0,479.0,658.0,1784.0
335,2025-08-01T14:46:31.693,Allocation Rate,1098.0,1094.0,1098.0,0.021,176.95100000000002,,,,10.0,1834.0,433.0,564.0,1884.0
336,2025-08-01T14:46:32.193,Allocation Rate,1124.0,1118.0,1124.0,0.023,122.297,,,,10.0,2160.0,418.0,606.0,2211.0
337,2025-08-01T14:46:32.692,Allocation Rate,1704.0,1686.0,1704.0,0.013,190.899,,,,10.0,2120.0,738.0,902.0,2179.0
338,2025-08-01T14:46:32.993,Allocation Rate,1414.0,1406.0,1414.0,0.014,145.71799999999996,,,,10.0,1506.0,620.0,704.0,1559.0
339,2025-08-01T14:46:33.393,Allocation Rate,1594.0,1588.0,1594.0,0.025,189.72199999999998,,,,10.0,1964.0,654.0,786.0,2017.0
340,2025-08-01T14:46:33.793,Allocation Rate,1488.0,1480.0,1488.0,0.018,165.37799999999996,,,,10.0,1862.0,610.0,790.0,1911.0
341,2025-08-01T14:46:34.193,Allocation Rate,1488.0,1480.0,1488.0,0.018,157.795,,,,10.0,1834.0,700.0,738.0,1883.0
342,2025-08-01T14:46:34.593,Allocation Rate,1788.0,1776.0,1788.0,0.019,241.36399999999998,,,,10.0,1880.0,669.0,1004.0,1936.0
343,2025-08-01T14:46:34.892,Allocation Rate,1072.0,1062.0,1072.0,0.014,122.16999999999999,,,,10.0,1470.0,463.0,558.0,1520.0
344,2025-08-01T14:46:35.194,Allocation Rate,756.0,748.0,756.0,0.019,89.541,,,,10.0,1600.0,281.0,374.0,1648.0
345,2025-08-01T14:46:35.693,Allocation Rate,1286.0,1280.0,1286.0,0.016,155.327,,,,10.0,2220.0,591.0,570.0,2272.0
346,2025-08-01T14:46:36.093,Allocation Rate,1676.0,1662.0,1676.0,0.016,175.934,,,,10.0,1724.0,770.0,834.0,1779.0
347,2025-08-01T14:46:36.394,Allocation Rate,1474.0,1470.0,1474.0,0.016,170.923,,,,10.0,1654.0,599.0,758.0,1710.0
348,2025-08-01T14:46:36.794,Allocation Rate,1118.0,1116.0,1118.0,0.017,128.215,,,,10.0,2164.0,444.0,594.0,2209.0
349,2025-08-01T14:46:37.194,Allocation Rate,1418.0,1412.0,1418.0,0.118,148.83300000000006,,,,10.0,1838.0,599.0,726.0,1890.0
350,2025-08-01T14:46:37.593,Allocation Rate,1640.0,1638.0,1640.0,0.02,177.70399999999998,,,,10.0,1948.0,702.0,844.0,1999.0
351,2025-08-01T14:46:37.993,Allocation Rate,1500.0,1488.0,1500.0,0.013,186.33700000000002,,,,10.0,2086.0,612.0,782.0,2157.0
352,2025-08-01T14:46:38.393,Allocation Rate,1364.0,1344.0,1364.0,0.021,146.46800000000002,,,,10.0,1934.0,589.0,662.0,1982.0
353,2025-08-01T14:46:38.793,Allocation Rate,962.0,962.0,962.0,0.02,110.285,,,,10.0,2156.0,427.0,458.0,2202.0
354,2025-08-01T14:46:39.193,Allocation Rate,818.0,814.0,818.0,0.018,97.635,,,,10.0,2032.0,370.0,370.0,2081.0
355,2025-08-01T14:46:39.693,Allocation Rate,796.0,796.0,796.0,0.014,102.19000000000001,,,,10.0,2334.0,335.0,372.0,2378.0
356,2025-08-01T14:46:40.294,Allocation Rate,1484.0,1476.0,1484.0,0.017,175.927,,,,10.0,2304.0,705.0,722.0,2360.0
357,2025-08-01T14:46:40.593,Allocation Rate,1564.0,1554.0,1564.0,0.021,169.006,,,,10.0,1378.0,772.0,728.0,1431.0
358,2025-08-01T14:46:40.996,Allocation Rate,1458.0,1452.0,1458.0,0.017,198.828,,,,10.0,1830.0,577.0,754.0,1886.0
359,2025-08-01T14:46:41.394,Allocation Rate,1378.0,1374.0,1378.0,0.03,181.796,,,,10.0,1814.0,491.0,794.0,1862.0
360,2025-08-01T14:46:41.793,Allocation Rate,1282.0,1270.0,1282.0,0.016,132.567,,,,10.0,1834.0,601.0,548.0,1886.0
361,2025-08-01T14:46:42.194,Allocation Rate,1648.0,1644.0,1648.0,0.021,194.975,,,,10.0,1832.0,697.0,850.0,1884.0
362,2025-08-01T14:46:42.493,Allocation Rate,808.0,806.0,808.0,0.017,84.14200000000001,,,,10.0,1836.0,336.0,402.0,1881.0
363,2025-08-01T14:46:42.893,Allocation Rate,1210.0,1206.0,1210.0,0.021,123.902,,,,10.0,1840.0,487.0,628.0,1888.0
364,2025-08-01T14:46:43.292,Allocation Rate,1032.0,1024.0,1032.0,0.018,104.875,,,,10.0,2092.0,412.0,516.0,2155.0
365,2025-08-01T14:46:43.793,Allocation Rate,1270.0,1266.0,1270.0,0.023,146.045,,,,10.0,2390.0,520.0,614.0,2439.0
366,2025-08-01T14:46:44.193,Allocation Rate,1508.0,1498.0,1508.0,0.014,164.023,,,,10.0,1824.0,690.0,764.0,1877.0
367,2025-08-01T14:46:44.594,Allocation Rate,1228.0,1210.0,1228.0,0.018,154.42000000000002,,,,10.0,2122.0,509.0,638.0,2196.0
368,2025-08-01T14:46:45.095,Allocation Rate,986.0,980.0,986.0,0.02,99.306,,,,10.0,2554.0,429.0,468.0,2602.0
369,2025-08-01T14:46:45.493,Allocation Rate,1036.0,1022.0,1036.0,0.02,109.964,,,,10.0,2040.0,386.0,528.0,2109.0
370,2025-08-01T14:46:45.993,Allocation Rate,1406.0,1400.0,1406.0,0.015,149.24899999999997,,,,10.0,2372.0,593.0,700.0,2424.0
371,2025-08-01T14:46:46.393,Allocation Rate,1406.0,1398.0,1406.0,0.021,146.24899999999997,,,,10.0,2008.0,589.0,738.0,2062.0
372,2025-08-01T14:46:46.793,Allocation Rate,1318.0,1300.0,1318.0,0.023,143.55599999999998,,,,10.0,2078.0,543.0,712.0,2140.0
373,2025-08-01T14:46:47.293,Allocation Rate,920.0,916.0,920.0,0.089,149.716,,,,10.0,2778.0,338.0,524.0,2823.0
374,2025-08-01T14:46:47.794,Allocation Rate,1582.0,1570.0,1582.0,0.03,193.57200000000003,,,,10.0,1936.0,622.0,860.0,1987.0
375,2025-08-01T14:46:48.095,Allocation Rate,1004.0,986.0,1004.0,0.012,105.03000000000002,,,,10.0,1620.0,411.0,496.0,1688.0
376,2025-08-01T14:46:48.493,Allocation Rate,1234.0,1222.0,1234.0,0.022,132.581,,,,10.0,1946.0,478.0,620.0,2011.0
377,2025-08-01T14:46:48.894,Allocation Rate,1436.0,1430.0,1436.0,0.017,148.751,,,,10.0,1916.0,613.0,744.0,1966.0
378,2025-08-01T14:46:49.293,Allocation Rate,1488.0,1482.0,1488.0,0.019,154.77900000000002,,,,10.0,2030.0,652.0,746.0,2083.0
379,2025-08-01T14:46:49.694,Allocation Rate,1488.0,1472.0,1488.0,0.018,150.90700000000004,,,,10.0,2058.0,652.0,744.0,2107.0
380,2025-08-01T14:46:50.093,Allocation Rate,1346.0,1342.0,1346.0,0.015,143.393,,,,10.0,2130.0,590.0,660.0,2189.0
381,2025-08-01T14:46:50.593,Allocation Rate,1378.0,1374.0,1378.0,0.02,145.284,,,,10.0,2542.0,565.0,716.0,2592.0
382,2025-08-01T14:46:51.093,Allocation Rate,1514.0,1512.0,1514.0,0.019,161.14600000000002,,,,10.0,2294.0,663.0,754.0,2344.0
383,2025-08-01T14:46:51.493,Allocation Rate,1190.0,1178.0,1190.0,0.02,136.211,,,,10.0,2144.0,478.0,658.0,2197.0
384,2025-08-01T14:46:51.993,Allocation Rate,1174.0,1150.0,1174.0,0.022,136.29300000000003,,,,10.0,2446.0,523.0,516.0,2494.0
385,2025-08-01T14:46:52.493,Allocation Rate,1134.0,1128.0,1134.0,0.019,112.012,,,,10.0,2462.0,447.0,570.0,2512.0
386,2025-08-01T14:46:52.993,Allocation Rate,950.0,942.0,950.0,0.015,104.394,,,,10.0,2612.0,406.0,456.0,2665.0
387,2025-08-01T14:46:53.492,Allocation Rate,1330.0,1310.0,1330.0,0.014,159.962,,,,10.0,2338.0,538.0,730.0,2399.0
388,2025-08-01T14:46:53.893,Allocation Rate,1452.0,1432.0,1452.0,0.018,157.28399999999996,,,,10.0,1792.0,649.0,740.0,1854.0
389,2025-08-01T14:46:54.295,Allocation Rate,1512.0,1506.0,1512.0,0.024,172.011,,,,10.0,1936.0,619.0,792.0,1996.0
390,2025-08-01T14:46:54.693,Allocation Rate,1422.0,1410.0,1422.0,0.018,173.20499999999996,,,,10.0,2020.0,539.0,796.0,2072.0
391,2025-08-01T14:46:55.093,Allocation Rate,1150.0,1142.0,1150.0,0.147,115.27999999999999,,,,10.0,1918.0,541.0,496.0,1972.0
392,2025-08-01T14:46:55.493,Allocation Rate,1458.0,1434.0,1458.0,0.016,174.72500000000002,,,,10.0,1892.0,639.0,752.0,1958.0
393,2025-08-01T14:46:55.894,Allocation Rate,976.0,968.0,976.0,0.022,108.159,,,,10.0,2068.0,438.0,444.0,2119.0
394,2025-08-01T14:46:56.294,Allocation Rate,1196.0,1188.0,1196.0,0.016,130.097,,,,10.0,1908.0,441.0,612.0,1960.0
395,2025-08-01T14:46:56.793,Allocation Rate,1352.0,1344.0,1352.0,0.016,150.934,,,,10.0,2186.0,633.0,650.0,2242.0
396,2025-08-01T14:46:57.193,Allocation Rate,1078.0,1064.0,1078.0,0.018,108.216,,,,10.0,2092.0,472.0,552.0,2145.0
397,2025-08-01T14:46:57.694,Allocation Rate,1056.0,1052.0,1056.0,0.016,109.72,,,,10.0,2556.0,433.0,508.0,2602.0
398,2025-08-01T14:46:58.193,Allocation Rate,1244.0,1228.0,1244.0,0.013,138.545,,,,10.0,2424.0,568.0,548.0,2473.0
399,2025-08-01T14:46:58.594,Allocation Rate,1300.0,1296.0,1300.0,0.021,143.89899999999997,,,,10.0,1978.0,580.0,598.0,2029.0
400,2025-08-01T14:46:59.093,Allocation Rate,1162.0,1158.0,1162.0,0.053,116.733,,,,10.0,2536.0,434.0,604.0,2581.0
401,2025-08-01T14:46:59.593,Allocation Rate,1092.0,1090.0,1092.0,0.018,154.8,,,,10.0,2546.0,416.0,536.0,2597.0
402,2025-08-01T14:47:00.093,Allocation Rate,1228.0,1224.0,1228.0,0.024,125.28300000000002,,,,10.0,2244.0,502.0,608.0,2293.0
403,2025-08-01T14:47:00.593,Allocation Rate,1182.0,1180.0,1182.0,0.017,128.908,,,,10.0,2530.0,526.0,572.0,2577.0
404,2025-08-01T14:47:01.093,Allocation Rate,974.0,970.0,974.0,0.017,110.424,,,,10.0,2646.0,432.0,424.0,2705.0
405,2025-08-01T14:47:01.593,Allocation Rate,1528.0,1524.0,1528.0,0.017,158.299,,,,10.0,2160.0,693.0,724.0,2214.0
406,2025-08-01T14:47:01.994,Allocation Rate,1452.0,1450.0,1452.0,0.021,164.354,,,,10.0,2118.0,618.0,720.0,2167.0
407,2025-08-01T14:47:02.393,Allocation Rate,1672.0,1664.0,1672.0,0.016,170.61700000000002,,,,10.0,1900.0,727.0,848.0,1954.0
408,2025-08-01T14:47:02.794,Allocation Rate,1436.0,1412.0,1436.0,0.022,170.697,,,,10.0,2178.0,581.0,744.0,2230.0
409,2025-08-01T14:47:03.192,Allocation Rate,1656.0,1650.0,1656.0,0.02,168.40300000000002,,,,10.0,1780.0,711.0,820.0,1844.0
410,2025-08-01T14:47:03.593,Allocation Rate,1106.0,1098.0,1106.0,0.014,125.197,,,,10.0,2332.0,483.0,534.0,2386.0
411,2025-08-01T14:47:03.993,Allocation Rate,726.0,722.0,726.0,0.02,91.62200000000001,,,,10.0,2252.0,258.0,382.0,2299.0
412,2025-08-01T14:47:04.493,Allocation Rate,1136.0,1130.0,1136.0,0.022,120.19600000000001,,,,10.0,2300.0,440.0,618.0,2351.0
413,2025-08-01T14:47:04.993,Allocation Rate,1312.0,1302.0,1312.0,0.015,140.19500000000002,,,,10.0,2450.0,528.0,690.0,2515.0
414,2025-08-01T14:47:05.393,Allocation Rate,1300.0,1292.0,1300.0,0.019,139.23899999999995,,,,10.0,2018.0,526.0,710.0,2071.0
415,2025-08-01T14:47:05.893,Allocation Rate,1332.0,1328.0,1332.0,0.018,143.705,,,,10.0,2546.0,574.0,644.0,2595.0
416,2025-08-01T14:47:06.393,Allocation Rate,1414.0,1400.0,1414.0,0.012,158.17100000000002,,,,10.0,2480.0,600.0,752.0,2541.0
417,2025-08-01T14:47:06.793,Allocation Rate,1440.0,1430.0,1440.0,0.018,168.527,,,,10.0,1968.0,630.0,688.0,2031.0
418,2025-08-01T14:47:07.193,Allocation Rate,1216.0,1198.0,1216.0,0.022,119.839,,,,10.0,2026.0,495.0,618.0,2096.0
419,2025-08-01T14:47:07.593,Allocation Rate,1272.0,1256.0,1272.0,0.018,138.796,,,,10.0,1896.0,542.0,672.0,1953.0
420,2025-08-01T14:47:08.093,Allocation Rate,968.0,964.0,968.0,0.014,109.907,,,,10.0,2592.0,437.0,484.0,2638.0
421,2025-08-01T14:47:08.595,Allocation Rate,1410.0,1402.0,1410.0,0.019,144.988,,,,10.0,2314.0,596.0,720.0,2365.0
422,2025-08-01T14:47:08.994,Allocation Rate,1658.0,1652.0,1658.0,0.023,170.35099999999997,,,,10.0,1860.0,719.0,786.0,1930.0
423,2025-08-01T14:47:09.393,Allocation Rate,1312.0,1296.0,1312.0,0.021,181.633,,,,10.0,2126.0,550.0,592.0,2177.0
424,2025-08-01T14:47:09.793,Allocation Rate,1390.0,1370.0,1390.0,0.02,187.50500000000002,,,,10.0,1618.0,589.0,738.0,1680.0
425,2025-08-01T14:47:10.193,Allocation Rate,1296.0,1288.0,1296.0,0.02,153.35500000000002,,,,10.0,1700.0,638.0,504.0,1755.0
426,2025-08-01T14:47:10.693,Allocation Rate,866.0,856.0,866.0,0.02,118.49600000000002,,,,10.0,2480.0,396.0,418.0,2531.0
427,2025-08-01T14:47:11.293,Allocation Rate,1208.0,1202.0,1208.0,0.02,165.40399999999997,,,,10.0,2534.0,547.0,498.0,2584.0
428,2025-08-01T14:47:11.793,Allocation Rate,1204.0,1198.0,1204.0,0.02,177.335,,,,10.0,2340.0,459.0,610.0,2390.0
429,2025-08-01T14:47:12.293,Allocation Rate,868.0,844.0,868.0,0.02,97.20100000000001,,,,10.0,2380.0,366.0,434.0,2447.0
430,2025-08-01T14:47:12.693,Allocation Rate,1374.0,1368.0,1374.0,0.018,147.661,,,,10.0,1746.0,571.0,714.0,1796.0
431,2025-08-01T14:47:13.093,Allocation Rate,836.0,832.0,836.0,0.023,95.431,,,,10.0,2192.0,347.0,402.0,2240.0
432,2025-08-01T14:47:13.593,Allocation Rate,1376.0,1374.0,1376.0,0.023,161.666,,,,10.0,2278.0,556.0,730.0,2327.0
433,2025-08-01T14:47:13.993,Allocation Rate,1284.0,1280.0,1284.0,0.022,137.79500000000002,,,,10.0,2016.0,543.0,656.0,2064.0
434,2025-08-01T14:47:14.393,Allocation Rate,1310.0,1306.0,1310.0,0.023,140.35000000000002,,,,10.0,2060.0,555.0,676.0,2112.0
435,2025-08-01T14:47:14.794,Allocation Rate,1514.0,1512.0,1514.0,0.021,172.42599999999996,,,,10.0,1962.0,599.0,830.0,2012.0
436,2025-08-01T14:47:15.194,Allocation Rate,1290.0,1284.0,1290.0,0.02,132.5,,,,10.0,2074.0,510.0,664.0,2127.0
437,2025-08-01T14:47:15.594,Allocation Rate,820.0,814.0,820.0,0.016,88.772,,,,10.0,2208.0,303.0,392.0,2268.0
438,2025-08-01T14:47:16.093,Allocation Rate,1536.0,1520.0,1536.0,0.014,158.291,,,,10.0,2182.0,690.0,740.0,2241.0
439,2025-08-01T14:47:16.495,Allocation Rate,1404.0,1384.0,1404.0,0.012,172.17600000000002,,,,10.0,2098.0,588.0,752.0,2161.0
440,2025-08-01T14:47:16.893,Allocation Rate,1590.0,1580.0,1590.0,0.018,213.64600000000004,,,,10.0,1732.0,700.0,822.0,1795.0
441,2025-08-01T14:47:17.193,Allocation Rate,976.0,972.0,976.0,0.015,98.157,,,,10.0,1616.0,391.0,468.0,1668.0
442,2025-08-01T14:47:17.594,Allocation Rate,1416.0,1406.0,1416.0,0.021,151.85200000000003,,,,10.0,1850.0,599.0,712.0,1902.0
443,2025-08-01T14:47:17.994,Allocation Rate,1236.0,1228.0,1236.0,0.017,129.646,,,,10.0,2060.0,487.0,642.0,2114.0
444,2025-08-01T14:47:18.393,Allocation Rate,1444.0,1434.0,1444.0,0.019,175.356,,,,10.0,1866.0,573.0,798.0,1924.0
445,2025-08-01T14:47:18.793,Allocation Rate,1418.0,1408.0,1418.0,0.016,163.59300000000002,,,,10.0,1934.0,622.0,740.0,1989.0
446,2025-08-01T14:47:19.193,Allocation Rate,1480.0,1472.0,1480.0,0.018,161.65200000000004,,,,10.0,1862.0,623.0,784.0,1916.0
447,2025-08-01T14:47:19.593,Allocation Rate,1468.0,1462.0,1468.0,0.019,154.109,,,,10.0,1898.0,624.0,754.0,1951.0
448,2025-08-01T14:47:20.093,Allocation Rate,1354.0,1342.0,1354.0,0.101,139.62400000000002,,,,10.0,2486.0,610.0,650.0,2547.0
449,2025-08-01T14:47:20.494,Allocation Rate,810.0,804.0,810.0,0.018,88.157,,,,10.0,2364.0,295.0,406.0,2420.0
450,2025-08-01T14:47:20.995,Allocation Rate,1272.0,1262.0,1272.0,0.021,145.06799999999998,,,,10.0,2262.0,503.0,706.0,2316.0
451,2025-08-01T14:47:21.394,Allocation Rate,1208.0,1202.0,1208.0,0.019,127.84099999999998,,,,10.0,1966.0,474.0,638.0,2019.0
452,2025-08-01T14:47:21.893,Allocation Rate,1148.0,1144.0,1148.0,0.018,134.80099999999996,,,,10.0,2520.0,475.0,552.0,2580.0
453,2025-08-01T14:47:22.393,Allocation Rate,1048.0,1042.0,1048.0,0.013,116.89700000000002,,,,10.0,2522.0,417.0,568.0,2572.0
454,2025-08-01T14:47:22.893,Allocation Rate,1418.0,1416.0,1418.0,0.02,150.42,,,,10.0,2388.0,596.0,736.0,2439.0
455,2025-08-01T14:47:23.293,Allocation Rate,1690.0,1680.0,1690.0,0.054,207.172,,,,10.0,1898.0,711.0,874.0,1964.0
456,2025-08-01T14:47:23.593,Allocation Rate,1120.0,1114.0,1120.0,0.021,120.973,,,,10.0,1662.0,504.0,532.0,1715.0
457,2025-08-01T14:47:23.994,Allocation Rate,1362.0,1352.0,1362.0,0.022,148.036,,,,10.0,1928.0,569.0,704.0,1980.0
458,2025-08-01T14:47:24.394,Allocation Rate,1576.0,1572.0,1576.0,0.02,164.60000000000002,,,,10.0,1874.0,676.0,788.0,1927.0
459,2025-08-01T14:47:24.793,Allocation Rate,1136.0,1128.0,1136.0,0.02,127.704,,,,10.0,2260.0,466.0,606.0,2311.0
460,2025-08-01T14:47:25.294,Allocation Rate,1116.0,1104.0,1116.0,0.019,139.256,,,,10.0,2564.0,447.0,584.0,2610.0
461,2025-08-01T14:47:25.794,Allocation Rate,886.0,882.0,886.0,0.018,130.178,,,,10.0,2478.0,443.0,378.0,2528.0
462,2025-08-01T14:47:26.295,Allocation Rate,1244.0,1238.0,1244.0,0.02,138.301,,,,10.0,2210.0,534.0,566.0,2261.0
463,2025-08-01T14:47:26.793,Allocation Rate,1256.0,1248.0,1256.0,0.019,173.43900000000002,,,,10.0,2366.0,454.0,744.0,2415.0
464,2025-08-01T14:47:27.293,Allocation Rate,1126.0,1122.0,1126.0,0.014,120.517,,,,10.0,2424.0,453.0,600.0,2476.0
465,2025-08-01T14:47:27.695,Allocation Rate,1552.0,1538.0,1552.0,0.015,165.006,,,,10.0,1866.0,645.0,798.0,1932.0
466,2025-08-01T14:47:27.993,Allocation Rate,1738.0,1722.0,1738.0,0.02,182.38599999999997,,,,10.0,1408.0,751.0,888.0,1472.0
467,2025-08-01T14:47:28.293,Allocation Rate,1544.0,1532.0,1544.0,0.019,182.23999999999995,,,,10.0,1702.0,621.0,834.0,1756.0
468,2025-08-01T14:47:28.694,Allocation Rate,1298.0,1294.0,1298.0,0.017,135.49800000000002,,,,10.0,2076.0,535.0,674.0,2128.0
469,2025-08-01T14:47:29.094,Allocation Rate,940.0,936.0,940.0,0.014,100.712,,,,10.0,2232.0,352.0,482.0,2281.0
470,2025-08-01T14:47:29.593,Allocation Rate,1528.0,1518.0,1528.0,0.067,161.95300000000003,,,,10.0,2224.0,648.0,816.0,2281.0
471,2025-08-01T14:47:29.993,Allocation Rate,1402.0,1386.0,1402.0,0.03,168.487,,,,10.0,1958.0,599.0,738.0,2022.0
472,2025-08-01T14:47:30.394,Allocation Rate,786.0,782.0,786.0,0.023,109.40599999999999,,,,10.0,2224.0,274.0,420.0,2277.0
473,2025-08-01T14:47:30.893,Allocation Rate,1506.0,1494.0,1506.0,0.019,162.35,,,,10.0,2062.0,642.0,748.0,2117.0
474,2025-08-01T14:47:31.294,Allocation Rate,1768.0,1750.0,1768.0,0.017,182.948,,,,10.0,1856.0,767.0,926.0,1918.0
475,2025-08-01T14:47:31.593,Allocation Rate,1062.0,1058.0,1062.0,0.018,117.631,,,,10.0,1804.0,447.0,552.0,1856.0
476,2025-08-01T14:47:31.993,Allocation Rate,1252.0,1250.0,1252.0,0.013,149.66400000000002,,,,10.0,1834.0,539.0,644.0,1886.0
477,2025-08-01T14:47:32.393,Allocation Rate,1608.0,1598.0,1608.0,0.012,175.23900000000003,,,,10.0,1832.0,713.0,838.0,1888.0
478,2025-08-01T14:47:32.794,Allocation Rate,1502.0,1498.0,1502.0,0.017,158.073,,,,10.0,2024.0,643.0,772.0,2080.0
479,2025-08-01T14:47:33.195,Allocation Rate,1402.0,1392.0,1402.0,0.018,143.53500000000003,,,,10.0,2032.0,608.0,738.0,2087.0
480,2025-08-01T14:47:33.593,Allocation Rate,1306.0,1294.0,1306.0,0.018,150.008,,,,10.0,2018.0,550.0,696.0,2077.0
481,2025-08-01T14:47:34.093,Allocation Rate,984.0,970.0,984.0,0.041,109.05000000000001,,,,10.0,2614.0,370.0,554.0,2671.0
482,2025-08-01T14:47:34.593,Allocation Rate,1306.0,1292.0,1306.0,0.022,133.659,,,,10.0,2308.0,544.0,668.0,2363.0
483,2025-08-01T14:47:35.093,Allocation Rate,1368.0,1354.0,1368.0,0.017,149.608,,,,10.0,2440.0,618.0,632.0,2505.0
484,2025-08-01T14:47:35.497,Allocation Rate,1106.0,1098.0,1106.0,0.02,135.543,,,,10.0,2090.0,518.0,536.0,2141.0
485,2025-08-01T14:47:35.994,Allocation Rate,956.0,940.0,956.0,0.022,138.46299999999997,,,,10.0,2352.0,355.0,538.0,2414.0
486,2025-08-01T14:47:36.593,Allocation Rate,1632.0,1620.0,1632.0,0.019,210.08,,,,10.0,2350.0,670.0,906.0,2405.0
487,2025-08-01T14:47:36.993,Allocation Rate,1418.0,1412.0,1418.0,0.02,156.539,,,,10.0,1762.0,732.0,578.0,1815.0
488,2025-08-01T14:47:37.393,Allocation Rate,1706.0,1692.0,1706.0,0.078,180.571,,,,10.0,1830.0,836.0,810.0,1889.0
489,2025-08-01T14:47:37.693,Allocation Rate,1048.0,1042.0,1048.0,0.018,115.169,,,,10.0,1790.0,505.0,462.0,1844.0
490,2025-08-01T14:47:38.093,Allocation Rate,1362.0,1358.0,1362.0,0.021,138.36899999999997,,,,10.0,1878.0,627.0,620.0,1932.0
491,2025-08-01T14:47:38.493,Allocation Rate,1420.0,1410.0,1420.0,0.012,130.474,,,,10.0,1836.0,624.0,738.0,1893.0
492,2025-08-01T14:47:38.893,Allocation Rate,1298.0,1288.0,1298.0,0.287,140.679,,,,10.0,2132.0,560.0,646.0,2187.0
493,2025-08-01T14:47:39.394,Allocation Rate,1176.0,1170.0,1176.0,0.022,149.183,,,,10.0,2602.0,476.0,542.0,2657.0
494,2025-08-01T14:47:39.893,Allocation Rate,1416.0,1404.0,1416.0,0.016,152.92800000000003,,,,10.0,2144.0,622.0,738.0,2199.0
495,2025-08-01T14:47:40.393,Allocation Rate,1206.0,1200.0,1206.0,0.018,129.066,,,,10.0,2552.0,489.0,618.0,2608.0
496,2025-08-01T14:47:40.894,Allocation Rate,816.0,812.0,816.0,0.077,91.645,,,,10.0,2682.0,338.0,386.0,2737.0
497,2025-08-01T14:47:41.394,Allocation Rate,1424.0,1416.0,1424.0,0.019,151.545,,,,10.0,2092.0,631.0,738.0,2146.0
498,2025-08-01T14:47:41.794,Allocation Rate,1556.0,1548.0,1556.0,0.018,199.89000000000004,,,,10.0,1832.0,686.0,778.0,1889.0
499,2025-08-01T14:47:42.093,Allocation Rate,780.0,776.0,780.0,0.049,84.677,,,,10.0,1782.0,294.0,338.0,1837.0
500,2025-08-01T14:47:42.493,Allocation Rate,884.0,874.0,884.0,0.023,95.38499999999999,,,,10.0,1880.0,369.0,450.0,1934.0
501,2025-08-01T14:47:42.993,Allocation Rate,1836.0,1832.0,1836.0,0.016,222.76500000000004,,,,10.0,2000.0,754.0,972.0,2061.0
502,2025-08-01T14:47:43.293,Allocation Rate,1128.0,1110.0,1128.0,0.019,116.33600000000001,,,,10.0,1666.0,512.0,518.0,1725.0
503,2025-08-01T14:47:43.594,Allocation Rate,656.0,652.0,656.0,0.018,75.604,,,,10.0,1730.0,266.0,290.0,1777.0
504,2025-08-01T14:47:44.093,Allocation Rate,1668.0,1660.0,1668.0,0.018,185.95300000000003,,,,10.0,1980.0,768.0,830.0,2043.0
505,2025-08-01T14:47:44.393,Allocation Rate,1104.0,1098.0,1104.0,0.024,126.697,,,,10.0,1786.0,480.0,536.0,1839.0
506,2025-08-01T14:47:44.793,Allocation Rate,1454.0,1444.0,1454.0,0.04,212.224,,,,10.0,1904.0,509.0,858.0,1960.0
507,2025-08-01T14:47:45.094,Allocation Rate,1190.0,1186.0,1190.0,0.019,119.066,,,,10.0,1334.0,491.0,608.0,1384.0
508,2025-08-01T14:47:45.493,Allocation Rate,994.0,976.0,994.0,0.023,113.064,,,,10.0,2184.0,367.0,504.0,2236.0
509,2025-08-01T14:47:45.993,Allocation Rate,1246.0,1226.0,1246.0,0.024,140.10999999999999,,,,10.0,2292.0,531.0,626.0,2358.0
510,2025-08-01T14:47:46.393,Allocation Rate,1466.0,1462.0,1466.0,0.022,168.88199999999995,,,,10.0,1960.0,599.0,766.0,2014.0
511,2025-08-01T14:47:46.793,Allocation Rate,1472.0,1462.0,1472.0,0.03,192.766,,,,10.0,1936.0,618.0,790.0,1991.0
512,2025-08-01T14:47:47.193,Allocation Rate,1266.0,1264.0,1266.0,0.021,138.00000000000003,,,,10.0,1808.0,613.0,556.0,1872.0
513,2025-08-01T14:47:47.594,Allocation Rate,1348.0,1342.0,1348.0,0.02,142.954,,,,10.0,1964.0,612.0,602.0,2017.0
514,2025-08-01T14:47:47.993,Allocation Rate,1096.0,1092.0,1096.0,0.02,128.405,,,,10.0,2030.0,542.0,444.0,2081.0
515,2025-08-01T14:47:48.492,Allocation Rate,1386.0,1372.0,1386.0,0.016,141.173,,,,10.0,2310.0,577.0,718.0,2364.0
516,2025-08-01T14:47:48.995,Allocation Rate,1126.0,1122.0,1126.0,0.014,123.556,,,,10.0,2522.0,581.0,472.0,2578.0
517,2025-08-01T14:47:49.493,Allocation Rate,1164.0,1158.0,1164.0,0.023,115.79900000000002,,,,10.0,2508.0,473.0,576.0,2560.0
518,2025-08-01T14:47:49.993,Allocation Rate,1272.0,1268.0,1272.0,0.021,134.718,,,,10.0,2412.0,571.0,576.0,2474.0
519,2025-08-01T14:47:50.494,Allocation Rate,1218.0,1212.0,1218.0,0.02,123.63800000000002,,,,10.0,2470.0,451.0,648.0,2522.0
520,2025-08-01T14:47:50.993,Allocation Rate,1350.0,1328.0,1350.0,0.02,168.95199999999997,,,,10.0,2436.0,494.0,746.0,2489.0
521,2025-08-01T14:47:51.393,Allocation Rate,1188.0,1182.0,1188.0,0.022,131.03,,,,10.0,1882.0,531.0,536.0,1934.0
522,2025-08-01T14:47:51.894,Allocation Rate,1346.0,1336.0,1346.0,0.017,133.294,,,,10.0,2194.0,583.0,706.0,2250.0
523,2025-08-01T14:47:52.293,Allocation Rate,966.0,962.0,966.0,0.019,104.414,,,,10.0,2252.0,395.0,480.0,2304.0
524,2025-08-01T14:47:52.794,Allocation Rate,1534.0,1528.0,1534.0,0.03,197.533,,,,10.0,2250.0,637.0,784.0,2308.0
525,2025-08-01T14:47:53.092,Allocation Rate,1402.0,1396.0,1402.0,0.019,142.974,,,,10.0,1360.0,623.0,664.0,1430.0
526,2025-08-01T14:47:53.493,Allocation Rate,1522.0,1518.0,1522.0,0.023,155.427,,,,10.0,1996.0,653.0,752.0,2052.0
527,2025-08-01T14:47:53.894,Allocation Rate,1346.0,1338.0,1346.0,0.024,138.343,,,,10.0,2054.0,580.0,696.0,2111.0
528,2025-08-01T14:47:54.293,Allocation Rate,1118.0,1108.0,1118.0,0.019,119.184,,,,10.0,2186.0,471.0,556.0,2246.0
529,2025-08-01T14:47:54.792,Allocation Rate,1414.0,1406.0,1414.0,0.02,150.044,,,,10.0,2400.0,579.0,746.0,2456.0
530,2025-08-01T14:47:55.194,Allocation Rate,1272.0,1264.0,1272.0,0.015,126.281,,,,10.0,2026.0,514.0,664.0,2087.0
531,2025-08-01T14:47:55.693,Allocation Rate,1616.0,1606.0,1616.0,0.019,160.19,,,,10.0,2354.0,725.0,786.0,2410.0
532,2025-08-01T14:47:56.093,Allocation Rate,1266.0,1250.0,1266.0,0.019,141.161,,,,10.0,2182.0,545.0,610.0,2232.0
533,2025-08-01T14:47:56.593,Allocation Rate,1046.0,1020.0,1046.0,0.021,112.265,,,,10.0,2568.0,446.0,472.0,2623.0
534,2025-08-01T14:47:57.093,Allocation Rate,1180.0,1172.0,1180.0,0.019,119.61899999999999,,,,10.0,2446.0,504.0,590.0,2503.0
535,2025-08-01T14:47:57.593,Allocation Rate,1170.0,1158.0,1170.0,0.016,121.036,,,,10.0,2426.0,550.0,506.0,2485.0
536,2025-08-01T14:47:58.092,Allocation Rate,1218.0,1212.0,1218.0,0.019,117.15500000000002,,,,10.0,2510.0,458.0,676.0,2565.0
537,2025-08-01T14:47:58.593,Allocation Rate,1332.0,1326.0,1332.0,0.209,141.76899999999995,,,,10.0,2350.0,623.0,564.0,2424.0
538,2025-08-01T14:47:59.093,Allocation Rate,1462.0,1450.0,1462.0,0.012,151.821,,,,10.0,2348.0,663.0,738.0,2408.0
539,2025-08-01T14:47:59.494,Allocation Rate,926.0,922.0,926.0,0.015,104.55199999999998,,,,10.0,2230.0,363.0,466.0,2282.0
540,2025-08-01T14:47:59.994,Allocation Rate,1146.0,1140.0,1146.0,0.027,118.552,,,,10.0,2386.0,442.0,610.0,2441.0
541,2025-08-01T14:48:00.493,Allocation Rate,1102.0,1092.0,1102.0,0.015,114.235,,,,10.0,2252.0,404.0,602.0,2309.0
542,2025-08-01T14:48:00.993,Allocation Rate,1004.0,998.0,1004.0,0.016,109.836,,,,10.0,2534.0,457.0,450.0,2592.0
543,2025-08-01T14:48:01.493,Allocation Rate,1084.0,1078.0,1084.0,0.019,155.541,,,,10.0,2412.0,405.0,516.0,2468.0
544,2025-08-01T14:48:01.994,Allocation Rate,1392.0,1386.0,1392.0,0.019,138.84,,,,10.0,2094.0,595.0,674.0,2158.0
545,2025-08-01T14:48:02.494,Allocation Rate,1434.0,1416.0,1434.0,0.014,150.768,,,,10.0,2342.0,627.0,738.0,2410.0
546,2025-08-01T14:48:02.894,Allocation Rate,1378.0,1362.0,1378.0,0.017,178.87999999999997,,,,10.0,1972.0,575.0,738.0,2036.0
547,2025-08-01T14:48:03.293,Allocation Rate,1508.0,1500.0,1508.0,0.02,175.313,,,,10.0,1758.0,645.0,756.0,1820.0
548,2025-08-01T14:48:03.698,Allocation Rate,1612.0,1604.0,1612.0,0.019,171.82200000000003,,,,10.0,1822.0,704.0,810.0,1881.0
549,2025-08-01T14:48:04.093,Allocation Rate,1624.0,1616.0,1624.0,0.02,160.425,,,,10.0,1918.0,748.0,780.0,1979.0
550,2025-08-01T14:48:04.494,Allocation Rate,1240.0,1236.0,1240.0,0.019,130.57,,,,10.0,2228.0,522.0,610.0,2283.0
551,2025-08-01T14:48:04.893,Allocation Rate,1422.0,1410.0,1422.0,0.018,173.27799999999996,,,,10.0,1808.0,554.0,760.0,1875.0
552,2025-08-01T14:48:05.294,Allocation Rate,1290.0,1286.0,1290.0,0.017,176.194,,,,10.0,1882.0,462.0,736.0,1935.0
553,2025-08-01T14:48:05.693,Allocation Rate,1534.0,1528.0,1534.0,0.024,181.429,,,,10.0,1752.0,590.0,848.0,1811.0
554,2025-08-01T14:48:06.093,Allocation Rate,1218.0,1214.0,1218.0,0.028,128.106,,,,10.0,2030.0,548.0,584.0,2083.0
555,2025-08-01T14:48:06.493,Allocation Rate,970.0,962.0,970.0,0.023,100.065,,,,10.0,2154.0,394.0,474.0,2213.0
556,2025-08-01T14:48:06.893,Allocation Rate,1370.0,1366.0,1370.0,0.018,137.85000000000002,,,,10.0,1836.0,614.0,632.0,1893.0
557,2025-08-01T14:48:07.293,Allocation Rate,1222.0,1216.0,1222.0,0.02,130.87899999999996,,,,10.0,2082.0,481.0,652.0,2136.0
558,2025-08-01T14:48:07.794,Allocation Rate,1740.0,1736.0,1740.0,0.014,186.917,,,,10.0,2294.0,759.0,884.0,2348.0
559,2025-08-01T14:48:08.094,Allocation Rate,1160.0,1150.0,1160.0,0.012,114.70100000000001,,,,10.0,1740.0,494.0,610.0,1795.0
560,2025-08-01T14:48:08.493,Allocation Rate,1492.0,1476.0,1492.0,0.022,154.53500000000003,,,,10.0,1926.0,636.0,756.0,1981.0
561,2025-08-01T14:48:08.893,Allocation Rate,1432.0,1416.0,1432.0,0.02,152.86399999999995,,,,10.0,2066.0,582.0,732.0,2137.0
562,2025-08-01T14:48:09.293,Allocation Rate,1628.0,1616.0,1628.0,0.017,180.886,,,,10.0,1928.0,694.0,810.0,1991.0
563,2025-08-01T14:48:09.694,Allocation Rate,1244.0,1236.0,1244.0,0.02,129.928,,,,10.0,2138.0,480.0,708.0,2193.0
564,2025-08-01T14:48:10.093,Allocation Rate,1340.0,1328.0,1340.0,0.02,132.017,,,,10.0,1844.0,588.0,676.0,1909.0
565,2025-08-01T14:48:10.495,Allocation Rate,856.0,850.0,856.0,0.019,110.286,,,,10.0,2254.0,320.0,426.0,2303.0
566,2025-08-01T14:48:10.993,Allocation Rate,1064.0,1058.0,1064.0,0.021,116.288,,,,10.0,2294.0,383.0,550.0,2354.0
567,2025-08-01T14:48:11.494,Allocation Rate,1690.0,1686.0,1690.0,0.018,185.256,,,,10.0,2132.0,752.0,848.0,2187.0
568,2025-08-01T14:48:11.793,Allocation Rate,1042.0,1034.0,1042.0,0.015,116.756,,,,10.0,1774.0,397.0,544.0,1830.0
569,2025-08-01T14:48:12.194,Allocation Rate,1068.0,1064.0,1068.0,0.021,104.292,,,,10.0,1900.0,433.0,538.0,1952.0
570,2025-08-01T14:48:12.693,Allocation Rate,1598.0,1584.0,1598.0,0.018,163.75,,,,10.0,2226.0,692.0,770.0,2293.0
571,2025-08-01T14:48:13.093,Allocation Rate,1024.0,1016.0,1024.0,0.033,118.267,,,,10.0,2158.0,502.0,426.0,2219.0
572,2025-08-01T14:48:13.594,Allocation Rate,1564.0,1554.0,1564.0,0.044,211.14400000000003,,,,10.0,2082.0,768.0,738.0,2139.0
573,2025-08-01T14:48:13.892,Allocation Rate,1414.0,1398.0,1414.0,0.022,211.905,,,,10.0,1246.0,612.0,738.0,1309.0
574,2025-08-01T14:48:14.293,Allocation Rate,1526.0,1514.0,1526.0,0.019,168.62099999999998,,,,10.0,1432.0,665.0,762.0,1492.0
575,2025-08-01T14:48:14.593,Allocation Rate,1072.0,1066.0,1072.0,0.019,136.86499999999998,,,,10.0,1656.0,492.0,442.0,1711.0
576,2025-08-01T14:48:15.095,Allocation Rate,1558.0,1544.0,1558.0,0.018,194.09200000000004,,,,10.0,2078.0,718.0,776.0,2141.0
577,2025-08-01T14:48:15.393,Allocation Rate,922.0,896.0,922.0,0.104,102.94600000000003,,,,10.0,1676.0,322.0,440.0,1727.0
578,2025-08-01T14:48:15.795,Allocation Rate,824.0,816.0,824.0,0.02,97.08699999999999,,,,10.0,1834.0,326.0,378.0,1887.0
579,2025-08-01T14:48:16.393,Allocation Rate,1810.0,1788.0,1810.0,0.018,209.508,,,,10.0,2310.0,809.0,906.0,2366.0
580,2025-08-01T14:48:16.693,Allocation Rate,1534.0,1522.0,1534.0,0.013,189.02500000000003,,,,10.0,1452.0,704.0,770.0,1511.0
581,2025-08-01T14:48:17.093,Allocation Rate,1162.0,1156.0,1162.0,0.02,119.45599999999999,,,,10.0,1836.0,409.0,658.0,1890.0
582,2025-08-01T14:48:17.493,Allocation Rate,1164.0,1156.0,1164.0,0.014,169.24399999999997,,,,10.0,1838.0,460.0,464.0,1891.0
583,2025-08-01T14:48:17.993,Allocation Rate,1198.0,1182.0,1198.0,0.018,161.29399999999998,,,,10.0,1894.0,487.0,644.0,1960.0
584,2025-08-01T14:48:18.594,Allocation Rate,1602.0,1590.0,1602.0,0.019,169.61799999999997,,,,10.0,2298.0,683.0,800.0,2368.0
585,2025-08-01T14:48:18.993,Allocation Rate,1570.0,1568.0,1570.0,0.021,186.45099999999996,,,,10.0,2028.0,644.0,814.0,2085.0
586,2025-08-01T14:48:19.394,Allocation Rate,1794.0,1788.0,1794.0,0.019,206.798,,,,10.0,1818.0,720.0,942.0,1877.0
587,2025-08-01T14:48:19.692,Allocation Rate,1500.0,1496.0,1500.0,0.021,154.11,,,,10.0,1572.0,640.0,764.0,1627.0
588,2025-08-01T14:48:19.994,Allocation Rate,1246.0,1242.0,1246.0,0.02,148.98700000000002,,,,10.0,1654.0,498.0,648.0,1709.0
589,2025-08-01T14:48:20.393,Allocation Rate,1210.0,1208.0,1210.0,0.018,132.095,,,,10.0,1960.0,546.0,558.0,2015.0
590,2025-08-01T14:48:20.793,Allocation Rate,1506.0,1502.0,1506.0,0.019,168.40800000000002,,,,10.0,1892.0,628.0,778.0,1947.0
591,2025-08-01T14:48:21.194,Allocation Rate,1598.0,1590.0,1598.0,0.023,164.21300000000002,,,,10.0,1894.0,705.0,792.0,1960.0
592,2025-08-01T14:48:21.593,Allocation Rate,1462.0,1452.0,1462.0,0.016,170.096,,,,10.0,2020.0,666.0,738.0,2077.0
593,2025-08-01T14:48:21.994,Allocation Rate,1532.0,1528.0,1532.0,0.021,158.085,,,,10.0,1836.0,660.0,782.0,1893.0
594,2025-08-01T14:48:22.394,Allocation Rate,1418.0,1412.0,1418.0,0.019,220.024,,,,10.0,1960.0,616.0,746.0,2015.0
595,2025-08-01T14:48:22.794,Allocation Rate,1564.0,1560.0,1564.0,0.016,190.585,,,,10.0,1510.0,684.0,752.0,1573.0
596,2025-08-01T14:48:23.193,Allocation Rate,1590.0,1572.0,1590.0,0.016,172.05900000000003,,,,10.0,1800.0,707.0,814.0,1868.0
597,2025-08-01T14:48:23.594,Allocation Rate,1444.0,1436.0,1444.0,0.022,167.60900000000004,,,,10.0,1970.0,648.0,738.0,2027.0
598,2025-08-01T14:48:23.994,Allocation Rate,1206.0,1160.0,1206.0,0.021,129.506,,,,10.0,1920.0,560.0,506.0,1979.0
599,2025-08-01T14:48:24.393,Allocation Rate,1426.0,1400.0,1426.0,0.025,178.616,,,,10.0,1922.0,554.0,744.0,1977.0
600,2025-08-01T14:48:24.893,Allocation Rate,1754.0,1750.0,1754.0,0.051,182.22300000000004,,,,10.0,1974.0,846.0,818.0,2029.0
601,2025-08-01T14:48:25.293,Allocation Rate,1474.0,1460.0,1474.0,0.02,160.041,,,,10.0,2118.0,648.0,680.0,2173.0
602,2025-08-01T14:48:25.694,Allocation Rate,1088.0,1076.0,1088.0,0.03,154.40200000000002,,,,10.0,2092.0,416.0,570.0,2161.0
603,2025-08-01T14:48:26.193,Allocation Rate,404.0,398.0,404.0,0.015,53.370000000000005,,,,10.0,2566.0,189.0,164.0,2616.0
604,2025-08-01T14:48:26.697,Allocation Rate,1120.0,1114.0,1120.0,0.02,131.249,,,,10.0,1898.0,453.0,568.0,1958.0
605,2025-08-01T14:48:27.193,Allocation Rate,1236.0,1224.0,1236.0,0.013,131.132,,,,10.0,2138.0,464.0,662.0,2195.0
606,2025-08-01T14:48:27.693,Allocation Rate,1436.0,1426.0,1436.0,0.018,166.02,,,,10.0,2188.0,587.0,780.0,2250.0
607,2025-08-01T14:48:28.093,Allocation Rate,1478.0,1446.0,1478.0,0.019,169.502,,,,10.0,1874.0,603.0,790.0,1958.0
608,2025-08-01T14:48:28.493,Allocation Rate,1540.0,1528.0,1540.0,0.018,170.10899999999995,,,,10.0,1840.0,649.0,786.0,1900.0
609,2025-08-01T14:48:28.894,Allocation Rate,1532.0,1516.0,1532.0,0.013,170.84,,,,10.0,1926.0,649.0,786.0,1982.0
610,2025-08-01T14:48:29.293,Allocation Rate,1502.0,1494.0,1502.0,0.03,262.63,,,,10.0,1972.0,574.0,854.0,2037.0
611,2025-08-01T14:48:29.593,Allocation Rate,1094.0,1088.0,1094.0,0.021,120.288,,,,10.0,1192.0,486.0,512.0,1249.0
612,2025-08-01T14:48:29.893,Allocation Rate,1102.0,1096.0,1102.0,0.019,128.671,,,,10.0,1506.0,468.0,552.0,1563.0
613,2025-08-01T14:48:30.293,Allocation Rate,1368.0,1362.0,1368.0,0.014,149.72100000000003,,,,10.0,1838.0,610.0,646.0,1893.0
614,2025-08-01T14:48:30.695,Allocation Rate,1136.0,1132.0,1136.0,0.021,149.647,,,,10.0,2142.0,465.0,560.0,2198.0
615,2025-08-01T14:48:31.193,Allocation Rate,1374.0,1372.0,1374.0,0.016,175.70000000000002,,,,10.0,2262.0,557.0,714.0,2314.0
616,2025-08-01T14:48:31.592,Allocation Rate,1462.0,1458.0,1462.0,0.034,205.602,,,,10.0,1838.0,522.0,798.0,1891.0
617,2025-08-01T14:48:31.994,Allocation Rate,1360.0,1346.0,1360.0,0.017,191.08400000000003,,,,10.0,1824.0,516.0,776.0,1891.0
618,2025-08-01T14:48:32.394,Allocation Rate,1398.0,1390.0,1398.0,0.019,160.91300000000004,,,,10.0,1776.0,602.0,640.0,1835.0
619,2025-08-01T14:48:32.794,Allocation Rate,1582.0,1578.0,1582.0,0.018,167.09999999999997,,,,10.0,1790.0,698.0,724.0,1853.0
620,2025-08-01T14:48:33.193,Allocation Rate,1016.0,1010.0,1016.0,0.018,109.11699999999999,,,,10.0,2178.0,441.0,518.0,2234.0
621,2025-08-01T14:48:33.694,Allocation Rate,986.0,976.0,986.0,0.018,126.53099999999999,,,,10.0,2324.0,467.0,458.0,2384.0
622,2025-08-01T14:48:34.193,Allocation Rate,990.0,968.0,990.0,0.02,96.71400000000001,,,,10.0,2200.0,376.0,450.0,2255.0
623,2025-08-01T14:48:34.793,Allocation Rate,1478.0,1456.0,1478.0,0.02,198.81500000000003,,,,10.0,2576.0,588.0,746.0,2633.0
624,2025-08-01T14:48:35.193,Allocation Rate,1698.0,1682.0,1698.0,0.018,169.104,,,,10.0,1550.0,739.0,830.0,1610.0
625,2025-08-01T14:48:35.493,Allocation Rate,1360.0,1352.0,1360.0,0.016,139.461,,,,10.0,1732.0,564.0,710.0,1789.0
626,2025-08-01T14:48:35.893,Allocation Rate,1434.0,1424.0,1434.0,0.017,176.15300000000002,,,,10.0,1760.0,634.0,738.0,1821.0
627,2025-08-01T14:48:36.295,Allocation Rate,1746.0,1734.0,1746.0,0.015,183.595,,,,10.0,1616.0,852.0,832.0,1677.0
628,2025-08-01T14:48:36.693,Allocation Rate,1738.0,1726.0,1738.0,0.023,206.57599999999996,,,,10.0,1932.0,737.0,910.0,1994.0
629,2025-08-01T14:48:37.093,Allocation Rate,1386.0,1382.0,1386.0,0.016,148.901,,,,10.0,1952.0,625.0,654.0,2012.0
630,2025-08-01T14:48:37.493,Allocation Rate,1522.0,1490.0,1522.0,0.015,180.524,,,,10.0,1810.0,683.0,682.0,1872.0
631,2025-08-01T14:48:37.893,Allocation Rate,1574.0,1566.0,1574.0,0.013,187.736,,,,10.0,1802.0,684.0,800.0,1861.0
632,2025-08-01T14:48:38.294,Allocation Rate,1624.0,1602.0,1624.0,0.017,182.789,,,,10.0,1788.0,764.0,784.0,1863.0
633,2025-08-01T14:48:38.694,Allocation Rate,1778.0,1766.0,1778.0,0.015,193.057,,,,10.0,1758.0,793.0,902.0,1820.0
634,2025-08-01T14:48:39.095,Allocation Rate,1776.0,1772.0,1776.0,0.018,222.134,,,,10.0,1910.0,710.0,968.0,1969.0
635,2025-08-01T14:48:39.493,Allocation Rate,1796.0,1790.0,1796.0,0.014,206.692,,,,10.0,1690.0,763.0,894.0,1754.0
636,2025-08-01T14:48:39.893,Allocation Rate,1452.0,1438.0,1452.0,0.018,193.65500000000003,,,,10.0,2034.0,651.0,738.0,2096.0
637,2025-08-01T14:48:40.394,Allocation Rate,1444.0,1436.0,1444.0,0.026,183.31300000000002,,,,10.0,1952.0,633.0,698.0,2014.0
638,2025-08-01T14:48:40.793,Allocation Rate,1470.0,1452.0,1470.0,0.014,157.45000000000002,,,,10.0,1780.0,663.0,738.0,1848.0
639,2025-08-01T14:48:41.192,Allocation Rate,1606.0,1600.0,1606.0,0.016,170.05100000000002,,,,10.0,1870.0,713.0,756.0,1934.0
640,2025-08-01T14:48:41.594,Allocation Rate,1532.0,1512.0,1532.0,0.019,215.26899999999998,,,,10.0,2070.0,557.0,808.0,2134.0
641,2025-08-01T14:48:41.993,Allocation Rate,1556.0,1548.0,1556.0,0.011,175.10999999999996,,,,10.0,1644.0,715.0,770.0,1714.0
642,2025-08-01T14:48:42.394,Allocation Rate,1534.0,1520.0,1534.0,0.029,159.503,,,,10.0,1938.0,686.0,784.0,2001.0
643,2025-08-01T14:48:42.796,Allocation Rate,1370.0,1356.0,1370.0,0.024,144.816,,,,10.0,2058.0,606.0,654.0,2129.0
644,2025-08-01T14:48:43.194,Allocation Rate,1746.0,1742.0,1746.0,0.021,252.675,,,,10.0,1784.0,639.0,982.0,1844.0
645,2025-08-01T14:48:43.493,Allocation Rate,1598.0,1596.0,1598.0,0.021,160.081,,,,10.0,1084.0,713.0,772.0,1140.0
646,2025-08-01T14:48:43.693,Allocation Rate,910.0,886.0,910.0,0.012,100.161,,,,10.0,1362.0,375.0,452.0,1444.0
647,2025-08-01T14:48:44.093,Allocation Rate,966.0,962.0,966.0,0.02,101.406,,,,10.0,1984.0,396.0,456.0,2043.0
648,2025-08-01T14:48:44.493,Allocation Rate,1026.0,1022.0,1026.0,0.019,99.16099999999999,,,,10.0,1976.0,378.0,554.0,2031.0
649,2025-08-01T14:48:44.994,Allocation Rate,1318.0,1314.0,1318.0,0.019,145.07800000000003,,,,10.0,2362.0,561.0,648.0,2420.0
650,2025-08-01T14:48:45.393,Allocation Rate,1420.0,1416.0,1420.0,0.015,165.51000000000002,,,,10.0,1952.0,543.0,778.0,2010.0
651,2025-08-01T14:48:45.793,Allocation Rate,1128.0,1116.0,1128.0,0.021,128.362,,,,10.0,1950.0,481.0,562.0,2010.0
652,2025-08-01T14:48:46.293,Allocation Rate,1324.0,1310.0,1324.0,0.017,135.048,,,,10.0,2364.0,521.0,706.0,2432.0
653,2025-08-01T14:48:46.793,Allocation Rate,1598.0,1588.0,1598.0,0.02,185.48800000000003,,,,10.0,2436.0,656.0,846.0,2495.0
654,2025-08-01T14:48:47.193,Allocation Rate,1592.0,1576.0,1592.0,0.021,163.38400000000001,,,,10.0,1920.0,693.0,786.0,1994.0
655,2025-08-01T14:48:47.593,Allocation Rate,1344.0,1338.0,1344.0,0.019,139.64899999999997,,,,10.0,2194.0,548.0,692.0,2251.0
656,2025-08-01T14:48:47.993,Allocation Rate,1298.0,1288.0,1298.0,0.121,177.21800000000002,,,,10.0,2030.0,459.0,734.0,2092.0
657,2025-08-01T14:48:48.393,Allocation Rate,714.0,712.0,714.0,0.018,76.301,,,,10.0,2094.0,288.0,368.0,2145.0
658,2025-08-01T14:48:48.795,Allocation Rate,1084.0,1076.0,1084.0,0.019,111.22100000000002,,,,10.0,1842.0,395.0,584.0,1898.0
659,2025-08-01T14:48:49.293,Allocation Rate,1240.0,1216.0,1240.0,0.03,188.30500000000004,,,,10.0,2322.0,470.0,640.0,2379.0
660,2025-08-01T14:48:49.693,Allocation Rate,1158.0,1148.0,1158.0,0.076,111.81599999999999,,,,10.0,1738.0,453.0,552.0,1794.0
661,2025-08-01T14:48:50.093,Allocation Rate,1272.0,1266.0,1272.0,0.03,154.81799999999998,,,,10.0,1902.0,477.0,694.0,1958.0
662,2025-08-01T14:48:50.494,Allocation Rate,1388.0,1382.0,1388.0,0.015,154.003,,,,10.0,1846.0,554.0,736.0,1903.0
663,2025-08-01T14:48:50.893,Allocation Rate,1334.0,1322.0,1334.0,0.032,168.50599999999997,,,,10.0,2092.0,475.0,722.0,2154.0
664,2025-08-01T14:48:51.293,Allocation Rate,1296.0,1290.0,1296.0,0.022,158.442,,,,10.0,1942.0,472.0,706.0,1997.0
665,2025-08-01T14:48:51.793,Allocation Rate,1378.0,1366.0,1378.0,0.017,143.24500000000003,,,,10.0,2272.0,577.0,738.0,2334.0
666,2025-08-01T14:48:52.293,Allocation Rate,1716.0,1710.0,1716.0,0.014,229.415,,,,10.0,2386.0,758.0,860.0,2447.0
667,2025-08-01T14:48:52.593,Allocation Rate,1314.0,1306.0,1314.0,0.015,131.727,,,,10.0,1472.0,543.0,674.0,1532.0
668,2025-08-01T14:48:52.893,Allocation Rate,1188.0,1184.0,1188.0,0.033,164.89799999999997,,,,10.0,1576.0,456.0,588.0,1633.0
669,2025-08-01T14:48:53.293,Allocation Rate,974.0,962.0,974.0,0.015,112.84299999999998,,,,10.0,1924.0,397.0,486.0,1984.0
670,2025-08-01T14:48:53.693,Allocation Rate,900.0,894.0,900.0,0.02,99.71999999999998,,,,10.0,2006.0,381.0,446.0,2060.0
671,2025-08-01T14:48:54.192,Allocation Rate,1964.0,1958.0,1964.0,0.015,200.58000000000004,,,,10.0,2030.0,855.0,1006.0,2096.0
672,2025-08-01T14:48:54.495,Allocation Rate,1772.0,1764.0,1772.0,0.014,175.745,,,,10.0,1626.0,750.0,906.0,1689.0
673,2025-08-01T14:48:54.793,Allocation Rate,1236.0,1232.0,1236.0,0.019,134.64399999999998,,,,10.0,1832.0,465.0,674.0,1890.0
674,2025-08-01T14:48:55.193,Allocation Rate,1470.0,1466.0,1470.0,0.023,154.73700000000002,,,,10.0,1834.0,635.0,760.0,1892.0
675,2025-08-01T14:48:55.594,Allocation Rate,1926.0,1916.0,1926.0,0.019,207.24800000000002,,,,10.0,1862.0,840.0,982.0,1929.0
676,2025-08-01T14:48:55.893,Allocation Rate,1402.0,1388.0,1402.0,0.124,149.682,,,,10.0,1794.0,562.0,724.0,1857.0
677,2025-08-01T14:48:56.293,Allocation Rate,1732.0,1726.0,1732.0,0.018,187.135,,,,10.0,1856.0,746.0,884.0,1921.0
678,2025-08-01T14:48:56.594,Allocation Rate,1204.0,1188.0,1204.0,0.019,134.20399999999998,,,,10.0,1804.0,475.0,612.0,1862.0
679,2025-08-01T14:48:56.993,Allocation Rate,1510.0,1506.0,1510.0,0.026,171.981,,,,10.0,1834.0,604.0,802.0,1893.0
680,2025-08-01T14:48:57.393,Allocation Rate,1846.0,1842.0,1846.0,0.021,198.75399999999996,,,,10.0,1830.0,756.0,958.0,1893.0
681,2025-08-01T14:48:57.693,Allocation Rate,1126.0,1126.0,1126.0,0.019,120.44,,,,10.0,1836.0,474.0,538.0,1893.0
682,2025-08-01T14:48:58.093,Allocation Rate,1488.0,1484.0,1488.0,0.018,161.303,,,,10.0,1858.0,636.0,750.0,1915.0
683,2025-08-01T14:48:58.494,Allocation Rate,1418.0,1410.0,1418.0,0.02,149.766,,,,10.0,2046.0,605.0,738.0,2108.0
684,2025-08-01T14:48:58.893,Allocation Rate,1676.0,1648.0,1676.0,0.019,194.468,,,,10.0,1930.0,734.0,860.0,2011.0
685,2025-08-01T14:48:59.293,Allocation Rate,1686.0,1654.0,1686.0,0.02,186.212,,,,10.0,1898.0,731.0,856.0,1984.0
686,2025-08-01T14:48:59.693,Allocation Rate,1414.0,1410.0,1414.0,0.02,178.576,,,,10.0,2080.0,540.0,718.0,2141.0
687,2025-08-01T14:49:00.095,Allocation Rate,1274.0,1272.0,1274.0,0.026,151.363,,,,10.0,1840.0,538.0,636.0,1897.0
688,2025-08-01T14:49:00.592,Allocation Rate,900.0,892.0,900.0,0.02,97.643,,,,10.0,2624.0,382.0,458.0,2683.0
689,2025-08-01T14:49:00.995,Allocation Rate,982.0,978.0,982.0,0.024,125.95400000000001,,,,10.0,2024.0,322.0,542.0,2083.0
690,2025-08-01T14:49:01.494,Allocation Rate,1524.0,1520.0,1524.0,0.024,156.013,,,,10.0,2072.0,661.0,736.0,2140.0
691,2025-08-01T14:49:01.894,Allocation Rate,1610.0,1596.0,1610.0,0.02,161.70199999999997,,,,10.0,1982.0,689.0,820.0,2046.0
692,2025-08-01T14:49:02.293,Allocation Rate,1630.0,1612.0,1630.0,0.017,192.31600000000003,,,,10.0,1994.0,732.0,828.0,2063.0
693,2025-08-01T14:49:02.694,Allocation Rate,1562.0,1550.0,1562.0,0.018,167.92199999999997,,,,10.0,1918.0,729.0,738.0,1986.0
694,2025-08-01T14:49:03.093,Allocation Rate,1296.0,1292.0,1296.0,0.019,135.814,,,,10.0,2114.0,567.0,628.0,2172.0
695,2025-08-01T14:49:03.493,Allocation Rate,1220.0,1200.0,1220.0,0.019,147.71700000000004,,,,10.0,2052.0,424.0,708.0,2121.0
696,2025-08-01T14:49:03.993,Allocation Rate,1296.0,1282.0,1296.0,0.021,126.69,,,,10.0,2302.0,556.0,608.0,2365.0
697,2025-08-01T14:49:04.493,Allocation Rate,1472.0,1466.0,1472.0,0.027,165.24800000000002,,,,10.0,2382.0,596.0,734.0,2447.0
698,2025-08-01T14:49:04.893,Allocation Rate,1214.0,1208.0,1214.0,0.015,133.403,,,,10.0,1956.0,617.0,486.0,2022.0
699,2025-08-01T14:49:05.293,Allocation Rate,1460.0,1456.0,1460.0,0.02,152.777,,,,10.0,1894.0,656.0,684.0,1953.0
700,2025-08-01T14:49:05.693,Allocation Rate,1902.0,1838.0,1902.0,0.023,255.38600000000002,,,,10.0,1798.0,784.0,898.0,1873.0
701,2025-08-01T14:49:05.993,Allocation Rate,1196.0,1190.0,1196.0,0.015,139.938,,,,10.0,1496.0,477.0,584.0,1556.0
702,2025-08-01T14:49:06.295,Allocation Rate,1022.0,1002.0,1022.0,0.018,151.579,,,,10.0,1450.0,415.0,536.0,1520.0
703,2025-08-01T14:49:06.797,Allocation Rate,1168.0,1154.0,1168.0,0.022,129.556,,,,10.0,2138.0,442.0,654.0,2203.0
